ПЕРИОД_ОД,ПЕРИОД_ДО,ОПШТИНА_ГРАД,ВРСТА_ПРОМЕНЕ,БРОЈ_ПРОМЕНА
21.09.2026,27.09.2026,АДА,Упис по основу пријаве пребивалишта,2
21.09.2026,27.09.2026,АДА,Промена личних података,4
21.09.2026,27.09.2026,АДА,Промена адресе пребивалишта,5
21.09.2026,27.09.2026,АДА,Брисање по основу одјаве пребивалишта,2
21.09.2026,27.09.2026,АДА,Брисање по основу смрти лица,10
21.09.2026,27.09.2026,АДА,Упис за гласање по месту боравишта у земљи,1
21.09.2026,27.09.2026,АДА,Упис за гласање по месту боравишта у иностранству,15
21.09.2026,27.09.2026,АЛЕКСАНДРОВАЦ,Упис по основу стицања пунолетства,37
21.09.2026,27.09.2026,АЛЕКСАНДРОВАЦ,Упис по основу пријаве пребивалишта,1
21.09.2026,27.09.2026,АЛЕКСАНДРОВАЦ,Промена личних података,38
21.09.2026,27.09.2026,АЛЕКСАНДРОВАЦ,Промена адресе пребивалишта,21
21.09.2026,27.09.2026,АЛЕКСАНДРОВАЦ,Брисање по основу дуплог уписа,5
21.09.2026,27.09.2026,АЛЕКСАНДРОВАЦ,Брисање по основу одјаве пребивалишта,8
21.09.2026,27.09.2026,АЛЕКСАНДРОВАЦ,Брисање по основу губитка пословне способности,1
21.09.2026,27.09.2026,АЛЕКСАНДРОВАЦ,Брисање по основу смрти лица,9
21.09.2026,27.09.2026,АЛЕКСАНДРОВАЦ,Упис за гласање по месту боравишта у земљи,5
21.09.2026,27.09.2026,АЛЕКСАНДРОВАЦ,Упис за гласање по месту боравишта у иностранству,46
21.09.2026,27.09.2026,АЛЕКСАНДРОВАЦ,Промена гласања по месту боравишта у земљи,1
21.09.2026,27.09.2026,АЛЕКСАНДРОВАЦ,Потврда о упису у бирачки списак,2
21.09.2026,27.09.2026,АЛЕКСАНДРОВАЦ,Упис по основу последњег пребивалишта,2
21.09.2026,27.09.2026,АЛЕКСИНАЦ,Упис по основу пријаве пребивалишта,2
21.09.2026,27.09.2026,АЛЕКСИНАЦ,Промена личних података,14
21.09.2026,27.09.2026,АЛЕКСИНАЦ,Промена адресе пребивалишта,48
21.09.2026,27.09.2026,АЛЕКСИНАЦ,Брисање по основу одјаве пребивалишта,7
21.09.2026,27.09.2026,АЛЕКСИНАЦ,Брисање по основу смрти лица,15
21.09.2026,27.09.2026,АЛЕКСИНАЦ,Упис за гласање по месту боравишта у земљи,6
21.09.2026,27.09.2026,АЛЕКСИНАЦ,Упис за гласање по месту боравишта у иностранству,116
21.09.2026,27.09.2026,АЛЕКСИНАЦ,Упис по основу последњег пребивалишта,1
21.09.2026,27.09.2026,АЛИБУНАР,Промена личних података,6
21.09.2026,27.09.2026,АЛИБУНАР,Промена адресе пребивалишта,7
21.09.2026,27.09.2026,АЛИБУНАР,Брисање по основу одјаве пребивалишта,5
21.09.2026,27.09.2026,АЛИБУНАР,Брисање по основу смрти лица,10
21.09.2026,27.09.2026,АЛИБУНАР,Упис за гласање по месту боравишта у иностранству,43
21.09.2026,27.09.2026,АЛИБУНАР,Потврда о изборном праву,2
21.09.2026,27.09.2026,АПАТИН,Упис по основу стицања пунолетства,15
21.09.2026,27.09.2026,АПАТИН,Упис по основу пријаве пребивалишта,21
21.09.2026,27.09.2026,АПАТИН,Упис по основу враћања пословне способности,3
21.09.2026,27.09.2026,АПАТИН,Промена личних података,17
21.09.2026,27.09.2026,АПАТИН,Промена адресе пребивалишта,10
21.09.2026,27.09.2026,АПАТИН,Брисање по основу одјаве пребивалишта,5
21.09.2026,27.09.2026,АПАТИН,Брисање по основу губитка пословне способности,13
21.09.2026,27.09.2026,АПАТИН,Брисање по основу смрти лица,10
21.09.2026,27.09.2026,АПАТИН,Упис за гласање по месту боравишта у земљи,1
21.09.2026,27.09.2026,АПАТИН,Упис за гласање по месту боравишта у иностранству,66
21.09.2026,27.09.2026,АРАНЂЕЛОВАЦ,Упис по основу стицања пунолетства,41
21.09.2026,27.09.2026,АРАНЂЕЛОВАЦ,Упис по основу пријаве пребивалишта,26
21.09.2026,27.09.2026,АРАНЂЕЛОВАЦ,Промена личних података,13
21.09.2026,27.09.2026,АРАНЂЕЛОВАЦ,Промена адресе пребивалишта,25
21.09.2026,27.09.2026,АРАНЂЕЛОВАЦ,Промена адресе боравишта интерно расељеног лица,1
21.09.2026,27.09.2026,АРАНЂЕЛОВАЦ,Брисање по основу дуплог уписа,1
21.09.2026,27.09.2026,АРАНЂЕЛОВАЦ,Брисање по основу одјаве пребивалишта,13
21.09.2026,27.09.2026,АРАНЂЕЛОВАЦ,Брисање по основу смрти лица,15
21.09.2026,27.09.2026,АРАНЂЕЛОВАЦ,Брисање боравишта интерно расељеног лица,1
21.09.2026,27.09.2026,АРАНЂЕЛОВАЦ,Упис за гласање по месту боравишта у земљи,16
21.09.2026,27.09.2026,АРАНЂЕЛОВАЦ,Упис за гласање по месту боравишта у иностранству,106
21.09.2026,27.09.2026,АРАНЂЕЛОВАЦ,Брисање гласања по месту боравишта у земљи,1
21.09.2026,27.09.2026,АРАНЂЕЛОВАЦ,Исправка техничке грешке,1
21.09.2026,27.09.2026,АРАНЂЕЛОВАЦ,Брисање по службеној дужности,1
21.09.2026,27.09.2026,АРИЉЕ,Упис по основу стицања пунолетства,15
21.09.2026,27.09.2026,АРИЉЕ,Упис по основу пријаве пребивалишта,3
21.09.2026,27.09.2026,АРИЉЕ,Промена личних података,12
21.09.2026,27.09.2026,АРИЉЕ,Промена адресе пребивалишта,32
21.09.2026,27.09.2026,АРИЉЕ,Брисање по основу одјаве пребивалишта,7
21.09.2026,27.09.2026,АРИЉЕ,Брисање по основу смрти лица,4
21.09.2026,27.09.2026,АРИЉЕ,Упис за гласање по месту боравишта у земљи,2
21.09.2026,27.09.2026,АРИЉЕ,Упис за гласање по месту боравишта у иностранству,51
21.09.2026,27.09.2026,АРИЉЕ,Брисање по службеној дужности,1
21.09.2026,27.09.2026,БАБУШНИЦА,Упис по основу пријема у држављанство,2
21.09.2026,27.09.2026,БАБУШНИЦА,Промена личних података,1
21.09.2026,27.09.2026,БАБУШНИЦА,Промена адресе пребивалишта,7
21.09.2026,27.09.2026,БАБУШНИЦА,Брисање по основу губитка пословне способности,1
21.09.2026,27.09.2026,БАБУШНИЦА,Брисање по основу смрти лица,3
21.09.2026,27.09.2026,БАБУШНИЦА,Упис за гласање по месту боравишта у иностранству,10
21.09.2026,27.09.2026,БАЈИНА БАШТА,Упис по основу стицања пунолетства,13
21.09.2026,27.09.2026,БАЈИНА БАШТА,Упис по основу пријаве пребивалишта,17
21.09.2026,27.09.2026,БАЈИНА БАШТА,Промена личних података,3
21.09.2026,27.09.2026,БАЈИНА БАШТА,Промена адресе пребивалишта,106
21.09.2026,27.09.2026,БАЈИНА БАШТА,Брисање по основу одјаве пребивалишта,7
21.09.2026,27.09.2026,БАЈИНА БАШТА,Брисање по основу смрти лица,3
21.09.2026,27.09.2026,БАЈИНА БАШТА,Упис за гласање по месту боравишта у земљи,10
21.09.2026,27.09.2026,БАЈИНА БАШТА,Упис за гласање по месту боравишта у иностранству,206
21.09.2026,27.09.2026,БАЈИНА БАШТА,Брисање по службеној дужности,4
21.09.2026,27.09.2026,БАЈИНА БАШТА,Упис по основу последњег пребивалишта,1
21.09.2026,27.09.2026,БАТОЧИНА,Промена личних података,3
21.09.2026,27.09.2026,БАТОЧИНА,Промена адресе пребивалишта,5
21.09.2026,27.09.2026,БАТОЧИНА,Брисање по основу одјаве пребивалишта,1
21.09.2026,27.09.2026,БАТОЧИНА,Брисање боравишта интерно расељеног лица,55
21.09.2026,27.09.2026,БАТОЧИНА,Упис за гласање по месту боравишта у земљи,2
21.09.2026,27.09.2026,БАТОЧИНА,Упис за гласање по месту боравишта у иностранству,42
21.09.2026,27.09.2026,БАЧ,Упис по основу пријаве пребивалишта,11
21.09.2026,27.09.2026,БАЧ,Промена личних података,3
21.09.2026,27.09.2026,БАЧ,Промена адресе пребивалишта,4
21.09.2026,27.09.2026,БАЧ,Брисање по основу одјаве пребивалишта,1
21.09.2026,27.09.2026,БАЧ,Брисање по основу смрти лица,4
21.09.2026,27.09.2026,БАЧ,Упис за гласање по месту боравишта у земљи,1
21.09.2026,27.09.2026,БАЧ,Упис за гласање по месту боравишта у иностранству,52
21.09.2026,27.09.2026,БАЧКА ПАЛАНКА,Упис по основу стицања пунолетства,17
21.09.2026,27.09.2026,БАЧКА ПАЛАНКА,Упис по основу пријаве пребивалишта,6
21.09.2026,27.09.2026,БАЧКА ПАЛАНКА,Промена личних података,16
21.09.2026,27.09.2026,БАЧКА ПАЛАНКА,Промена адресе пребивалишта,19
21.09.2026,27.09.2026,БАЧКА ПАЛАНКА,Брисање по основу одјаве пребивалишта,7
21.09.2026,27.09.2026,БАЧКА ПАЛАНКА,Брисање по основу губитка пословне способности,3
21.09.2026,27.09.2026,БАЧКА ПАЛАНКА,Брисање по основу смрти лица,13
21.09.2026,27.09.2026,БАЧКА ПАЛАНКА,Упис за гласање по месту боравишта у земљи,4
21.09.2026,27.09.2026,БАЧКА ПАЛАНКА,Упис за гласање по месту боравишта у иностранству,147
21.09.2026,27.09.2026,БАЧКА ТОПОЛА,Упис по основу пријаве пребивалишта,3
21.09.2026,27.09.2026,БАЧКА ТОПОЛА,Промена личних података,15
21.09.2026,27.09.2026,БАЧКА ТОПОЛА,Промена адресе пребивалишта,17
21.09.2026,27.09.2026,БАЧКА ТОПОЛА,Брисање по основу одјаве пребивалишта,7
21.09.2026,27.09.2026,БАЧКА ТОПОЛА,Брисање по основу губитка пословне способности,1
21.09.2026,27.09.2026,БАЧКА ТОПОЛА,Брисање по основу смрти лица,11
21.09.2026,27.09.2026,БАЧКА ТОПОЛА,Упис за гласање по месту боравишта у земљи,2
21.09.2026,27.09.2026,БАЧКА ТОПОЛА,Упис за гласање по месту боравишта у иностранству,25
21.09.2026,27.09.2026,БАЧКИ ПЕТРОВАЦ,Упис по основу стицања пунолетства,24
21.09.2026,27.09.2026,БАЧКИ ПЕТРОВАЦ,Упис по основу пријаве пребивалишта,21
21.09.2026,27.09.2026,БАЧКИ ПЕТРОВАЦ,Промена личних података,1
21.09.2026,27.09.2026,БАЧКИ ПЕТРОВАЦ,Промена адресе пребивалишта,3
21.09.2026,27.09.2026,БАЧКИ ПЕТРОВАЦ,Брисање по основу одјаве пребивалишта,1
21.09.2026,27.09.2026,БАЧКИ ПЕТРОВАЦ,Брисање по основу смрти лица,5
21.09.2026,27.09.2026,БАЧКИ ПЕТРОВАЦ,Упис за гласање по месту боравишта у земљи,1
21.09.2026,27.09.2026,БАЧКИ ПЕТРОВАЦ,Упис за гласање по месту боравишта у иностранству,39
21.09.2026,27.09.2026,БАЧКИ ПЕТРОВАЦ,Упис по основу последњег пребивалишта,1
21.09.2026,27.09.2026,БЕЛА ПАЛАНКА,Упис по основу стицања пунолетства,4
21.09.2026,27.09.2026,БЕЛА ПАЛАНКА,Упис по основу пријаве пребивалишта,2
21.09.2026,27.09.2026,БЕЛА ПАЛАНКА,Промена адресе пребивалишта,10
21.09.2026,27.09.2026,БЕЛА ПАЛАНКА,Брисање по основу одјаве пребивалишта,3
21.09.2026,27.09.2026,БЕЛА ПАЛАНКА,Брисање по основу смрти лица,2
21.09.2026,27.09.2026,БЕЛА ПАЛАНКА,Упис за гласање по месту боравишта у земљи,6
21.09.2026,27.09.2026,БЕЛА ПАЛАНКА,Упис за гласање по месту боравишта у иностранству,12
21.09.2026,27.09.2026,БЕЛА ЦРКВА,Упис по основу пријаве пребивалишта,2
21.09.2026,27.09.2026,БЕЛА ЦРКВА,Промена личних података,3
21.09.2026,27.09.2026,БЕЛА ЦРКВА,Промена адресе пребивалишта,1
21.09.2026,27.09.2026,БЕЛА ЦРКВА,Брисање по основу одјаве пребивалишта,3
21.09.2026,27.09.2026,БЕЛА ЦРКВА,Брисање по основу губитка пословне способности,1
21.09.2026,27.09.2026,БЕЛА ЦРКВА,Брисање по основу смрти лица,7
21.09.2026,27.09.2026,БЕЛА ЦРКВА,Упис за гласање по месту боравишта у земљи,4
21.09.2026,27.09.2026,БЕЛА ЦРКВА,Упис за гласање по месту боравишта у иностранству,100
21.09.2026,27.09.2026,БЕОГРАД-БАРАЈЕВО,Упис по основу стицања пунолетства,46
21.09.2026,27.09.2026,БЕОГРАД-БАРАЈЕВО,Упис по основу пријаве пребивалишта,62
21.09.2026,27.09.2026,БЕОГРАД-БАРАЈЕВО,Упис по основу пријаве боравишта интерно расељеног лица,1
21.09.2026,27.09.2026,БЕОГРАД-БАРАЈЕВО,Промена личних података,15
21.09.2026,27.09.2026,БЕОГРАД-БАРАЈЕВО,Промена адресе пребивалишта,26
21.09.2026,27.09.2026,БЕОГРАД-БАРАЈЕВО,Промена адресе боравишта интерно расељеног лица,1
21.09.2026,27.09.2026,БЕОГРАД-БАРАЈЕВО,Брисање по основу одјаве пребивалишта,24
21.09.2026,27.09.2026,БЕОГРАД-БАРАЈЕВО,Брисање по основу смрти лица,7
21.09.2026,27.09.2026,БЕОГРАД-БАРАЈЕВО,Брисање боравишта интерно расељеног лица,3
21.09.2026,27.09.2026,БЕОГРАД-БАРАЈЕВО,Упис за гласање по месту боравишта у иностранству,71
21.09.2026,27.09.2026,БЕОГРАД-БАРАЈЕВО,Упис по основу последњег пребивалишта,1
21.09.2026,27.09.2026,БЕОГРАД-ВОЖДОВАЦ,Упис по основу стицања пунолетства,58
21.09.2026,27.09.2026,БЕОГРАД-ВОЖДОВАЦ,Упис по основу пријаве пребивалишта,403
21.09.2026,27.09.2026,БЕОГРАД-ВОЖДОВАЦ,Упис по основу пријаве боравишта интерно расељеног лица,2
21.09.2026,27.09.2026,БЕОГРАД-ВОЖДОВАЦ,Промена личних података,120
21.09.2026,27.09.2026,БЕОГРАД-ВОЖДОВАЦ,Промена адресе пребивалишта,49
21.09.2026,27.09.2026,БЕОГРАД-ВОЖДОВАЦ,Брисање по основу одјаве пребивалишта,170
21.09.2026,27.09.2026,БЕОГРАД-ВОЖДОВАЦ,Брисање по основу смрти лица,37
21.09.2026,27.09.2026,БЕОГРАД-ВОЖДОВАЦ,Брисање боравишта интерно расељеног лица,3
21.09.2026,27.09.2026,БЕОГРАД-ВОЖДОВАЦ,Упис за гласање по месту боравишта у земљи,106
21.09.2026,27.09.2026,БЕОГРАД-ВОЖДОВАЦ,Упис за гласање по месту боравишта у иностранству,1141
21.09.2026,27.09.2026,БЕОГРАД-ВОЖДОВАЦ,Промена гласања по месту боравишта у земљи,1
21.09.2026,27.09.2026,БЕОГРАД-ВОЖДОВАЦ,Промена гласања по месту боравишта у иностранству,6
21.09.2026,27.09.2026,БЕОГРАД-ВОЖДОВАЦ,Исправка техничке грешке,4
21.09.2026,27.09.2026,БЕОГРАД-ВОЖДОВАЦ,Брисање по службеној дужности,55
21.09.2026,27.09.2026,БЕОГРАД-ВОЖДОВАЦ,Упис по основу последњег пребивалишта,13
21.09.2026,27.09.2026,БЕОГРАД-ВРАЧАР,Упис по основу стицања пунолетства,30
21.09.2026,27.09.2026,БЕОГРАД-ВРАЧАР,Упис по основу пријаве пребивалишта,47
21.09.2026,27.09.2026,БЕОГРАД-ВРАЧАР,Промена личних података,30
21.09.2026,27.09.2026,БЕОГРАД-ВРАЧАР,Промена адресе пребивалишта,11
21.09.2026,27.09.2026,БЕОГРАД-ВРАЧАР,Брисање по основу одјаве пребивалишта,81
21.09.2026,27.09.2026,БЕОГРАД-ВРАЧАР,Брисање по основу губитка пословне способности,1
21.09.2026,27.09.2026,БЕОГРАД-ВРАЧАР,Брисање по основу смрти лица,12
21.09.2026,27.09.2026,БЕОГРАД-ВРАЧАР,Упис за гласање по месту боравишта у земљи,66
21.09.2026,27.09.2026,БЕОГРАД-ВРАЧАР,Упис за гласање по месту боравишта у иностранству,753
21.09.2026,27.09.2026,БЕОГРАД-ВРАЧАР,Промена гласања по месту боравишта у земљи,1
21.09.2026,27.09.2026,БЕОГРАД-ВРАЧАР,Промена гласања по месту боравишта у иностранству,3
21.09.2026,27.09.2026,БЕОГРАД-ВРАЧАР,Потврда о упису у бирачки списак,4
21.09.2026,27.09.2026,БЕОГРАД-ВРАЧАР,Брисање по службеној дужности,3
21.09.2026,27.09.2026,БЕОГРАД-ВРАЧАР,Упис по основу последњег пребивалишта,9
21.09.2026,27.09.2026,БЕОГРАД-ГРОЦКА,Упис по основу стицања пунолетства,10
21.09.2026,27.09.2026,БЕОГРАД-ГРОЦКА,Упис по основу пријаве пребивалишта,30
21.09.2026,27.09.2026,БЕОГРАД-ГРОЦКА,Упис по основу враћања пословне способности,3
21.09.2026,27.09.2026,БЕОГРАД-ГРОЦКА,Упис по основу пријаве боравишта интерно расељеног лица,4
21.09.2026,27.09.2026,БЕОГРАД-ГРОЦКА,Промена личних података,26
21.09.2026,27.09.2026,БЕОГРАД-ГРОЦКА,Промена адресе пребивалишта,16
21.09.2026,27.09.2026,БЕОГРАД-ГРОЦКА,Брисање по основу одјаве пребивалишта,36
21.09.2026,27.09.2026,БЕОГРАД-ГРОЦКА,Брисање по основу губитка пословне способности,7
21.09.2026,27.09.2026,БЕОГРАД-ГРОЦКА,Брисање по основу смрти лица,28
21.09.2026,27.09.2026,БЕОГРАД-ГРОЦКА,Упис за гласање по месту боравишта у земљи,4
21.09.2026,27.09.2026,БЕОГРАД-ГРОЦКА,Упис за гласање по месту боравишта у иностранству,216
21.09.2026,27.09.2026,БЕОГРАД-ГРОЦКА,Брисање по службеној дужности,3
21.09.2026,27.09.2026,БЕОГРАД-ЗВЕЗДАРА,Упис по основу стицања пунолетства,2
21.09.2026,27.09.2026,БЕОГРАД-ЗВЕЗДАРА,Упис по основу пријаве пребивалишта,440
21.09.2026,27.09.2026,БЕОГРАД-ЗВЕЗДАРА,Упис по основу пријема у држављанство,1
21.09.2026,27.09.2026,БЕОГРАД-ЗВЕЗДАРА,Промена личних података,119
21.09.2026,27.09.2026,БЕОГРАД-ЗВЕЗДАРА,Промена адресе пребивалишта,57
21.09.2026,27.09.2026,БЕОГРАД-ЗВЕЗДАРА,Промена адресе боравишта интерно расељеног лица,1
21.09.2026,27.09.2026,БЕОГРАД-ЗВЕЗДАРА,Брисање по основу одјаве пребивалишта,196
21.09.2026,27.09.2026,БЕОГРАД-ЗВЕЗДАРА,Брисање по основу смрти лица,21
21.09.2026,27.09.2026,БЕОГРАД-ЗВЕЗДАРА,Брисање боравишта интерно расељеног лица,1
21.09.2026,27.09.2026,БЕОГРАД-ЗВЕЗДАРА,Упис за гласање по месту боравишта у земљи,120
21.09.2026,27.09.2026,БЕОГРАД-ЗВЕЗДАРА,Упис за гласање по месту боравишта у иностранству,1275
21.09.2026,27.09.2026,БЕОГРАД-ЗВЕЗДАРА,Промена гласања по месту боравишта у иностранству,2
21.09.2026,27.09.2026,БЕОГРАД-ЗВЕЗДАРА,Потврда о упису у бирачки списак,1
21.09.2026,27.09.2026,БЕОГРАД-ЗВЕЗДАРА,Потврда о изборном праву,6
21.09.2026,27.09.2026,БЕОГРАД-ЗВЕЗДАРА,Упис по основу последњег пребивалишта,4
21.09.2026,27.09.2026,БЕОГРАД-ЗЕМУН,Упис по основу стицања пунолетства,86
21.09.2026,27.09.2026,БЕОГРАД-ЗЕМУН,Упис по основу пријаве пребивалишта,409
21.09.2026,27.09.2026,БЕОГРАД-ЗЕМУН,Упис по основу пријема у држављанство,1
21.09.2026,27.09.2026,БЕОГРАД-ЗЕМУН,Промена личних података,78
21.09.2026,27.09.2026,БЕОГРАД-ЗЕМУН,Промена адресе пребивалишта,67
21.09.2026,27.09.2026,БЕОГРАД-ЗЕМУН,Брисање по основу одјаве пребивалишта,136
21.09.2026,27.09.2026,БЕОГРАД-ЗЕМУН,Брисање по основу смрти лица,41
21.09.2026,27.09.2026,БЕОГРАД-ЗЕМУН,Брисање боравишта интерно расељеног лица,5
21.09.2026,27.09.2026,БЕОГРАД-ЗЕМУН,Упис за гласање по месту боравишта у земљи,163
21.09.2026,27.09.2026,БЕОГРАД-ЗЕМУН,Упис за гласање по месту боравишта у иностранству,906
21.09.2026,27.09.2026,БЕОГРАД-ЗЕМУН,Промена гласања по месту боравишта у иностранству,4
21.09.2026,27.09.2026,БЕОГРАД-ЗЕМУН,Брисање по службеној дужности,10
21.09.2026,27.09.2026,БЕОГРАД-ЗЕМУН,Упис по основу последњег пребивалишта,13
21.09.2026,27.09.2026,БЕОГРАД-ЛАЗАРЕВАЦ,Упис по основу пријаве пребивалишта,4
21.09.2026,27.09.2026,БЕОГРАД-ЛАЗАРЕВАЦ,Упис по основу пријаве боравишта интерно расељеног лица,1
21.09.2026,27.09.2026,БЕОГРАД-ЛАЗАРЕВАЦ,Промена личних података,14
21.09.2026,27.09.2026,БЕОГРАД-ЛАЗАРЕВАЦ,Промена адресе пребивалишта,31
21.09.2026,27.09.2026,БЕОГРАД-ЛАЗАРЕВАЦ,Брисање по основу одјаве пребивалишта,14
21.09.2026,27.09.2026,БЕОГРАД-ЛАЗАРЕВАЦ,Брисање по основу смрти лица,12
21.09.2026,27.09.2026,БЕОГРАД-ЛАЗАРЕВАЦ,Упис за гласање по месту боравишта у земљи,9
21.09.2026,27.09.2026,БЕОГРАД-ЛАЗАРЕВАЦ,Упис за гласање по месту боравишта у иностранству,118
21.09.2026,27.09.2026,БЕОГРАД-ЛАЗАРЕВАЦ,Брисање по службеној дужности,6
21.09.2026,27.09.2026,БЕОГРАД-МЛАДЕНОВАЦ,Упис по основу стицања пунолетства,55
21.09.2026,27.09.2026,БЕОГРАД-МЛАДЕНОВАЦ,Упис по основу пријаве пребивалишта,8
21.09.2026,27.09.2026,БЕОГРАД-МЛАДЕНОВАЦ,Упис по основу пријаве боравишта интерно расељеног лица,1
21.09.2026,27.09.2026,БЕОГРАД-МЛАДЕНОВАЦ,Промена личних података,62
21.09.2026,27.09.2026,БЕОГРАД-МЛАДЕНОВАЦ,Промена адресе пребивалишта,21
21.09.2026,27.09.2026,БЕОГРАД-МЛАДЕНОВАЦ,Брисање по основу одјаве пребивалишта,10
21.09.2026,27.09.2026,БЕОГРАД-МЛАДЕНОВАЦ,Брисање по основу смрти лица,12
21.09.2026,27.09.2026,БЕОГРАД-МЛАДЕНОВАЦ,Упис за гласање по месту боравишта у земљи,114
21.09.2026,27.09.2026,БЕОГРАД-МЛАДЕНОВАЦ,Упис за гласање по месту боравишта у иностранству,154
21.09.2026,27.09.2026,БЕОГРАД-МЛАДЕНОВАЦ,Потврда о изборном праву,6
21.09.2026,27.09.2026,БЕОГРАД-МЛАДЕНОВАЦ,Брисање по службеној дужности,1
21.09.2026,27.09.2026,БЕОГРАД-НОВИ БЕОГРАД,Упис по основу стицања пунолетства,156
21.09.2026,27.09.2026,БЕОГРАД-НОВИ БЕОГРАД,Упис по основу пријаве пребивалишта,398
21.09.2026,27.09.2026,БЕОГРАД-НОВИ БЕОГРАД,Упис по основу пријема у држављанство,1
21.09.2026,27.09.2026,БЕОГРАД-НОВИ БЕОГРАД,Промена личних података,81
21.09.2026,27.09.2026,БЕОГРАД-НОВИ БЕОГРАД,Промена адресе пребивалишта,63
21.09.2026,27.09.2026,БЕОГРАД-НОВИ БЕОГРАД,Брисање по основу одјаве пребивалишта,210
21.09.2026,27.09.2026,БЕОГРАД-НОВИ БЕОГРАД,Брисање по основу губитка пословне способности,2
21.09.2026,27.09.2026,БЕОГРАД-НОВИ БЕОГРАД,Брисање по основу смрти лица,28
21.09.2026,27.09.2026,БЕОГРАД-НОВИ БЕОГРАД,Брисање боравишта интерно расељеног лица,3
21.09.2026,27.09.2026,БЕОГРАД-НОВИ БЕОГРАД,Упис за гласање по месту боравишта у земљи,78
21.09.2026,27.09.2026,БЕОГРАД-НОВИ БЕОГРАД,Упис за гласање по месту боравишта у иностранству,1622
21.09.2026,27.09.2026,БЕОГРАД-НОВИ БЕОГРАД,Промена гласања по месту боравишта у иностранству,7
21.09.2026,27.09.2026,БЕОГРАД-НОВИ БЕОГРАД,Исправка техничке грешке,5
21.09.2026,27.09.2026,БЕОГРАД-НОВИ БЕОГРАД,Брисање по службеној дужности,1
21.09.2026,27.09.2026,БЕОГРАД-НОВИ БЕОГРАД,Упис по основу последњег пребивалишта,32
21.09.2026,27.09.2026,БЕОГРАД-ОБРЕНОВАЦ,Упис по основу стицања пунолетства,77
21.09.2026,27.09.2026,БЕОГРАД-ОБРЕНОВАЦ,Упис по основу пријаве пребивалишта,7
21.09.2026,27.09.2026,БЕОГРАД-ОБРЕНОВАЦ,Упис по основу пријаве боравишта интерно расељеног лица,1
21.09.2026,27.09.2026,БЕОГРАД-ОБРЕНОВАЦ,Промена личних података,9
21.09.2026,27.09.2026,БЕОГРАД-ОБРЕНОВАЦ,Промена адресе пребивалишта,52
21.09.2026,27.09.2026,БЕОГРАД-ОБРЕНОВАЦ,Промена адресе боравишта интерно расељеног лица,2
21.09.2026,27.09.2026,БЕОГРАД-ОБРЕНОВАЦ,Брисање по основу одјаве пребивалишта,12
21.09.2026,27.09.2026,БЕОГРАД-ОБРЕНОВАЦ,Брисање по основу смрти лица,17
21.09.2026,27.09.2026,БЕОГРАД-ОБРЕНОВАЦ,Брисање боравишта интерно расељеног лица,22
21.09.2026,27.09.2026,БЕОГРАД-ОБРЕНОВАЦ,Упис за гласање по месту боравишта у земљи,10
21.09.2026,27.09.2026,БЕОГРАД-ОБРЕНОВАЦ,Упис за гласање по месту боравишта у иностранству,168
21.09.2026,27.09.2026,БЕОГРАД-ОБРЕНОВАЦ,Брисање по службеној дужности,11
21.09.2026,27.09.2026,БЕОГРАД-ОБРЕНОВАЦ,Упис по основу последњег пребивалишта,4
21.09.2026,27.09.2026,БЕОГРАД-ПАЛИЛУЛА,Упис по основу стицања пунолетства,226
21.09.2026,27.09.2026,БЕОГРАД-ПАЛИЛУЛА,Упис по основу пријаве пребивалишта,237
21.09.2026,27.09.2026,БЕОГРАД-ПАЛИЛУЛА,Промена личних података,136
21.09.2026,27.09.2026,БЕОГРАД-ПАЛИЛУЛА,Промена адресе пребивалишта,78
21.09.2026,27.09.2026,БЕОГРАД-ПАЛИЛУЛА,Брисање по основу одјаве пребивалишта,197
21.09.2026,27.09.2026,БЕОГРАД-ПАЛИЛУЛА,Брисање по основу губитка пословне способности,10
21.09.2026,27.09.2026,БЕОГРАД-ПАЛИЛУЛА,Брисање по основу смрти лица,41
21.09.2026,27.09.2026,БЕОГРАД-ПАЛИЛУЛА,Брисање боравишта интерно расељеног лица,1
21.09.2026,27.09.2026,БЕОГРАД-ПАЛИЛУЛА,Упис за гласање по месту боравишта у земљи,53
21.09.2026,27.09.2026,БЕОГРАД-ПАЛИЛУЛА,Упис за гласање по месту боравишта у иностранству,888
21.09.2026,27.09.2026,БЕОГРАД-ПАЛИЛУЛА,Упис по основу последњег пребивалишта,6
21.09.2026,27.09.2026,БЕОГРАД-РАКОВИЦА,Упис по основу стицања пунолетства,125
21.09.2026,27.09.2026,БЕОГРАД-РАКОВИЦА,Упис по основу пријаве пребивалишта,214
21.09.2026,27.09.2026,БЕОГРАД-РАКОВИЦА,Упис по основу пријаве боравишта интерно расељеног лица,1
21.09.2026,27.09.2026,БЕОГРАД-РАКОВИЦА,Промена личних података,57
21.09.2026,27.09.2026,БЕОГРАД-РАКОВИЦА,Промена адресе пребивалишта,26
21.09.2026,27.09.2026,БЕОГРАД-РАКОВИЦА,Брисање по основу одјаве пребивалишта,82
21.09.2026,27.09.2026,БЕОГРАД-РАКОВИЦА,Брисање по основу губитка пословне способности,20
21.09.2026,27.09.2026,БЕОГРАД-РАКОВИЦА,Брисање по основу смрти лица,20
21.09.2026,27.09.2026,БЕОГРАД-РАКОВИЦА,Брисање боравишта интерно расељеног лица,4
21.09.2026,27.09.2026,БЕОГРАД-РАКОВИЦА,Упис за гласање по месту боравишта у земљи,19
21.09.2026,27.09.2026,БЕОГРАД-РАКОВИЦА,Упис за гласање по месту боравишта у иностранству,460
21.09.2026,27.09.2026,БЕОГРАД-РАКОВИЦА,Брисање по службеној дужности,1
21.09.2026,27.09.2026,БЕОГРАД-РАКОВИЦА,Упис по основу последњег пребивалишта,2
21.09.2026,27.09.2026,БЕОГРАД-САВСКИ ВЕНАЦ,Упис по основу пријаве пребивалишта,30
21.09.2026,27.09.2026,БЕОГРАД-САВСКИ ВЕНАЦ,Упис по основу пријема у држављанство,1
21.09.2026,27.09.2026,БЕОГРАД-САВСКИ ВЕНАЦ,Промена личних података,77
21.09.2026,27.09.2026,БЕОГРАД-САВСКИ ВЕНАЦ,Промена адресе пребивалишта,5
21.09.2026,27.09.2026,БЕОГРАД-САВСКИ ВЕНАЦ,Брисање по основу одјаве пребивалишта,72
21.09.2026,27.09.2026,БЕОГРАД-САВСКИ ВЕНАЦ,Брисање по основу смрти лица,13
21.09.2026,27.09.2026,БЕОГРАД-САВСКИ ВЕНАЦ,Упис за гласање по месту боравишта у земљи,25
21.09.2026,27.09.2026,БЕОГРАД-САВСКИ ВЕНАЦ,Упис за гласање по месту боравишта у иностранству,559
21.09.2026,27.09.2026,БЕОГРАД-САВСКИ ВЕНАЦ,Упис по основу последњег пребивалишта,1
21.09.2026,27.09.2026,БЕОГРАД-СОПОТ,Упис по основу пријаве пребивалишта,15
21.09.2026,27.09.2026,БЕОГРАД-СОПОТ,Промена личних података,35
21.09.2026,27.09.2026,БЕОГРАД-СОПОТ,Промена адресе пребивалишта,11
21.09.2026,27.09.2026,БЕОГРАД-СОПОТ,Брисање по основу одјаве пребивалишта,8
21.09.2026,27.09.2026,БЕОГРАД-СОПОТ,Брисање по основу смрти лица,2
21.09.2026,27.09.2026,БЕОГРАД-СОПОТ,Упис за гласање по месту боравишта у земљи,5
21.09.2026,27.09.2026,БЕОГРАД-СОПОТ,Упис за гласање по месту боравишта у иностранству,56
21.09.2026,27.09.2026,БЕОГРАД-СТАРИ ГРАД,Упис по основу стицања пунолетства,37
21.09.2026,27.09.2026,БЕОГРАД-СТАРИ ГРАД,Упис по основу пријаве пребивалишта,37
21.09.2026,27.09.2026,БЕОГРАД-СТАРИ ГРАД,Промена личних података,29
21.09.2026,27.09.2026,БЕОГРАД-СТАРИ ГРАД,Промена адресе пребивалишта,1
21.09.2026,27.09.2026,БЕОГРАД-СТАРИ ГРАД,Брисање по основу одјаве пребивалишта,56
21.09.2026,27.09.2026,БЕОГРАД-СТАРИ ГРАД,Брисање по основу смрти лица,8
21.09.2026,27.09.2026,БЕОГРАД-СТАРИ ГРАД,Упис за гласање по месту боравишта у земљи,23
21.09.2026,27.09.2026,БЕОГРАД-СТАРИ ГРАД,Упис за гласање по месту боравишта у иностранству,792
21.09.2026,27.09.2026,БЕОГРАД-СТАРИ ГРАД,Промена гласања по месту боравишта у иностранству,3
21.09.2026,27.09.2026,БЕОГРАД-СТАРИ ГРАД,Потврда о упису у бирачки списак,4
21.09.2026,27.09.2026,БЕОГРАД-СТАРИ ГРАД,Потврда о изборном праву,9
21.09.2026,27.09.2026,БЕОГРАД-СТАРИ ГРАД,Исправка техничке грешке,1
21.09.2026,27.09.2026,БЕОГРАД-СТАРИ ГРАД,Брисање по службеној дужности,34
21.09.2026,27.09.2026,БЕОГРАД-СТАРИ ГРАД,Упис по основу последњег пребивалишта,14
21.09.2026,27.09.2026,БЕОГРАД-СУРЧИН,Упис по основу пријаве пребивалишта,67
21.09.2026,27.09.2026,БЕОГРАД-СУРЧИН,Промена личних података,29
21.09.2026,27.09.2026,БЕОГРАД-СУРЧИН,Промена адресе пребивалишта,11
21.09.2026,27.09.2026,БЕОГРАД-СУРЧИН,Брисање по основу одјаве пребивалишта,30
21.09.2026,27.09.2026,БЕОГРАД-СУРЧИН,Брисање по основу смрти лица,5
21.09.2026,27.09.2026,БЕОГРАД-СУРЧИН,Упис за гласање по месту боравишта у земљи,56
21.09.2026,27.09.2026,БЕОГРАД-СУРЧИН,Упис за гласање по месту боравишта у иностранству,162
21.09.2026,27.09.2026,БЕОГРАД-СУРЧИН,Промена гласања по месту боравишта у иностранству,2
21.09.2026,27.09.2026,БЕОГРАД-СУРЧИН,Брисање по службеној дужности,11
21.09.2026,27.09.2026,БЕОГРАД-ЧУКАРИЦА,Упис по основу стицања пунолетства,1
21.09.2026,27.09.2026,БЕОГРАД-ЧУКАРИЦА,Упис по основу пријаве пребивалишта,38
21.09.2026,27.09.2026,БЕОГРАД-ЧУКАРИЦА,Упис по основу пријема у држављанство,1
21.09.2026,27.09.2026,БЕОГРАД-ЧУКАРИЦА,Упис по основу пријаве боравишта интерно расељеног лица,1
21.09.2026,27.09.2026,БЕОГРАД-ЧУКАРИЦА,Промена личних података,55
21.09.2026,27.09.2026,БЕОГРАД-ЧУКАРИЦА,Промена адресе пребивалишта,55
21.09.2026,27.09.2026,БЕОГРАД-ЧУКАРИЦА,Брисање по основу одјаве пребивалишта,179
21.09.2026,27.09.2026,БЕОГРАД-ЧУКАРИЦА,Брисање по основу смрти лица,45
21.09.2026,27.09.2026,БЕОГРАД-ЧУКАРИЦА,Брисање боравишта интерно расељеног лица,2
21.09.2026,27.09.2026,БЕОГРАД-ЧУКАРИЦА,Упис за гласање по месту боравишта у земљи,39
21.09.2026,27.09.2026,БЕОГРАД-ЧУКАРИЦА,Упис за гласање по месту боравишта у иностранству,974
21.09.2026,27.09.2026,БЕОГРАД-ЧУКАРИЦА,Промена гласања по месту боравишта у иностранству,10
21.09.2026,27.09.2026,БЕОГРАД-ЧУКАРИЦА,Потврда о изборном праву,2
21.09.2026,27.09.2026,БЕОГРАД-ЧУКАРИЦА,Брисање по службеној дужности,32
21.09.2026,27.09.2026,БЕОГРАД-ЧУКАРИЦА,Упис по основу последњег пребивалишта,15
21.09.2026,27.09.2026,БЕОЧИН,Упис по основу стицања пунолетства,26
21.09.2026,27.09.2026,БЕОЧИН,Упис по основу пријаве пребивалишта,3
21.09.2026,27.09.2026,БЕОЧИН,Упис по основу пријема у држављанство,1
21.09.2026,27.09.2026,БЕОЧИН,Промена личних података,11
21.09.2026,27.09.2026,БЕОЧИН,Промена адресе пребивалишта,9
21.09.2026,27.09.2026,БЕОЧИН,Брисање по основу одјаве пребивалишта,3
21.09.2026,27.09.2026,БЕОЧИН,Брисање по основу смрти лица,3
21.09.2026,27.09.2026,БЕОЧИН,Упис за гласање по месту боравишта у земљи,1
21.09.2026,27.09.2026,БЕОЧИН,Упис за гласање по месту боравишта у иностранству,31
21.09.2026,27.09.2026,БЕЧЕЈ,Упис по основу пријаве пребивалишта,1
21.09.2026,27.09.2026,БЕЧЕЈ,Промена личних података,24
21.09.2026,27.09.2026,БЕЧЕЈ,Промена адресе пребивалишта,11
21.09.2026,27.09.2026,БЕЧЕЈ,Брисање по основу одјаве пребивалишта,11
21.09.2026,27.09.2026,БЕЧЕЈ,Брисање по основу смрти лица,11
21.09.2026,27.09.2026,БЕЧЕЈ,Упис за гласање по месту боравишта у земљи,1
21.09.2026,27.09.2026,БЕЧЕЈ,Упис за гласање по месту боравишта у иностранству,75
21.09.2026,27.09.2026,БЕЧЕЈ,Брисање по службеној дужности,1
21.09.2026,27.09.2026,БЛАЦЕ,Упис по основу пријаве пребивалишта,3
21.09.2026,27.09.2026,БЛАЦЕ,Промена личних података,2
21.09.2026,27.09.2026,БЛАЦЕ,Промена адресе пребивалишта,8
21.09.2026,27.09.2026,БЛАЦЕ,Брисање по основу одјаве пребивалишта,3
21.09.2026,27.09.2026,БЛАЦЕ,Брисање по основу смрти лица,5
21.09.2026,27.09.2026,БЛАЦЕ,Упис за гласање по месту боравишта у земљи,17
21.09.2026,27.09.2026,БЛАЦЕ,Упис за гласање по месту боравишта у иностранству,12
21.09.2026,27.09.2026,БЛАЦЕ,Брисање по службеној дужности,1
21.09.2026,27.09.2026,БОГАТИЋ,Упис по основу стицања пунолетства,22
21.09.2026,27.09.2026,БОГАТИЋ,Упис по основу пријаве пребивалишта,6
21.09.2026,27.09.2026,БОГАТИЋ,Промена личних података,85
21.09.2026,27.09.2026,БОГАТИЋ,Промена адресе пребивалишта,9
21.09.2026,27.09.2026,БОГАТИЋ,Брисање по основу одјаве пребивалишта,7
21.09.2026,27.09.2026,БОГАТИЋ,Брисање по основу смрти лица,4
21.09.2026,27.09.2026,БОГАТИЋ,Упис за гласање по месту боравишта у земљи,4
21.09.2026,27.09.2026,БОГАТИЋ,Упис за гласање по месту боравишта у иностранству,183
21.09.2026,27.09.2026,БОГАТИЋ,Промена гласања по месту боравишта у иностранству,1
21.09.2026,27.09.2026,БОГАТИЋ,Потврда о изборном праву,2
21.09.2026,27.09.2026,БОЈНИК,Упис по основу пријаве пребивалишта,16
21.09.2026,27.09.2026,БОЈНИК,Промена личних података,3
21.09.2026,27.09.2026,БОЈНИК,Промена адресе пребивалишта,8
21.09.2026,27.09.2026,БОЈНИК,Брисање по основу одјаве пребивалишта,6
21.09.2026,27.09.2026,БОЈНИК,Брисање по основу смрти лица,2
21.09.2026,27.09.2026,БОЈНИК,Упис за гласање по месту боравишта у земљи,4
21.09.2026,27.09.2026,БОЈНИК,Упис за гласање по месту боравишта у иностранству,10
21.09.2026,27.09.2026,БОЈНИК,Промена гласања по месту боравишта у земљи,1
21.09.2026,27.09.2026,БОЈНИК,Упис по основу последњег пребивалишта,1
21.09.2026,27.09.2026,БОЉЕВАЦ,Упис по основу пријаве пребивалишта,2
21.09.2026,27.09.2026,БОЉЕВАЦ,Промена личних података,393
21.09.2026,27.09.2026,БОЉЕВАЦ,Промена адресе пребивалишта,49
21.09.2026,27.09.2026,БОЉЕВАЦ,Брисање по основу одјаве пребивалишта,2
21.09.2026,27.09.2026,БОЉЕВАЦ,Брисање по основу смрти лица,1
21.09.2026,27.09.2026,БОЉЕВАЦ,Упис за гласање по месту боравишта у земљи,5
21.09.2026,27.09.2026,БОЉЕВАЦ,Упис за гласање по месту боравишта у иностранству,24
21.09.2026,27.09.2026,БОЉЕВАЦ,Потврда о изборном праву,1
21.09.2026,27.09.2026,БОР - ГРАД,Упис по основу стицања пунолетства,29
21.09.2026,27.09.2026,БОР - ГРАД,Упис по основу пријаве пребивалишта,8
21.09.2026,27.09.2026,БОР - ГРАД,Промена личних података,7
21.09.2026,27.09.2026,БОР - ГРАД,Промена адресе пребивалишта,23
21.09.2026,27.09.2026,БОР - ГРАД,Брисање по основу отпуста из држављанства,1
21.09.2026,27.09.2026,БОР - ГРАД,Брисање по основу одјаве пребивалишта,15
21.09.2026,27.09.2026,БОР - ГРАД,Брисање по основу смрти лица,18
21.09.2026,27.09.2026,БОР - ГРАД,Брисање боравишта интерно расељеног лица,1
21.09.2026,27.09.2026,БОР - ГРАД,Упис за гласање по месту боравишта у земљи,5
21.09.2026,27.09.2026,БОР - ГРАД,Упис за гласање по месту боравишта у иностранству,109
21.09.2026,27.09.2026,БОР - ГРАД,Брисање по службеној дужности,6
21.09.2026,27.09.2026,БОСИЛЕГРАД,Упис по основу пријаве пребивалишта,5
21.09.2026,27.09.2026,БОСИЛЕГРАД,Промена личних података,1
21.09.2026,27.09.2026,БОСИЛЕГРАД,Промена адресе пребивалишта,22
21.09.2026,27.09.2026,БОСИЛЕГРАД,Брисање по основу одјаве пребивалишта,2
21.09.2026,27.09.2026,БОСИЛЕГРАД,Брисање по основу смрти лица,5
21.09.2026,27.09.2026,БОСИЛЕГРАД,Упис за гласање по месту боравишта у иностранству,24
21.09.2026,27.09.2026,БРУС,Промена личних података,6
21.09.2026,27.09.2026,БРУС,Промена адресе пребивалишта,145
21.09.2026,27.09.2026,БРУС,Брисање по основу одјаве пребивалишта,8
21.09.2026,27.09.2026,БРУС,Брисање по основу смрти лица,4
21.09.2026,27.09.2026,БРУС,Упис за гласање по месту боравишта у земљи,3
21.09.2026,27.09.2026,БРУС,Упис за гласање по месту боравишта у иностранству,18
21.09.2026,27.09.2026,БРУС,Брисање по службеној дужности,2
21.09.2026,27.09.2026,БУЈАНОВАЦ,Упис по основу стицања пунолетства,40
21.09.2026,27.09.2026,БУЈАНОВАЦ,Упис по основу пријаве пребивалишта,30
21.09.2026,27.09.2026,БУЈАНОВАЦ,Упис по основу пријаве боравишта интерно расељеног лица,3
21.09.2026,27.09.2026,БУЈАНОВАЦ,Промена личних података,365
21.09.2026,27.09.2026,БУЈАНОВАЦ,Промена адресе пребивалишта,41
21.09.2026,27.09.2026,БУЈАНОВАЦ,Брисање по основу дуплог уписа,2
21.09.2026,27.09.2026,БУЈАНОВАЦ,Брисање по основу одјаве пребивалишта,2
21.09.2026,27.09.2026,БУЈАНОВАЦ,Брисање по основу смрти лица,8
21.09.2026,27.09.2026,БУЈАНОВАЦ,Упис за гласање по месту боравишта у иностранству,32
21.09.2026,27.09.2026,БУЈАНОВАЦ,Потврда о изборном праву,2
21.09.2026,27.09.2026,БУЈАНОВАЦ,Исправка техничке грешке,8
21.09.2026,27.09.2026,ВАЉЕВО - ГРАД,Упис по основу пријаве пребивалишта,7
21.09.2026,27.09.2026,ВАЉЕВО - ГРАД,Упис по основу пријема у држављанство,6
21.09.2026,27.09.2026,ВАЉЕВО - ГРАД,Промена личних података,17
21.09.2026,27.09.2026,ВАЉЕВО - ГРАД,Промена адресе пребивалишта,25
21.09.2026,27.09.2026,ВАЉЕВО - ГРАД,Брисање по основу одјаве пребивалишта,26
21.09.2026,27.09.2026,ВАЉЕВО - ГРАД,Брисање по основу смрти лица,17
21.09.2026,27.09.2026,ВАЉЕВО - ГРАД,Брисање боравишта интерно расељеног лица,16
21.09.2026,27.09.2026,ВАЉЕВО - ГРАД,Упис за гласање по месту боравишта у земљи,7
21.09.2026,27.09.2026,ВАЉЕВО - ГРАД,Упис за гласање по месту боравишта у иностранству,264
21.09.2026,27.09.2026,ВАЉЕВО - ГРАД,Промена гласања по месту боравишта у иностранству,1
21.09.2026,27.09.2026,ВАЉЕВО - ГРАД,Упис по основу последњег пребивалишта,1
21.09.2026,27.09.2026,ВАРВАРИН,Упис по основу пријаве пребивалишта,1
21.09.2026,27.09.2026,ВАРВАРИН,Промена личних података,35
21.09.2026,27.09.2026,ВАРВАРИН,Промена адресе пребивалишта,45
21.09.2026,27.09.2026,ВАРВАРИН,Брисање по основу губитка пословне способности,1
21.09.2026,27.09.2026,ВАРВАРИН,Брисање по основу смрти лица,11
21.09.2026,27.09.2026,ВАРВАРИН,Упис за гласање по месту боравишта у земљи,2
21.09.2026,27.09.2026,ВАРВАРИН,Упис за гласање по месту боравишта у иностранству,34
21.09.2026,27.09.2026,ВЕЛИКА ПЛАНА,Упис по основу стицања пунолетства,38
21.09.2026,27.09.2026,ВЕЛИКА ПЛАНА,Упис по основу пријаве пребивалишта,3
21.09.2026,27.09.2026,ВЕЛИКА ПЛАНА,Упис по основу пријаве боравишта интерно расељеног лица,6
21.09.2026,27.09.2026,ВЕЛИКА ПЛАНА,Промена личних података,9
21.09.2026,27.09.2026,ВЕЛИКА ПЛАНА,Промена адресе пребивалишта,14
21.09.2026,27.09.2026,ВЕЛИКА ПЛАНА,Брисање по основу одјаве пребивалишта,8
21.09.2026,27.09.2026,ВЕЛИКА ПЛАНА,Брисање по основу смрти лица,8
21.09.2026,27.09.2026,ВЕЛИКА ПЛАНА,Брисање боравишта интерно расељеног лица,172
21.09.2026,27.09.2026,ВЕЛИКА ПЛАНА,Упис за гласање по месту боравишта у земљи,5
21.09.2026,27.09.2026,ВЕЛИКА ПЛАНА,Упис за гласање по месту боравишта у иностранству,114
21.09.2026,27.09.2026,ВЕЛИКА ПЛАНА,Упис по основу последњег пребивалишта,2
21.09.2026,27.09.2026,ВЕЛИКО ГРАДИШТЕ,Упис по основу стицања пунолетства,24
21.09.2026,27.09.2026,ВЕЛИКО ГРАДИШТЕ,Упис по основу пријаве пребивалишта,16
21.09.2026,27.09.2026,ВЕЛИКО ГРАДИШТЕ,Промена личних података,7
21.09.2026,27.09.2026,ВЕЛИКО ГРАДИШТЕ,Промена адресе пребивалишта,22
21.09.2026,27.09.2026,ВЕЛИКО ГРАДИШТЕ,Брисање по основу одјаве пребивалишта,15
21.09.2026,27.09.2026,ВЕЛИКО ГРАДИШТЕ,Брисање по основу смрти лица,6
21.09.2026,27.09.2026,ВЕЛИКО ГРАДИШТЕ,Упис за гласање по месту боравишта у земљи,7
21.09.2026,27.09.2026,ВЕЛИКО ГРАДИШТЕ,Упис за гласање по месту боравишта у иностранству,175
21.09.2026,27.09.2026,ВЕЛИКО ГРАДИШТЕ,Промена гласања по месту боравишта у иностранству,1
21.09.2026,27.09.2026,ВЕЛИКО ГРАДИШТЕ,Потврда о изборном праву,2
21.09.2026,27.09.2026,ВИТИНА,Упис по основу пријаве пребивалишта,3
21.09.2026,27.09.2026,ВИТИНА,Брисање по основу одјаве пребивалишта,2
21.09.2026,27.09.2026,ВИТИНА,Брисање по основу смрти лица,1
21.09.2026,27.09.2026,ВИТИНА,Упис за гласање по месту боравишта у иностранству,5
21.09.2026,27.09.2026,ВИТИНА,Упис по основу последњег пребивалишта,3
21.09.2026,27.09.2026,ВЛАДИМИРЦИ,Упис по основу пријаве пребивалишта,3
21.09.2026,27.09.2026,ВЛАДИМИРЦИ,Промена личних података,5
21.09.2026,27.09.2026,ВЛАДИМИРЦИ,Промена адресе пребивалишта,9
21.09.2026,27.09.2026,ВЛАДИМИРЦИ,Брисање по основу смрти лица,4
21.09.2026,27.09.2026,ВЛАДИМИРЦИ,Упис за гласање по месту боравишта у земљи,4
21.09.2026,27.09.2026,ВЛАДИМИРЦИ,Упис за гласање по месту боравишта у иностранству,45
21.09.2026,27.09.2026,ВЛАДИЧИН ХАН,Упис по основу пријаве пребивалишта,3
21.09.2026,27.09.2026,ВЛАДИЧИН ХАН,Промена личних података,4
21.09.2026,27.09.2026,ВЛАДИЧИН ХАН,Промена адресе пребивалишта,30
21.09.2026,27.09.2026,ВЛАДИЧИН ХАН,Брисање по основу одјаве пребивалишта,3
21.09.2026,27.09.2026,ВЛАДИЧИН ХАН,Брисање по основу губитка пословне способности,1
21.09.2026,27.09.2026,ВЛАДИЧИН ХАН,Брисање по основу смрти лица,3
21.09.2026,27.09.2026,ВЛАДИЧИН ХАН,Брисање боравишта интерно расељеног лица,21
21.09.2026,27.09.2026,ВЛАДИЧИН ХАН,Упис за гласање по месту боравишта у земљи,2
21.09.2026,27.09.2026,ВЛАДИЧИН ХАН,Упис за гласање по месту боравишта у иностранству,31
21.09.2026,27.09.2026,ВЛАДИЧИН ХАН,Брисање по службеној дужности,1
21.09.2026,27.09.2026,ВЛАСОТИНЦЕ,Упис по основу стицања пунолетства,7
21.09.2026,27.09.2026,ВЛАСОТИНЦЕ,Упис по основу пријаве пребивалишта,4
21.09.2026,27.09.2026,ВЛАСОТИНЦЕ,Промена личних података,3
21.09.2026,27.09.2026,ВЛАСОТИНЦЕ,Промена адресе пребивалишта,38
21.09.2026,27.09.2026,ВЛАСОТИНЦЕ,Брисање по основу одјаве пребивалишта,4
21.09.2026,27.09.2026,ВЛАСОТИНЦЕ,Брисање по основу губитка пословне способности,1
21.09.2026,27.09.2026,ВЛАСОТИНЦЕ,Брисање по основу смрти лица,7
21.09.2026,27.09.2026,ВЛАСОТИНЦЕ,Брисање боравишта интерно расељеног лица,4
21.09.2026,27.09.2026,ВЛАСОТИНЦЕ,Упис за гласање по месту боравишта у земљи,4
21.09.2026,27.09.2026,ВЛАСОТИНЦЕ,Упис за гласање по месту боравишта у иностранству,33
21.09.2026,27.09.2026,ВРАЊЕ - ГРАД,Упис по основу пријаве пребивалишта,17
21.09.2026,27.09.2026,ВРАЊЕ - ГРАД,Упис по основу пријаве боравишта интерно расељеног лица,2
21.09.2026,27.09.2026,ВРАЊЕ - ГРАД,Промена личних података,18
21.09.2026,27.09.2026,ВРАЊЕ - ГРАД,Промена адресе пребивалишта,77
21.09.2026,27.09.2026,ВРАЊЕ - ГРАД,Брисање по основу одјаве пребивалишта,17
21.09.2026,27.09.2026,ВРАЊЕ - ГРАД,Брисање по основу губитка пословне способности,1
21.09.2026,27.09.2026,ВРАЊЕ - ГРАД,Брисање по основу смрти лица,14
21.09.2026,27.09.2026,ВРАЊЕ - ГРАД,Брисање боравишта интерно расељеног лица,22
21.09.2026,27.09.2026,ВРАЊЕ - ГРАД,Упис за гласање по месту боравишта у земљи,9
21.09.2026,27.09.2026,ВРАЊЕ - ГРАД,Упис за гласање по месту боравишта у иностранству,319
21.09.2026,27.09.2026,ВРАЊЕ - ГРАД,Потврда о упису у бирачки списак,4
21.09.2026,27.09.2026,ВРАЊЕ - ГРАД,Брисање по службеној дужности,11
21.09.2026,27.09.2026,ВРАЊЕ - ГРАД,Упис по основу последњег пребивалишта,3
21.09.2026,27.09.2026,ВРАЊЕ-ВРАЊСКА БАЊА,Упис по основу пријаве пребивалишта,1
21.09.2026,27.09.2026,ВРАЊЕ-ВРАЊСКА БАЊА,Промена личних података,2
21.09.2026,27.09.2026,ВРАЊЕ-ВРАЊСКА БАЊА,Промена адресе пребивалишта,20
21.09.2026,27.09.2026,ВРАЊЕ-ВРАЊСКА БАЊА,Брисање по основу смрти лица,3
21.09.2026,27.09.2026,ВРАЊЕ-ВРАЊСКА БАЊА,Упис за гласање по месту боравишта у иностранству,27
21.09.2026,27.09.2026,ВРБАС,Упис по основу стицања пунолетства,27
21.09.2026,27.09.2026,ВРБАС,Упис по основу пријаве пребивалишта,4
21.09.2026,27.09.2026,ВРБАС,Промена личних података,6
21.09.2026,27.09.2026,ВРБАС,Промена адресе пребивалишта,8
21.09.2026,27.09.2026,ВРБАС,Брисање по основу одјаве пребивалишта,7
21.09.2026,27.09.2026,ВРБАС,Брисање по основу смрти лица,13
21.09.2026,27.09.2026,ВРБАС,Упис за гласање по месту боравишта у земљи,2
21.09.2026,27.09.2026,ВРБАС,Упис за гласање по месту боравишта у иностранству,69
21.09.2026,27.09.2026,ВРБАС,Промена гласања по месту боравишта у иностранству,1
21.09.2026,27.09.2026,ВРБАС,Исправка техничке грешке,1
21.09.2026,27.09.2026,ВРБАС,Упис по основу последњег пребивалишта,1
21.09.2026,27.09.2026,ВРЊАЧКА БАЊА,Упис по основу пријаве пребивалишта,3
21.09.2026,27.09.2026,ВРЊАЧКА БАЊА,Промена личних података,5
21.09.2026,27.09.2026,ВРЊАЧКА БАЊА,Промена адресе пребивалишта,18
21.09.2026,27.09.2026,ВРЊАЧКА БАЊА,Промена адресе боравишта интерно расељеног лица,2
21.09.2026,27.09.2026,ВРЊАЧКА БАЊА,Брисање по основу одјаве пребивалишта,7
21.09.2026,27.09.2026,ВРЊАЧКА БАЊА,Брисање по основу смрти лица,11
21.09.2026,27.09.2026,ВРЊАЧКА БАЊА,Брисање боравишта интерно расељеног лица,124
21.09.2026,27.09.2026,ВРЊАЧКА БАЊА,Упис за гласање по месту боравишта у земљи,16
21.09.2026,27.09.2026,ВРЊАЧКА БАЊА,Упис за гласање по месту боравишта у иностранству,53
21.09.2026,27.09.2026,ВРЊАЧКА БАЊА,Брисање по службеној дужности,4
21.09.2026,27.09.2026,ВРШАЦ - ГРАД,Упис по основу стицања пунолетства,1
21.09.2026,27.09.2026,ВРШАЦ - ГРАД,Упис по основу пријаве пребивалишта,14
21.09.2026,27.09.2026,ВРШАЦ - ГРАД,Промена личних података,17
21.09.2026,27.09.2026,ВРШАЦ - ГРАД,Промена адресе пребивалишта,28
21.09.2026,27.09.2026,ВРШАЦ - ГРАД,Брисање по основу одјаве пребивалишта,8
21.09.2026,27.09.2026,ВРШАЦ - ГРАД,Брисање по основу губитка пословне способности,1
21.09.2026,27.09.2026,ВРШАЦ - ГРАД,Брисање по основу смрти лица,12
21.09.2026,27.09.2026,ВРШАЦ - ГРАД,Упис за гласање по месту боравишта у земљи,3
21.09.2026,27.09.2026,ВРШАЦ - ГРАД,Упис за гласање по месту боравишта у иностранству,186
21.09.2026,27.09.2026,ВРШАЦ - ГРАД,Брисање гласања по месту боравишта у иностранству,1
21.09.2026,27.09.2026,ВРШАЦ - ГРАД,Упис по основу последњег пребивалишта,1
21.09.2026,27.09.2026,ВУЧИТРН,Упис по основу пријаве пребивалишта,12
21.09.2026,27.09.2026,ВУЧИТРН,Брисање по основу одјаве пребивалишта,2
21.09.2026,27.09.2026,ВУЧИТРН,Брисање по основу смрти лица,1
21.09.2026,27.09.2026,ВУЧИТРН,Упис за гласање по месту боравишта у земљи,61
21.09.2026,27.09.2026,ВУЧИТРН,Упис за гласање по месту боравишта у иностранству,16
21.09.2026,27.09.2026,ВУЧИТРН,Промена гласања по месту боравишта у земљи,1
21.09.2026,27.09.2026,ГАЏИН ХАН,Промена адресе пребивалишта,16
21.09.2026,27.09.2026,ГАЏИН ХАН,Брисање по основу одјаве пребивалишта,1
21.09.2026,27.09.2026,ГАЏИН ХАН,Брисање по основу смрти лица,1
21.09.2026,27.09.2026,ГАЏИН ХАН,Упис за гласање по месту боравишта у иностранству,7
21.09.2026,27.09.2026,ГЊИЛАНЕ,Упис по основу стицања пунолетства,10
21.09.2026,27.09.2026,ГЊИЛАНЕ,Упис по основу пријаве пребивалишта,49
21.09.2026,27.09.2026,ГЊИЛАНЕ,Брисање по основу одјаве пребивалишта,4
21.09.2026,27.09.2026,ГЊИЛАНЕ,Брисање по основу смрти лица,4
21.09.2026,27.09.2026,ГЊИЛАНЕ,Упис за гласање по месту боравишта у земљи,451
21.09.2026,27.09.2026,ГЊИЛАНЕ,Упис за гласање по месту боравишта у иностранству,13
21.09.2026,27.09.2026,ГОЛУБАЦ,Упис по основу пријаве пребивалишта,12
21.09.2026,27.09.2026,ГОЛУБАЦ,Промена личних података,1
21.09.2026,27.09.2026,ГОЛУБАЦ,Промена адресе пребивалишта,19
21.09.2026,27.09.2026,ГОЛУБАЦ,Брисање по основу одјаве пребивалишта,5
21.09.2026,27.09.2026,ГОЛУБАЦ,Брисање по основу губитка пословне способности,1
21.09.2026,27.09.2026,ГОЛУБАЦ,Брисање по основу смрти лица,2
21.09.2026,27.09.2026,ГОЛУБАЦ,Упис за гласање по месту боравишта у земљи,13
21.09.2026,27.09.2026,ГОЛУБАЦ,Упис за гласање по месту боравишта у иностранству,46
21.09.2026,27.09.2026,ГОРА,Упис по основу стицања пунолетства,3
21.09.2026,27.09.2026,ГОРА,Упис за гласање по месту боравишта у земљи,10
21.09.2026,27.09.2026,ГОРЊИ МИЛАНОВАЦ,Упис по основу стицања пунолетства,13
21.09.2026,27.09.2026,ГОРЊИ МИЛАНОВАЦ,Упис по основу пријаве пребивалишта,16
21.09.2026,27.09.2026,ГОРЊИ МИЛАНОВАЦ,Упис по основу пријема у држављанство,1
21.09.2026,27.09.2026,ГОРЊИ МИЛАНОВАЦ,Промена личних података,9
21.09.2026,27.09.2026,ГОРЊИ МИЛАНОВАЦ,Промена адресе пребивалишта,5
21.09.2026,27.09.2026,ГОРЊИ МИЛАНОВАЦ,Брисање по основу одјаве пребивалишта,12
21.09.2026,27.09.2026,ГОРЊИ МИЛАНОВАЦ,Брисање по основу смрти лица,10
21.09.2026,27.09.2026,ГОРЊИ МИЛАНОВАЦ,Брисање боравишта интерно расељеног лица,1
21.09.2026,27.09.2026,ГОРЊИ МИЛАНОВАЦ,Упис за гласање по месту боравишта у земљи,13
21.09.2026,27.09.2026,ГОРЊИ МИЛАНОВАЦ,Упис за гласање по месту боравишта у иностранству,110
21.09.2026,27.09.2026,ГОРЊИ МИЛАНОВАЦ,Промена гласања по месту боравишта у иностранству,1
21.09.2026,27.09.2026,ГОРЊИ МИЛАНОВАЦ,Упис по основу последњег пребивалишта,1
21.09.2026,27.09.2026,ДЕСПОТОВАЦ,Упис по основу пријаве пребивалишта,3
21.09.2026,27.09.2026,ДЕСПОТОВАЦ,Промена личних података,3
21.09.2026,27.09.2026,ДЕСПОТОВАЦ,Промена адресе пребивалишта,3
21.09.2026,27.09.2026,ДЕСПОТОВАЦ,Брисање по основу одјаве пребивалишта,3
21.09.2026,27.09.2026,ДЕСПОТОВАЦ,Брисање по основу губитка пословне способности,5
21.09.2026,27.09.2026,ДЕСПОТОВАЦ,Брисање по основу смрти лица,10
21.09.2026,27.09.2026,ДЕСПОТОВАЦ,Упис за гласање по месту боравишта у земљи,3
21.09.2026,27.09.2026,ДЕСПОТОВАЦ,Упис за гласање по месту боравишта у иностранству,105
21.09.2026,27.09.2026,ДИМИТРОВГРАД,Промена личних података,3
21.09.2026,27.09.2026,ДИМИТРОВГРАД,Промена адресе пребивалишта,16
21.09.2026,27.09.2026,ДИМИТРОВГРАД,Брисање по основу одјаве пребивалишта,4
21.09.2026,27.09.2026,ДИМИТРОВГРАД,Брисање по основу смрти лица,3
21.09.2026,27.09.2026,ДИМИТРОВГРАД,Упис за гласање по месту боравишта у земљи,4
21.09.2026,27.09.2026,ДИМИТРОВГРАД,Упис за гласање по месту боравишта у иностранству,19
21.09.2026,27.09.2026,ДИМИТРОВГРАД,Потврда о изборном праву,2
21.09.2026,27.09.2026,ДОЉЕВАЦ,Упис по основу пријаве пребивалишта,1
21.09.2026,27.09.2026,ДОЉЕВАЦ,Промена личних података,3
21.09.2026,27.09.2026,ДОЉЕВАЦ,Промена адресе пребивалишта,31
21.09.2026,27.09.2026,ДОЉЕВАЦ,Брисање по основу одјаве пребивалишта,6
21.09.2026,27.09.2026,ДОЉЕВАЦ,Брисање по основу смрти лица,10
21.09.2026,27.09.2026,ДОЉЕВАЦ,Упис за гласање по месту боравишта у земљи,2
21.09.2026,27.09.2026,ДОЉЕВАЦ,Упис за гласање по месту боравишта у иностранству,20
21.09.2026,27.09.2026,ЖАБАЉ,Упис по основу пријаве пребивалишта,23
21.09.2026,27.09.2026,ЖАБАЉ,Промена личних података,12
21.09.2026,27.09.2026,ЖАБАЉ,Промена адресе пребивалишта,7
21.09.2026,27.09.2026,ЖАБАЉ,Брисање по основу одјаве пребивалишта,1
21.09.2026,27.09.2026,ЖАБАЉ,Брисање по основу смрти лица,3
21.09.2026,27.09.2026,ЖАБАЉ,Упис за гласање по месту боравишта у земљи,1
21.09.2026,27.09.2026,ЖАБАЉ,Упис за гласање по месту боравишта у иностранству,49
21.09.2026,27.09.2026,ЖАБАРИ,Упис по основу стицања пунолетства,11
21.09.2026,27.09.2026,ЖАБАРИ,Упис по основу пријаве пребивалишта,4
21.09.2026,27.09.2026,ЖАБАРИ,Промена личних података,2
21.09.2026,27.09.2026,ЖАБАРИ,Промена адресе пребивалишта,15
21.09.2026,27.09.2026,ЖАБАРИ,Брисање по основу одјаве пребивалишта,6
21.09.2026,27.09.2026,ЖАБАРИ,Брисање по основу смрти лица,6
21.09.2026,27.09.2026,ЖАБАРИ,Упис за гласање по месту боравишта у иностранству,72
21.09.2026,27.09.2026,ЖАГУБИЦА,Упис по основу пријаве пребивалишта,2
21.09.2026,27.09.2026,ЖАГУБИЦА,Промена личних података,3
21.09.2026,27.09.2026,ЖАГУБИЦА,Промена адресе пребивалишта,30
21.09.2026,27.09.2026,ЖАГУБИЦА,Брисање по основу одјаве пребивалишта,1
21.09.2026,27.09.2026,ЖАГУБИЦА,Брисање по основу смрти лица,5
21.09.2026,27.09.2026,ЖАГУБИЦА,Упис за гласање по месту боравишта у земљи,8
21.09.2026,27.09.2026,ЖАГУБИЦА,Упис за гласање по месту боравишта у иностранству,55
21.09.2026,27.09.2026,ЖИТИШТЕ,Упис по основу стицања пунолетства,2
21.09.2026,27.09.2026,ЖИТИШТЕ,Упис по основу пријаве пребивалишта,1
21.09.2026,27.09.2026,ЖИТИШТЕ,Промена личних података,1
21.09.2026,27.09.2026,ЖИТИШТЕ,Промена адресе пребивалишта,8
21.09.2026,27.09.2026,ЖИТИШТЕ,Брисање по основу одјаве пребивалишта,2
21.09.2026,27.09.2026,ЖИТИШТЕ,Брисање по основу смрти лица,2
21.09.2026,27.09.2026,ЖИТИШТЕ,Упис за гласање по месту боравишта у земљи,1
21.09.2026,27.09.2026,ЖИТИШТЕ,Упис за гласање по месту боравишта у иностранству,34
21.09.2026,27.09.2026,ЖИТИШТЕ,Брисање по службеној дужности,3
21.09.2026,27.09.2026,ЖИТОРАЂА,Упис по основу стицања пунолетства,9
21.09.2026,27.09.2026,ЖИТОРАЂА,Упис по основу пријаве пребивалишта,1
21.09.2026,27.09.2026,ЖИТОРАЂА,Упис по основу пријема у држављанство,1
21.09.2026,27.09.2026,ЖИТОРАЂА,Промена личних података,1
21.09.2026,27.09.2026,ЖИТОРАЂА,Промена адресе пребивалишта,8
21.09.2026,27.09.2026,ЖИТОРАЂА,Брисање по основу одјаве пребивалишта,3
21.09.2026,27.09.2026,ЖИТОРАЂА,Брисање по основу смрти лица,3
21.09.2026,27.09.2026,ЖИТОРАЂА,Упис за гласање по месту боравишта у земљи,15
21.09.2026,27.09.2026,ЖИТОРАЂА,Упис за гласање по месту боравишта у иностранству,28
21.09.2026,27.09.2026,ЖИТОРАЂА,Брисање по службеној дужности,2
21.09.2026,27.09.2026,ЖИТОРАЂА,Упис по основу последњег пребивалишта,2
21.09.2026,27.09.2026,ЗАЈЕЧАР - ГРАД,Упис по основу пријаве пребивалишта,5
21.09.2026,27.09.2026,ЗАЈЕЧАР - ГРАД,Упис по основу пријаве боравишта интерно расељеног лица,2
21.09.2026,27.09.2026,ЗАЈЕЧАР - ГРАД,Промена личних података,3
21.09.2026,27.09.2026,ЗАЈЕЧАР - ГРАД,Промена адресе пребивалишта,5
21.09.2026,27.09.2026,ЗАЈЕЧАР - ГРАД,Брисање по основу одјаве пребивалишта,13
21.09.2026,27.09.2026,ЗАЈЕЧАР - ГРАД,Брисање по основу смрти лица,17
21.09.2026,27.09.2026,ЗАЈЕЧАР - ГРАД,Упис за гласање по месту боравишта у земљи,8
21.09.2026,27.09.2026,ЗАЈЕЧАР - ГРАД,Упис за гласање по месту боравишта у иностранству,155
21.09.2026,27.09.2026,ЗАЈЕЧАР - ГРАД,Исправка техничке грешке,2
21.09.2026,27.09.2026,ЗАЈЕЧАР - ГРАД,Упис по основу последњег пребивалишта,3
21.09.2026,27.09.2026,ЗВЕЧАН,Упис по основу стицања пунолетства,2
21.09.2026,27.09.2026,ЗВЕЧАН,Упис по основу пријаве пребивалишта,3
21.09.2026,27.09.2026,ЗВЕЧАН,Промена личних података,2
21.09.2026,27.09.2026,ЗВЕЧАН,Промена адресе пребивалишта,2
21.09.2026,27.09.2026,ЗВЕЧАН,Брисање по основу одјаве пребивалишта,4
21.09.2026,27.09.2026,ЗВЕЧАН,Брисање по основу смрти лица,1
21.09.2026,27.09.2026,ЗВЕЧАН,Упис за гласање по месту боравишта у земљи,92
21.09.2026,27.09.2026,ЗВЕЧАН,Упис за гласање по месту боравишта у иностранству,11
21.09.2026,27.09.2026,ЗРЕЊАНИН - ГРАД,Упис по основу пријаве пребивалишта,20
21.09.2026,27.09.2026,ЗРЕЊАНИН - ГРАД,Промена личних података,45
21.09.2026,27.09.2026,ЗРЕЊАНИН - ГРАД,Промена адресе пребивалишта,106
21.09.2026,27.09.2026,ЗРЕЊАНИН - ГРАД,Брисање по основу одјаве пребивалишта,23
21.09.2026,27.09.2026,ЗРЕЊАНИН - ГРАД,Брисање по основу губитка пословне способности,1
21.09.2026,27.09.2026,ЗРЕЊАНИН - ГРАД,Брисање по основу смрти лица,25
21.09.2026,27.09.2026,ЗРЕЊАНИН - ГРАД,Упис за гласање по месту боравишта у земљи,10
21.09.2026,27.09.2026,ЗРЕЊАНИН - ГРАД,Упис за гласање по месту боравишта у иностранству,368
21.09.2026,27.09.2026,ЗРЕЊАНИН - ГРАД,Брисање по службеној дужности,3
21.09.2026,27.09.2026,ЗРЕЊАНИН - ГРАД,Упис по основу последњег пребивалишта,3
21.09.2026,27.09.2026,ЗУБИН ПОТОК,Упис по основу пријаве пребивалишта,2
21.09.2026,27.09.2026,ЗУБИН ПОТОК,Промена личних података,2
21.09.2026,27.09.2026,ЗУБИН ПОТОК,Брисање по основу одјаве пребивалишта,3
21.09.2026,27.09.2026,ЗУБИН ПОТОК,Брисање по основу смрти лица,1
21.09.2026,27.09.2026,ЗУБИН ПОТОК,Упис за гласање по месту боравишта у земљи,54
21.09.2026,27.09.2026,ЗУБИН ПОТОК,Упис за гласање по месту боравишта у иностранству,5
21.09.2026,27.09.2026,ИВАЊИЦА,Упис по основу стицања пунолетства,31
21.09.2026,27.09.2026,ИВАЊИЦА,Упис по основу пријаве пребивалишта,44
21.09.2026,27.09.2026,ИВАЊИЦА,Упис по основу враћања пословне способности,1
21.09.2026,27.09.2026,ИВАЊИЦА,Промена личних података,50
21.09.2026,27.09.2026,ИВАЊИЦА,Промена адресе пребивалишта,7
21.09.2026,27.09.2026,ИВАЊИЦА,Брисање по основу одјаве пребивалишта,10
21.09.2026,27.09.2026,ИВАЊИЦА,Брисање по основу губитка пословне способности,5
21.09.2026,27.09.2026,ИВАЊИЦА,Брисање по основу смрти лица,6
21.09.2026,27.09.2026,ИВАЊИЦА,Упис за гласање по месту боравишта у земљи,5
21.09.2026,27.09.2026,ИВАЊИЦА,Упис за гласање по месту боравишта у иностранству,41
21.09.2026,27.09.2026,ИВАЊИЦА,Исправка техничке грешке,32
21.09.2026,27.09.2026,ИНЂИЈА,Упис по основу стицања пунолетства,46
21.09.2026,27.09.2026,ИНЂИЈА,Упис по основу пријаве пребивалишта,8
21.09.2026,27.09.2026,ИНЂИЈА,Промена личних података,13
21.09.2026,27.09.2026,ИНЂИЈА,Промена адресе пребивалишта,29
21.09.2026,27.09.2026,ИНЂИЈА,Брисање по основу дуплог уписа,1
21.09.2026,27.09.2026,ИНЂИЈА,Брисање по основу одјаве пребивалишта,12
21.09.2026,27.09.2026,ИНЂИЈА,Брисање по основу смрти лица,7
21.09.2026,27.09.2026,ИНЂИЈА,Упис за гласање по месту боравишта у земљи,7
21.09.2026,27.09.2026,ИНЂИЈА,Упис за гласање по месту боравишта у иностранству,121
21.09.2026,27.09.2026,ИНЂИЈА,Потврда о упису у бирачки списак,4
21.09.2026,27.09.2026,ИРИГ,Упис по основу пријаве пребивалишта,2
21.09.2026,27.09.2026,ИРИГ,Промена личних података,3
21.09.2026,27.09.2026,ИРИГ,Промена адресе пребивалишта,2
21.09.2026,27.09.2026,ИРИГ,Брисање по основу одјаве пребивалишта,4
21.09.2026,27.09.2026,ИРИГ,Брисање по основу смрти лица,5
21.09.2026,27.09.2026,ИРИГ,Упис за гласање по месту боравишта у земљи,3
21.09.2026,27.09.2026,ИРИГ,Упис за гласање по месту боравишта у иностранству,78
21.09.2026,27.09.2026,ИСТОК,Упис по основу пријаве пребивалишта,18
21.09.2026,27.09.2026,ИСТОК,Брисање по основу одјаве пребивалишта,2
21.09.2026,27.09.2026,ИСТОК,Упис за гласање по месту боравишта у земљи,61
21.09.2026,27.09.2026,ИСТОК,Упис за гласање по месту боравишта у иностранству,24
21.09.2026,27.09.2026,ИСТОК,Промена гласања по месту боравишта у земљи,1
21.09.2026,27.09.2026,ЈАГОДИНА - ГРАД,Упис по основу пријаве пребивалишта,9
21.09.2026,27.09.2026,ЈАГОДИНА - ГРАД,Упис по основу пријема у држављанство,1
21.09.2026,27.09.2026,ЈАГОДИНА - ГРАД,Промена личних података,92
21.09.2026,27.09.2026,ЈАГОДИНА - ГРАД,Промена адресе пребивалишта,103
21.09.2026,27.09.2026,ЈАГОДИНА - ГРАД,Промена адресе боравишта интерно расељеног лица,1
21.09.2026,27.09.2026,ЈАГОДИНА - ГРАД,Брисање по основу одјаве пребивалишта,12
21.09.2026,27.09.2026,ЈАГОДИНА - ГРАД,Брисање по основу смрти лица,15
21.09.2026,27.09.2026,ЈАГОДИНА - ГРАД,Брисање боравишта интерно расељеног лица,77
21.09.2026,27.09.2026,ЈАГОДИНА - ГРАД,Упис за гласање по месту боравишта у земљи,6
21.09.2026,27.09.2026,ЈАГОДИНА - ГРАД,Упис за гласање по месту боравишта у иностранству,180
21.09.2026,27.09.2026,ЈАГОДИНА - ГРАД,Брисање по службеној дужности,2
21.09.2026,27.09.2026,ЈАГОДИНА - ГРАД,Упис по основу последњег пребивалишта,2
21.09.2026,27.09.2026,КАЊИЖА,Упис по основу стицања пунолетства,4
21.09.2026,27.09.2026,КАЊИЖА,Упис по основу пријаве пребивалишта,2
21.09.2026,27.09.2026,КАЊИЖА,Промена личних података,21
21.09.2026,27.09.2026,КАЊИЖА,Промена адресе пребивалишта,3
21.09.2026,27.09.2026,КАЊИЖА,Брисање по основу одјаве пребивалишта,8
21.09.2026,27.09.2026,КАЊИЖА,Брисање по основу смрти лица,10
21.09.2026,27.09.2026,КАЊИЖА,Упис за гласање по месту боравишта у иностранству,1
21.09.2026,27.09.2026,КАЊИЖА,Брисање по службеној дужности,1
21.09.2026,27.09.2026,КИКИНДА - ГРАД,Упис по основу стицања пунолетства,26
21.09.2026,27.09.2026,КИКИНДА - ГРАД,Упис по основу пријаве пребивалишта,34
21.09.2026,27.09.2026,КИКИНДА - ГРАД,Промена личних података,12
21.09.2026,27.09.2026,КИКИНДА - ГРАД,Промена адресе пребивалишта,23
21.09.2026,27.09.2026,КИКИНДА - ГРАД,Брисање по основу одјаве пребивалишта,10
21.09.2026,27.09.2026,КИКИНДА - ГРАД,Брисање по основу смрти лица,15
21.09.2026,27.09.2026,КИКИНДА - ГРАД,Упис за гласање по месту боравишта у земљи,7
21.09.2026,27.09.2026,КИКИНДА - ГРАД,Упис за гласање по месту боравишта у иностранству,152
21.09.2026,27.09.2026,КИКИНДА - ГРАД,Брисање по службеној дужности,10
21.09.2026,27.09.2026,КИКИНДА - ГРАД,Упис по основу последњег пребивалишта,1
21.09.2026,27.09.2026,КЛАДОВО,Упис по основу стицања пунолетства,16
21.09.2026,27.09.2026,КЛАДОВО,Упис по основу пријаве пребивалишта,4
21.09.2026,27.09.2026,КЛАДОВО,Промена личних података,3
21.09.2026,27.09.2026,КЛАДОВО,Промена адресе пребивалишта,14
21.09.2026,27.09.2026,КЛАДОВО,Брисање по основу одјаве пребивалишта,5
21.09.2026,27.09.2026,КЛАДОВО,Брисање по основу смрти лица,4
21.09.2026,27.09.2026,КЛАДОВО,Упис за гласање по месту боравишта у земљи,1
21.09.2026,27.09.2026,КЛАДОВО,Упис за гласање по месту боравишта у иностранству,97
21.09.2026,27.09.2026,КЛИНА,Упис по основу пријаве пребивалишта,12
21.09.2026,27.09.2026,КЛИНА,Брисање по основу одјаве пребивалишта,4
21.09.2026,27.09.2026,КЛИНА,Упис за гласање по месту боравишта у земљи,1
21.09.2026,27.09.2026,КЛИНА,Упис за гласање по месту боравишта у иностранству,11
21.09.2026,27.09.2026,КНИЋ,Промена личних података,4
21.09.2026,27.09.2026,КНИЋ,Промена адресе пребивалишта,13
21.09.2026,27.09.2026,КНИЋ,Брисање по основу одјаве пребивалишта,1
21.09.2026,27.09.2026,КНИЋ,Брисање по основу смрти лица,1
21.09.2026,27.09.2026,КНИЋ,Брисање боравишта интерно расељеног лица,31
21.09.2026,27.09.2026,КНИЋ,Упис за гласање по месту боравишта у земљи,2
21.09.2026,27.09.2026,КНИЋ,Упис за гласање по месту боравишта у иностранству,19
21.09.2026,27.09.2026,КЊАЖЕВАЦ,Упис по основу пријаве пребивалишта,2
21.09.2026,27.09.2026,КЊАЖЕВАЦ,Промена личних података,3
21.09.2026,27.09.2026,КЊАЖЕВАЦ,Промена адресе пребивалишта,28
21.09.2026,27.09.2026,КЊАЖЕВАЦ,Брисање по основу одјаве пребивалишта,3
21.09.2026,27.09.2026,КЊАЖЕВАЦ,Брисање по основу смрти лица,7
21.09.2026,27.09.2026,КЊАЖЕВАЦ,Упис за гласање по месту боравишта у земљи,2
21.09.2026,27.09.2026,КЊАЖЕВАЦ,Упис за гласање по месту боравишта у иностранству,47
21.09.2026,27.09.2026,КОВАЧИЦА,Упис по основу пријаве пребивалишта,4
21.09.2026,27.09.2026,КОВАЧИЦА,Промена личних података,5
21.09.2026,27.09.2026,КОВАЧИЦА,Промена адресе пребивалишта,9
21.09.2026,27.09.2026,КОВАЧИЦА,Брисање по основу отпуста из држављанства,1
21.09.2026,27.09.2026,КОВАЧИЦА,Брисање по основу одјаве пребивалишта,6
21.09.2026,27.09.2026,КОВАЧИЦА,Брисање по основу смрти лица,4
21.09.2026,27.09.2026,КОВАЧИЦА,Упис за гласање по месту боравишта у земљи,4
21.09.2026,27.09.2026,КОВАЧИЦА,Упис за гласање по месту боравишта у иностранству,77
21.09.2026,27.09.2026,КОВИН,Упис по основу пријаве пребивалишта,1
21.09.2026,27.09.2026,КОВИН,Промена личних података,4
21.09.2026,27.09.2026,КОВИН,Промена адресе пребивалишта,11
21.09.2026,27.09.2026,КОВИН,Брисање по основу одјаве пребивалишта,11
21.09.2026,27.09.2026,КОВИН,Брисање по основу смрти лица,10
21.09.2026,27.09.2026,КОВИН,Упис за гласање по месту боравишта у земљи,6
21.09.2026,27.09.2026,КОВИН,Упис за гласање по месту боравишта у иностранству,81
21.09.2026,27.09.2026,КОВИН,Упис по основу последњег пребивалишта,1
21.09.2026,27.09.2026,КОСЈЕРИЋ,Упис по основу пријаве пребивалишта,6
21.09.2026,27.09.2026,КОСЈЕРИЋ,Промена личних података,4
21.09.2026,27.09.2026,КОСЈЕРИЋ,Промена адресе пребивалишта,32
21.09.2026,27.09.2026,КОСЈЕРИЋ,Брисање по основу одјаве пребивалишта,3
21.09.2026,27.09.2026,КОСЈЕРИЋ,Брисање по основу губитка пословне способности,1
21.09.2026,27.09.2026,КОСЈЕРИЋ,Брисање по основу смрти лица,4
21.09.2026,27.09.2026,КОСЈЕРИЋ,Упис за гласање по месту боравишта у земљи,5
21.09.2026,27.09.2026,КОСЈЕРИЋ,Упис за гласање по месту боравишта у иностранству,11
21.09.2026,27.09.2026,КОСЈЕРИЋ,Промена гласања по месту боравишта у иностранству,1
21.09.2026,27.09.2026,КОСЈЕРИЋ,Потврда о упису у бирачки списак,3
21.09.2026,27.09.2026,КОСОВО ПОЉЕ,Упис по основу стицања пунолетства,5
21.09.2026,27.09.2026,КОСОВО ПОЉЕ,Упис по основу пријаве пребивалишта,76
21.09.2026,27.09.2026,КОСОВО ПОЉЕ,Промена личних података,2
21.09.2026,27.09.2026,КОСОВО ПОЉЕ,Брисање по основу одјаве пребивалишта,1
21.09.2026,27.09.2026,КОСОВО ПОЉЕ,Упис за гласање по месту боравишта у земљи,101
21.09.2026,27.09.2026,КОСОВО ПОЉЕ,Упис за гласање по месту боравишта у иностранству,23
21.09.2026,27.09.2026,КОСОВО ПОЉЕ,Исправка техничке грешке,1
21.09.2026,27.09.2026,КОСОВСКА КАМЕНИЦА,Упис по основу пријаве пребивалишта,17
21.09.2026,27.09.2026,КОСОВСКА КАМЕНИЦА,Брисање по основу одјаве пребивалишта,6
21.09.2026,27.09.2026,КОСОВСКА КАМЕНИЦА,Упис за гласање по месту боравишта у земљи,302
21.09.2026,27.09.2026,КОСОВСКА КАМЕНИЦА,Упис за гласање по месту боравишта у иностранству,7
21.09.2026,27.09.2026,КОСОВСКА МИТРОВИЦА,Упис по основу пријаве пребивалишта,13
21.09.2026,27.09.2026,КОСОВСКА МИТРОВИЦА,Промена личних података,7
21.09.2026,27.09.2026,КОСОВСКА МИТРОВИЦА,Промена адресе пребивалишта,3
21.09.2026,27.09.2026,КОСОВСКА МИТРОВИЦА,Брисање по основу одјаве пребивалишта,13
21.09.2026,27.09.2026,КОСОВСКА МИТРОВИЦА,Брисање по основу смрти лица,3
21.09.2026,27.09.2026,КОСОВСКА МИТРОВИЦА,Упис за гласање по месту боравишта у земљи,19
21.09.2026,27.09.2026,КОСОВСКА МИТРОВИЦА,Упис за гласање по месту боравишта у иностранству,50
21.09.2026,27.09.2026,КОСОВСКА МИТРОВИЦА,Промена гласања по месту боравишта у иностранству,1
21.09.2026,27.09.2026,КОЦЕЉЕВА,Упис по основу пријаве пребивалишта,2
21.09.2026,27.09.2026,КОЦЕЉЕВА,Промена личних података,4
21.09.2026,27.09.2026,КОЦЕЉЕВА,Промена адресе пребивалишта,33
21.09.2026,27.09.2026,КОЦЕЉЕВА,Брисање по основу одјаве пребивалишта,3
21.09.2026,27.09.2026,КОЦЕЉЕВА,Брисање по основу смрти лица,4
21.09.2026,27.09.2026,КОЦЕЉЕВА,Упис за гласање по месту боравишта у земљи,6
21.09.2026,27.09.2026,КОЦЕЉЕВА,Упис за гласање по месту боравишта у иностранству,48
21.09.2026,27.09.2026,КОЦЕЉЕВА,Промена гласања по месту боравишта у иностранству,1
21.09.2026,27.09.2026,КОЦЕЉЕВА,Исправка техничке грешке,2
21.09.2026,27.09.2026,КРАГУЈЕВАЦ - ГРАД,Упис по основу пријаве пребивалишта,23
21.09.2026,27.09.2026,КРАГУЈЕВАЦ - ГРАД,Упис по основу пријаве боравишта интерно расељеног лица,3
21.09.2026,27.09.2026,КРАГУЈЕВАЦ - ГРАД,Промена личних података,79
21.09.2026,27.09.2026,КРАГУЈЕВАЦ - ГРАД,Промена адресе пребивалишта,114
21.09.2026,27.09.2026,КРАГУЈЕВАЦ - ГРАД,Промена адресе боравишта интерно расељеног лица,1
21.09.2026,27.09.2026,КРАГУЈЕВАЦ - ГРАД,Брисање по основу одјаве пребивалишта,27
21.09.2026,27.09.2026,КРАГУЈЕВАЦ - ГРАД,Брисање по основу смрти лица,47
21.09.2026,27.09.2026,КРАГУЈЕВАЦ - ГРАД,Брисање боравишта интерно расељеног лица,190
21.09.2026,27.09.2026,КРАГУЈЕВАЦ - ГРАД,Упис за гласање по месту боравишта у земљи,190
21.09.2026,27.09.2026,КРАГУЈЕВАЦ - ГРАД,Упис за гласање по месту боравишта у иностранству,574
21.09.2026,27.09.2026,КРАГУЈЕВАЦ - ГРАД,Промена гласања по месту боравишта у земљи,1
21.09.2026,27.09.2026,КРАГУЈЕВАЦ - ГРАД,Брисање гласања по месту боравишта у земљи,1
21.09.2026,27.09.2026,КРАГУЈЕВАЦ - ГРАД,Потврда о изборном праву,5
21.09.2026,27.09.2026,КРАГУЈЕВАЦ - ГРАД,Брисање по службеној дужности,1
21.09.2026,27.09.2026,КРАГУЈЕВАЦ - ГРАД,Упис по основу последњег пребивалишта,6
21.09.2026,27.09.2026,КРАЉЕВО - ГРАД,Упис по основу пријаве пребивалишта,8
21.09.2026,27.09.2026,КРАЉЕВО - ГРАД,Упис по основу пријема у држављанство,1
21.09.2026,27.09.2026,КРАЉЕВО - ГРАД,Упис по основу пријаве боравишта интерно расељеног лица,3
21.09.2026,27.09.2026,КРАЉЕВО - ГРАД,Промена личних података,19
21.09.2026,27.09.2026,КРАЉЕВО - ГРАД,Промена адресе пребивалишта,108
21.09.2026,27.09.2026,КРАЉЕВО - ГРАД,Брисање по основу одјаве пребивалишта,35
21.09.2026,27.09.2026,КРАЉЕВО - ГРАД,Брисање по основу смрти лица,21
21.09.2026,27.09.2026,КРАЉЕВО - ГРАД,Брисање боравишта интерно расељеног лица,86
21.09.2026,27.09.2026,КРАЉЕВО - ГРАД,Упис за гласање по месту боравишта у земљи,9
21.09.2026,27.09.2026,КРАЉЕВО - ГРАД,Упис за гласање по месту боравишта у иностранству,275
21.09.2026,27.09.2026,КРАЉЕВО - ГРАД,Брисање по службеној дужности,8
21.09.2026,27.09.2026,КРАЉЕВО - ГРАД,Упис по основу последњег пребивалишта,6
21.09.2026,27.09.2026,КРУПАЊ,Упис по основу пријаве пребивалишта,3
21.09.2026,27.09.2026,КРУПАЊ,Промена личних података,2
21.09.2026,27.09.2026,КРУПАЊ,Промена адресе пребивалишта,25
21.09.2026,27.09.2026,КРУПАЊ,Брисање по основу одјаве пребивалишта,13
21.09.2026,27.09.2026,КРУПАЊ,Брисање по основу смрти лица,4
21.09.2026,27.09.2026,КРУПАЊ,Упис за гласање по месту боравишта у земљи,2
21.09.2026,27.09.2026,КРУПАЊ,Упис за гласање по месту боравишта у иностранству,22
21.09.2026,27.09.2026,КРУПАЊ,Потврда о упису у бирачки списак,4
21.09.2026,27.09.2026,КРУПАЊ,Упис по основу последњег пребивалишта,2
21.09.2026,27.09.2026,КРУШЕВАЦ - ГРАД,Упис по основу стицања пунолетства,135
21.09.2026,27.09.2026,КРУШЕВАЦ - ГРАД,Упис по основу пријаве пребивалишта,9
21.09.2026,27.09.2026,КРУШЕВАЦ - ГРАД,Упис по основу пријема у држављанство,1
21.09.2026,27.09.2026,КРУШЕВАЦ - ГРАД,Упис по основу пријаве боравишта интерно расељеног лица,1
21.09.2026,27.09.2026,КРУШЕВАЦ - ГРАД,Промена личних података,32
21.09.2026,27.09.2026,КРУШЕВАЦ - ГРАД,Промена адресе пребивалишта,64
21.09.2026,27.09.2026,КРУШЕВАЦ - ГРАД,Брисање по основу одјаве пребивалишта,24
21.09.2026,27.09.2026,КРУШЕВАЦ - ГРАД,Брисање по основу смрти лица,36
21.09.2026,27.09.2026,КРУШЕВАЦ - ГРАД,Брисање боравишта интерно расељеног лица,29
21.09.2026,27.09.2026,КРУШЕВАЦ - ГРАД,Упис за гласање по месту боравишта у земљи,153
21.09.2026,27.09.2026,КРУШЕВАЦ - ГРАД,Упис за гласање по месту боравишта у иностранству,272
21.09.2026,27.09.2026,КРУШЕВАЦ - ГРАД,Промена гласања по месту боравишта у иностранству,1
21.09.2026,27.09.2026,КРУШЕВАЦ - ГРАД,Потврда о упису у бирачки списак,7
21.09.2026,27.09.2026,КРУШЕВАЦ - ГРАД,Потврда о изборном праву,2
21.09.2026,27.09.2026,КРУШЕВАЦ - ГРАД,Брисање по службеној дужности,3
21.09.2026,27.09.2026,КРУШЕВАЦ - ГРАД,Упис по основу последњег пребивалишта,4
21.09.2026,27.09.2026,КУЛА,Упис по основу пријаве пребивалишта,9
21.09.2026,27.09.2026,КУЛА,Промена личних података,7
21.09.2026,27.09.2026,КУЛА,Промена адресе пребивалишта,13
21.09.2026,27.09.2026,КУЛА,Брисање по основу одјаве пребивалишта,5
21.09.2026,27.09.2026,КУЛА,Брисање по основу смрти лица,11
21.09.2026,27.09.2026,КУЛА,Упис за гласање по месту боравишта у земљи,7
21.09.2026,27.09.2026,КУЛА,Упис за гласање по месту боравишта у иностранству,119
21.09.2026,27.09.2026,КУЛА,Промена гласања по месту боравишта у земљи,1
21.09.2026,27.09.2026,КУЛА,Промена гласања по месту боравишта у иностранству,2
21.09.2026,27.09.2026,КУРШУМЛИЈА,Промена личних података,5
21.09.2026,27.09.2026,КУРШУМЛИЈА,Промена адресе пребивалишта,8
21.09.2026,27.09.2026,КУРШУМЛИЈА,Брисање по основу одјаве пребивалишта,3
21.09.2026,27.09.2026,КУРШУМЛИЈА,Брисање по основу смрти лица,2
21.09.2026,27.09.2026,КУРШУМЛИЈА,Упис за гласање по месту боравишта у земљи,11
21.09.2026,27.09.2026,КУРШУМЛИЈА,Упис за гласање по месту боравишта у иностранству,32
21.09.2026,27.09.2026,КУЧЕВО,Упис по основу стицања пунолетства,9
21.09.2026,27.09.2026,КУЧЕВО,Упис по основу пријаве пребивалишта,15
21.09.2026,27.09.2026,КУЧЕВО,Промена личних података,37
21.09.2026,27.09.2026,КУЧЕВО,Промена адресе пребивалишта,40
21.09.2026,27.09.2026,КУЧЕВО,Брисање по основу одјаве пребивалишта,4
21.09.2026,27.09.2026,КУЧЕВО,Брисање по основу смрти лица,5
21.09.2026,27.09.2026,КУЧЕВО,Упис за гласање по месту боравишта у земљи,1
21.09.2026,27.09.2026,КУЧЕВО,Упис за гласање по месту боравишта у иностранству,113
21.09.2026,27.09.2026,ЛАЈКОВАЦ,Упис по основу пријаве пребивалишта,4
21.09.2026,27.09.2026,ЛАЈКОВАЦ,Промена личних података,4
21.09.2026,27.09.2026,ЛАЈКОВАЦ,Промена адресе пребивалишта,8
21.09.2026,27.09.2026,ЛАЈКОВАЦ,Брисање по основу одјаве пребивалишта,4
21.09.2026,27.09.2026,ЛАЈКОВАЦ,Брисање по основу губитка пословне способности,1
21.09.2026,27.09.2026,ЛАЈКОВАЦ,Брисање по основу смрти лица,2
21.09.2026,27.09.2026,ЛАЈКОВАЦ,Упис за гласање по месту боравишта у земљи,11
21.09.2026,27.09.2026,ЛАЈКОВАЦ,Упис за гласање по месту боравишта у иностранству,18
21.09.2026,27.09.2026,ЛАПОВО,Промена личних података,4
21.09.2026,27.09.2026,ЛАПОВО,Промена адресе пребивалишта,3
21.09.2026,27.09.2026,ЛАПОВО,Брисање по основу одјаве пребивалишта,1
21.09.2026,27.09.2026,ЛАПОВО,Брисање по основу смрти лица,3
21.09.2026,27.09.2026,ЛАПОВО,Брисање боравишта интерно расељеног лица,63
21.09.2026,27.09.2026,ЛАПОВО,Упис за гласање по месту боравишта у иностранству,41
21.09.2026,27.09.2026,ЛЕБАНЕ,Упис по основу стицања пунолетства,3
21.09.2026,27.09.2026,ЛЕБАНЕ,Упис по основу пријаве пребивалишта,2
21.09.2026,27.09.2026,ЛЕБАНЕ,Промена личних података,8
21.09.2026,27.09.2026,ЛЕБАНЕ,Промена адресе пребивалишта,35
21.09.2026,27.09.2026,ЛЕБАНЕ,Брисање по основу одјаве пребивалишта,6
21.09.2026,27.09.2026,ЛЕБАНЕ,Упис за гласање по месту боравишта у земљи,12
21.09.2026,27.09.2026,ЛЕБАНЕ,Упис за гласање по месту боравишта у иностранству,52
21.09.2026,27.09.2026,ЛЕБАНЕ,Брисање по службеној дужности,2
21.09.2026,27.09.2026,ЛЕПОСАВИЋ,Упис по основу пријаве пребивалишта,4
21.09.2026,27.09.2026,ЛЕПОСАВИЋ,Промена личних података,2
21.09.2026,27.09.2026,ЛЕПОСАВИЋ,Брисање по основу одјаве пребивалишта,6
21.09.2026,27.09.2026,ЛЕПОСАВИЋ,Брисање по основу смрти лица,2
21.09.2026,27.09.2026,ЛЕПОСАВИЋ,Упис за гласање по месту боравишта у земљи,258
21.09.2026,27.09.2026,ЛЕПОСАВИЋ,Упис за гласање по месту боравишта у иностранству,10
21.09.2026,27.09.2026,ЛЕСКОВАЦ - ГРАД,Упис по основу пријаве пребивалишта,57
21.09.2026,27.09.2026,ЛЕСКОВАЦ - ГРАД,Промена личних података,43
21.09.2026,27.09.2026,ЛЕСКОВАЦ - ГРАД,Промена адресе пребивалишта,74
21.09.2026,27.09.2026,ЛЕСКОВАЦ - ГРАД,Промена адресе боравишта интерно расељеног лица,3
21.09.2026,27.09.2026,ЛЕСКОВАЦ - ГРАД,Брисање по основу одјаве пребивалишта,21
21.09.2026,27.09.2026,ЛЕСКОВАЦ - ГРАД,Брисање по основу смрти лица,40
21.09.2026,27.09.2026,ЛЕСКОВАЦ - ГРАД,Брисање боравишта интерно расељеног лица,153
21.09.2026,27.09.2026,ЛЕСКОВАЦ - ГРАД,Упис за гласање по месту боравишта у земљи,17
21.09.2026,27.09.2026,ЛЕСКОВАЦ - ГРАД,Упис за гласање по месту боравишта у иностранству,241
21.09.2026,27.09.2026,ЛЕСКОВАЦ - ГРАД,Упис по основу последњег пребивалишта,1
21.09.2026,27.09.2026,ЛИПЉАН,Упис по основу пријаве пребивалишта,16
21.09.2026,27.09.2026,ЛИПЉАН,Промена личних података,2
21.09.2026,27.09.2026,ЛИПЉАН,Брисање по основу одјаве пребивалишта,4
21.09.2026,27.09.2026,ЛИПЉАН,Упис за гласање по месту боравишта у земљи,27
21.09.2026,27.09.2026,ЛИПЉАН,Упис за гласање по месту боравишта у иностранству,6
21.09.2026,27.09.2026,ЛОЗНИЦА - ГРАД,Упис по основу стицања пунолетства,98
21.09.2026,27.09.2026,ЛОЗНИЦА - ГРАД,Упис по основу пријаве пребивалишта,86
21.09.2026,27.09.2026,ЛОЗНИЦА - ГРАД,Упис по основу пријема у држављанство,1
21.09.2026,27.09.2026,ЛОЗНИЦА - ГРАД,Промена личних података,97
21.09.2026,27.09.2026,ЛОЗНИЦА - ГРАД,Промена адресе пребивалишта,182
21.09.2026,27.09.2026,ЛОЗНИЦА - ГРАД,Брисање по основу одјаве пребивалишта,19
21.09.2026,27.09.2026,ЛОЗНИЦА - ГРАД,Брисање по основу смрти лица,22
21.09.2026,27.09.2026,ЛОЗНИЦА - ГРАД,Упис за гласање по месту боравишта у земљи,14
21.09.2026,27.09.2026,ЛОЗНИЦА - ГРАД,Упис за гласање по месту боравишта у иностранству,617
21.09.2026,27.09.2026,ЛОЗНИЦА - ГРАД,Промена гласања по месту боравишта у иностранству,4
21.09.2026,27.09.2026,ЛОЗНИЦА - ГРАД,Исправка техничке грешке,4
21.09.2026,27.09.2026,ЛОЗНИЦА - ГРАД,Брисање по службеној дужности,9
21.09.2026,27.09.2026,ЛОЗНИЦА - ГРАД,Упис по основу последњег пребивалишта,2
21.09.2026,27.09.2026,ЛУЧАНИ,Промена личних података,3
21.09.2026,27.09.2026,ЛУЧАНИ,Промена адресе пребивалишта,2
21.09.2026,27.09.2026,ЛУЧАНИ,Брисање по основу одјаве пребивалишта,10
21.09.2026,27.09.2026,ЛУЧАНИ,Брисање по основу смрти лица,3
21.09.2026,27.09.2026,ЛУЧАНИ,Упис за гласање по месту боравишта у иностранству,28
21.09.2026,27.09.2026,ЛУЧАНИ,Исправка техничке грешке,1
21.09.2026,27.09.2026,ЉИГ,Упис по основу пријаве пребивалишта,1
21.09.2026,27.09.2026,ЉИГ,Промена личних података,4
21.09.2026,27.09.2026,ЉИГ,Промена адресе пребивалишта,14
21.09.2026,27.09.2026,ЉИГ,Брисање по основу одјаве пребивалишта,2
21.09.2026,27.09.2026,ЉИГ,Брисање по основу смрти лица,1
21.09.2026,27.09.2026,ЉИГ,Брисање боравишта интерно расељеног лица,6
21.09.2026,27.09.2026,ЉИГ,Упис за гласање по месту боравишта у земљи,7
21.09.2026,27.09.2026,ЉИГ,Упис за гласање по месту боравишта у иностранству,10
21.09.2026,27.09.2026,ЉУБОВИЈА,Упис по основу пријаве пребивалишта,24
21.09.2026,27.09.2026,ЉУБОВИЈА,Промена личних података,5
21.09.2026,27.09.2026,ЉУБОВИЈА,Промена адресе пребивалишта,22
21.09.2026,27.09.2026,ЉУБОВИЈА,Брисање по основу одјаве пребивалишта,3
21.09.2026,27.09.2026,ЉУБОВИЈА,Брисање по основу смрти лица,3
21.09.2026,27.09.2026,ЉУБОВИЈА,Упис за гласање по месту боравишта у земљи,10
21.09.2026,27.09.2026,ЉУБОВИЈА,Упис за гласање по месту боравишта у иностранству,150
21.09.2026,27.09.2026,МАЈДАНПЕК,Упис по основу пријаве пребивалишта,2
21.09.2026,27.09.2026,МАЈДАНПЕК,Промена личних података,4
21.09.2026,27.09.2026,МАЈДАНПЕК,Промена адресе пребивалишта,12
21.09.2026,27.09.2026,МАЈДАНПЕК,Брисање по основу одјаве пребивалишта,15
21.09.2026,27.09.2026,МАЈДАНПЕК,Брисање по основу смрти лица,4
21.09.2026,27.09.2026,МАЈДАНПЕК,Упис за гласање по месту боравишта у земљи,12
21.09.2026,27.09.2026,МАЈДАНПЕК,Упис за гласање по месту боравишта у иностранству,96
21.09.2026,27.09.2026,МАЈДАНПЕК,Потврда о изборном праву,3
21.09.2026,27.09.2026,МАЛИ ЗВОРНИК,Упис по основу пријаве пребивалишта,30
21.09.2026,27.09.2026,МАЛИ ЗВОРНИК,Промена личних података,8
21.09.2026,27.09.2026,МАЛИ ЗВОРНИК,Промена адресе пребивалишта,16
21.09.2026,27.09.2026,МАЛИ ЗВОРНИК,Брисање по основу одјаве пребивалишта,22
21.09.2026,27.09.2026,МАЛИ ЗВОРНИК,Брисање по основу смрти лица,6
21.09.2026,27.09.2026,МАЛИ ЗВОРНИК,Упис за гласање по месту боравишта у земљи,9
21.09.2026,27.09.2026,МАЛИ ЗВОРНИК,Упис за гласање по месту боравишта у иностранству,210
21.09.2026,27.09.2026,МАЛИ ЗВОРНИК,Брисање по службеној дужности,7
21.09.2026,27.09.2026,МАЛИ ЗВОРНИК,Упис по основу последњег пребивалишта,2
21.09.2026,27.09.2026,МАЛИ ИЂОШ,Упис по основу стицања пунолетства,9
21.09.2026,27.09.2026,МАЛИ ИЂОШ,Упис по основу пријаве пребивалишта,5
21.09.2026,27.09.2026,МАЛИ ИЂОШ,Промена личних података,2
21.09.2026,27.09.2026,МАЛИ ИЂОШ,Промена адресе пребивалишта,5
21.09.2026,27.09.2026,МАЛИ ИЂОШ,Брисање по основу одјаве пребивалишта,4
21.09.2026,27.09.2026,МАЛИ ИЂОШ,Брисање по основу смрти лица,2
21.09.2026,27.09.2026,МАЛИ ИЂОШ,Упис за гласање по месту боравишта у земљи,2
21.09.2026,27.09.2026,МАЛИ ИЂОШ,Упис за гласање по месту боравишта у иностранству,18
21.09.2026,27.09.2026,МАЛИ ИЂОШ,Потврда о изборном праву,2
21.09.2026,27.09.2026,МАЛИ ИЂОШ,Брисање по службеној дужности,2
21.09.2026,27.09.2026,МАЛО ЦРНИЋЕ,Упис по основу стицања пунолетства,8
21.09.2026,27.09.2026,МАЛО ЦРНИЋЕ,Упис по основу пријаве пребивалишта,9
21.09.2026,27.09.2026,МАЛО ЦРНИЋЕ,Промена личних података,2
21.09.2026,27.09.2026,МАЛО ЦРНИЋЕ,Промена адресе пребивалишта,27
21.09.2026,27.09.2026,МАЛО ЦРНИЋЕ,Брисање по основу одјаве пребивалишта,6
21.09.2026,27.09.2026,МАЛО ЦРНИЋЕ,Брисање по основу смрти лица,5
21.09.2026,27.09.2026,МАЛО ЦРНИЋЕ,Упис за гласање по месту боравишта у земљи,1
21.09.2026,27.09.2026,МАЛО ЦРНИЋЕ,Упис за гласање по месту боравишта у иностранству,61
21.09.2026,27.09.2026,МАЛО ЦРНИЋЕ,Упис по основу последњег пребивалишта,1
21.09.2026,27.09.2026,МЕДВЕЂА,Упис по основу пријаве пребивалишта,1
21.09.2026,27.09.2026,МЕДВЕЂА,Упис по основу пријаве боравишта интерно расељеног лица,1
21.09.2026,27.09.2026,МЕДВЕЂА,Промена адресе пребивалишта,15
21.09.2026,27.09.2026,МЕДВЕЂА,Брисање по основу одјаве пребивалишта,2
21.09.2026,27.09.2026,МЕДВЕЂА,Брисање по основу смрти лица,2
21.09.2026,27.09.2026,МЕДВЕЂА,Упис за гласање по месту боравишта у земљи,5
21.09.2026,27.09.2026,МЕДВЕЂА,Упис за гласање по месту боравишта у иностранству,31
21.09.2026,27.09.2026,МЕРОШИНА,Упис по основу пријаве пребивалишта,17
21.09.2026,27.09.2026,МЕРОШИНА,Промена личних података,1
21.09.2026,27.09.2026,МЕРОШИНА,Промена адресе пребивалишта,16
21.09.2026,27.09.2026,МЕРОШИНА,Брисање по основу губитка пословне способности,1
21.09.2026,27.09.2026,МЕРОШИНА,Брисање по основу смрти лица,3
21.09.2026,27.09.2026,МЕРОШИНА,Брисање боравишта интерно расељеног лица,2
21.09.2026,27.09.2026,МЕРОШИНА,Упис за гласање по месту боравишта у земљи,3
21.09.2026,27.09.2026,МЕРОШИНА,Упис за гласање по месту боравишта у иностранству,5
21.09.2026,27.09.2026,МИОНИЦА,Упис по основу пријаве пребивалишта,20
21.09.2026,27.09.2026,МИОНИЦА,Промена личних података,20
21.09.2026,27.09.2026,МИОНИЦА,Промена адресе пребивалишта,28
21.09.2026,27.09.2026,МИОНИЦА,Брисање по основу одјаве пребивалишта,3
21.09.2026,27.09.2026,МИОНИЦА,Брисање по основу губитка пословне способности,1
21.09.2026,27.09.2026,МИОНИЦА,Брисање по основу смрти лица,3
21.09.2026,27.09.2026,МИОНИЦА,Упис за гласање по месту боравишта у земљи,2
21.09.2026,27.09.2026,МИОНИЦА,Упис за гласање по месту боравишта у иностранству,20
21.09.2026,27.09.2026,НЕГОТИН,Упис по основу пријаве пребивалишта,11
21.09.2026,27.09.2026,НЕГОТИН,Упис по основу пријема у држављанство,2
21.09.2026,27.09.2026,НЕГОТИН,Промена личних података,6
21.09.2026,27.09.2026,НЕГОТИН,Промена адресе пребивалишта,44
21.09.2026,27.09.2026,НЕГОТИН,Брисање по основу одјаве пребивалишта,4
21.09.2026,27.09.2026,НЕГОТИН,Брисање по основу смрти лица,13
21.09.2026,27.09.2026,НЕГОТИН,Брисање боравишта интерно расељеног лица,6
21.09.2026,27.09.2026,НЕГОТИН,Упис за гласање по месту боравишта у земљи,7
21.09.2026,27.09.2026,НЕГОТИН,Упис за гласање по месту боравишта у иностранству,242
21.09.2026,27.09.2026,НЕГОТИН,Потврда о упису у бирачки списак,1
21.09.2026,27.09.2026,НИШ-МЕДИЈАНА,Упис по основу пријаве пребивалишта,16
21.09.2026,27.09.2026,НИШ-МЕДИЈАНА,Упис по основу пријема у држављанство,1
21.09.2026,27.09.2026,НИШ-МЕДИЈАНА,Упис по основу пријаве боравишта интерно расељеног лица,2
21.09.2026,27.09.2026,НИШ-МЕДИЈАНА,Промена личних података,13
21.09.2026,27.09.2026,НИШ-МЕДИЈАНА,Промена адресе пребивалишта,20
21.09.2026,27.09.2026,НИШ-МЕДИЈАНА,Брисање по основу одјаве пребивалишта,12
21.09.2026,27.09.2026,НИШ-МЕДИЈАНА,Брисање по основу смрти лица,22
21.09.2026,27.09.2026,НИШ-МЕДИЈАНА,Брисање боравишта интерно расељеног лица,1
21.09.2026,27.09.2026,НИШ-МЕДИЈАНА,Упис за гласање по месту боравишта у земљи,40
21.09.2026,27.09.2026,НИШ-МЕДИЈАНА,Упис за гласање по месту боравишта у иностранству,461
21.09.2026,27.09.2026,НИШ-МЕДИЈАНА,Брисање гласања по месту боравишта у иностранству,1
21.09.2026,27.09.2026,НИШ-МЕДИЈАНА,Исправка техничке грешке,1
21.09.2026,27.09.2026,НИШ-МЕДИЈАНА,Брисање по службеној дужности,4
21.09.2026,27.09.2026,НИШ-МЕДИЈАНА,Упис по основу последњег пребивалишта,11
21.09.2026,27.09.2026,НИШ-НИШКА БАЊА,Промена личних података,1
21.09.2026,27.09.2026,НИШ-НИШКА БАЊА,Промена адресе пребивалишта,2
21.09.2026,27.09.2026,НИШ-НИШКА БАЊА,Брисање по основу одјаве пребивалишта,1
21.09.2026,27.09.2026,НИШ-НИШКА БАЊА,Упис за гласање по месту боравишта у иностранству,20
21.09.2026,27.09.2026,НИШ-ПАЛИЛУЛА,Упис по основу пријаве пребивалишта,1
21.09.2026,27.09.2026,НИШ-ПАЛИЛУЛА,Упис по основу пријаве боравишта интерно расељеног лица,2
21.09.2026,27.09.2026,НИШ-ПАЛИЛУЛА,Промена личних података,18
21.09.2026,27.09.2026,НИШ-ПАЛИЛУЛА,Промена адресе пребивалишта,13
21.09.2026,27.09.2026,НИШ-ПАЛИЛУЛА,Брисање по основу одјаве пребивалишта,19
21.09.2026,27.09.2026,НИШ-ПАЛИЛУЛА,Брисање по основу смрти лица,14
21.09.2026,27.09.2026,НИШ-ПАЛИЛУЛА,Брисање боравишта интерно расељеног лица,1
21.09.2026,27.09.2026,НИШ-ПАЛИЛУЛА,Упис за гласање по месту боравишта у земљи,9
21.09.2026,27.09.2026,НИШ-ПАЛИЛУЛА,Упис за гласање по месту боравишта у иностранству,255
21.09.2026,27.09.2026,НИШ-ПАЛИЛУЛА,Потврда о изборном праву,1
21.09.2026,27.09.2026,НИШ-ПАЛИЛУЛА,Упис по основу последњег пребивалишта,1
21.09.2026,27.09.2026,НИШ-ПАНТЕЛЕЈ,Упис по основу пријаве пребивалишта,7
21.09.2026,27.09.2026,НИШ-ПАНТЕЛЕЈ,Упис по основу пријаве боравишта интерно расељеног лица,1
21.09.2026,27.09.2026,НИШ-ПАНТЕЛЕЈ,Промена личних података,15
21.09.2026,27.09.2026,НИШ-ПАНТЕЛЕЈ,Промена адресе пребивалишта,27
21.09.2026,27.09.2026,НИШ-ПАНТЕЛЕЈ,Промена адресе боравишта интерно расељеног лица,1
21.09.2026,27.09.2026,НИШ-ПАНТЕЛЕЈ,Брисање по основу одјаве пребивалишта,5
21.09.2026,27.09.2026,НИШ-ПАНТЕЛЕЈ,Брисање по основу смрти лица,9
21.09.2026,27.09.2026,НИШ-ПАНТЕЛЕЈ,Упис за гласање по месту боравишта у земљи,16
21.09.2026,27.09.2026,НИШ-ПАНТЕЛЕЈ,Упис за гласање по месту боравишта у иностранству,221
21.09.2026,27.09.2026,НИШ-ПАНТЕЛЕЈ,Потврда о изборном праву,1
21.09.2026,27.09.2026,НИШ-ПАНТЕЛЕЈ,Исправка техничке грешке,1
21.09.2026,27.09.2026,НИШ-ЦРВЕНИ КРСТ,Упис по основу пријаве пребивалишта,3
21.09.2026,27.09.2026,НИШ-ЦРВЕНИ КРСТ,Упис по основу пријаве боравишта интерно расељеног лица,1
21.09.2026,27.09.2026,НИШ-ЦРВЕНИ КРСТ,Промена личних података,3
21.09.2026,27.09.2026,НИШ-ЦРВЕНИ КРСТ,Промена адресе пребивалишта,17
21.09.2026,27.09.2026,НИШ-ЦРВЕНИ КРСТ,Брисање по основу одјаве пребивалишта,4
21.09.2026,27.09.2026,НИШ-ЦРВЕНИ КРСТ,Брисање по основу смрти лица,6
21.09.2026,27.09.2026,НИШ-ЦРВЕНИ КРСТ,Упис за гласање по месту боравишта у земљи,1
21.09.2026,27.09.2026,НИШ-ЦРВЕНИ КРСТ,Упис за гласање по месту боравишта у иностранству,79
21.09.2026,27.09.2026,НИШ-ЦРВЕНИ КРСТ,Промена гласања по месту боравишта у иностранству,1
21.09.2026,27.09.2026,НИШ-ЦРВЕНИ КРСТ,Брисање по службеној дужности,3
21.09.2026,27.09.2026,НОВА ВАРОШ,Промена личних података,7
21.09.2026,27.09.2026,НОВА ВАРОШ,Промена адресе пребивалишта,83
21.09.2026,27.09.2026,НОВА ВАРОШ,Брисање по основу одјаве пребивалишта,8
21.09.2026,27.09.2026,НОВА ВАРОШ,Брисање по основу смрти лица,5
21.09.2026,27.09.2026,НОВА ВАРОШ,Упис за гласање по месту боравишта у земљи,5
21.09.2026,27.09.2026,НОВА ВАРОШ,Упис за гласање по месту боравишта у иностранству,86
21.09.2026,27.09.2026,НОВА ЦРЊА,Упис по основу пријаве пребивалишта,3
21.09.2026,27.09.2026,НОВА ЦРЊА,Промена личних података,2
21.09.2026,27.09.2026,НОВА ЦРЊА,Промена адресе пребивалишта,5
21.09.2026,27.09.2026,НОВА ЦРЊА,Брисање по основу одјаве пребивалишта,1
21.09.2026,27.09.2026,НОВА ЦРЊА,Брисање по основу губитка пословне способности,2
21.09.2026,27.09.2026,НОВА ЦРЊА,Брисање по основу смрти лица,3
21.09.2026,27.09.2026,НОВА ЦРЊА,Упис за гласање по месту боравишта у иностранству,14
21.09.2026,27.09.2026,НОВА ЦРЊА,Потврда о упису у бирачки списак,4
21.09.2026,27.09.2026,НОВИ БЕЧЕЈ,Промена личних података,4
21.09.2026,27.09.2026,НОВИ БЕЧЕЈ,Промена адресе пребивалишта,8
21.09.2026,27.09.2026,НОВИ БЕЧЕЈ,Брисање по основу одјаве пребивалишта,8
21.09.2026,27.09.2026,НОВИ БЕЧЕЈ,Брисање по основу смрти лица,6
21.09.2026,27.09.2026,НОВИ БЕЧЕЈ,Упис за гласање по месту боравишта у земљи,3
21.09.2026,27.09.2026,НОВИ БЕЧЕЈ,Упис за гласање по месту боравишта у иностранству,45
21.09.2026,27.09.2026,НОВИ БЕЧЕЈ,Исправка техничке грешке,1
21.09.2026,27.09.2026,НОВИ КНЕЖЕВАЦ,Упис по основу пријаве пребивалишта,3
21.09.2026,27.09.2026,НОВИ КНЕЖЕВАЦ,Промена личних података,3
21.09.2026,27.09.2026,НОВИ КНЕЖЕВАЦ,Промена адресе пребивалишта,3
21.09.2026,27.09.2026,НОВИ КНЕЖЕВАЦ,Брисање по основу одјаве пребивалишта,4
21.09.2026,27.09.2026,НОВИ КНЕЖЕВАЦ,Брисање по основу смрти лица,2
21.09.2026,27.09.2026,НОВИ КНЕЖЕВАЦ,Упис за гласање по месту боравишта у иностранству,21
21.09.2026,27.09.2026,НОВИ ПАЗАР - ГРАД,Упис по основу пријаве пребивалишта,9
21.09.2026,27.09.2026,НОВИ ПАЗАР - ГРАД,Упис по основу пријема у држављанство,2
21.09.2026,27.09.2026,НОВИ ПАЗАР - ГРАД,Промена личних података,21
21.09.2026,27.09.2026,НОВИ ПАЗАР - ГРАД,Промена адресе пребивалишта,118
21.09.2026,27.09.2026,НОВИ ПАЗАР - ГРАД,Брисање по основу одјаве пребивалишта,24
21.09.2026,27.09.2026,НОВИ ПАЗАР - ГРАД,Брисање по основу губитка пословне способности,13
21.09.2026,27.09.2026,НОВИ ПАЗАР - ГРАД,Брисање по основу смрти лица,17
21.09.2026,27.09.2026,НОВИ ПАЗАР - ГРАД,Упис за гласање по месту боравишта у земљи,6
21.09.2026,27.09.2026,НОВИ ПАЗАР - ГРАД,Упис за гласање по месту боравишта у иностранству,229
21.09.2026,27.09.2026,НОВИ ПАЗАР - ГРАД,Промена гласања по месту боравишта у иностранству,2
21.09.2026,27.09.2026,НОВИ САД - ГРАД,Упис по основу стицања пунолетства,1
21.09.2026,27.09.2026,НОВИ САД - ГРАД,Упис по основу пријаве пребивалишта,124
21.09.2026,27.09.2026,НОВИ САД - ГРАД,Упис по основу пријема у држављанство,1
21.09.2026,27.09.2026,НОВИ САД - ГРАД,Промена личних података,116
21.09.2026,27.09.2026,НОВИ САД - ГРАД,Промена адресе пребивалишта,212
21.09.2026,27.09.2026,НОВИ САД - ГРАД,Брисање по основу одјаве пребивалишта,146
21.09.2026,27.09.2026,НОВИ САД - ГРАД,Брисање по основу губитка пословне способности,31
21.09.2026,27.09.2026,НОВИ САД - ГРАД,Брисање по основу смрти лица,52
21.09.2026,27.09.2026,НОВИ САД - ГРАД,Упис за гласање по месту боравишта у земљи,289
21.09.2026,27.09.2026,НОВИ САД - ГРАД,Упис за гласање по месту боравишта у иностранству,3034
21.09.2026,27.09.2026,НОВИ САД - ГРАД,Промена гласања по месту боравишта у земљи,1
21.09.2026,27.09.2026,НОВИ САД - ГРАД,Промена гласања по месту боравишта у иностранству,15
21.09.2026,27.09.2026,НОВИ САД - ГРАД,Брисање гласања по месту боравишта у земљи,2
21.09.2026,27.09.2026,НОВИ САД - ГРАД,Брисање гласања по месту боравишта у иностранству,1
21.09.2026,27.09.2026,НОВИ САД - ГРАД,Потврда о изборном праву,4
21.09.2026,27.09.2026,НОВИ САД - ГРАД,Исправка техничке грешке,1
21.09.2026,27.09.2026,НОВИ САД - ГРАД,Брисање по службеној дужности,25
21.09.2026,27.09.2026,НОВИ САД - ГРАД,Упис по основу последњег пребивалишта,46
21.09.2026,27.09.2026,НОВО БРДО,Упис по основу стицања пунолетства,14
21.09.2026,27.09.2026,НОВО БРДО,Упис по основу пријаве пребивалишта,2
21.09.2026,27.09.2026,НОВО БРДО,Брисање по основу одјаве пребивалишта,1
21.09.2026,27.09.2026,НОВО БРДО,Упис за гласање по месту боравишта у земљи,37
21.09.2026,27.09.2026,ОБИЛИЋ,Упис по основу пријаве пребивалишта,17
21.09.2026,27.09.2026,ОБИЛИЋ,Промена личних података,1
21.09.2026,27.09.2026,ОБИЛИЋ,Брисање по основу одјаве пребивалишта,1
21.09.2026,27.09.2026,ОБИЛИЋ,Упис за гласање по месту боравишта у земљи,7
21.09.2026,27.09.2026,ОБИЛИЋ,Упис за гласање по месту боравишта у иностранству,10
21.09.2026,27.09.2026,ОБИЛИЋ,Потврда о упису у бирачки списак,1
21.09.2026,27.09.2026,ОПОВО,Упис по основу пријаве пребивалишта,1
21.09.2026,27.09.2026,ОПОВО,Промена личних података,2
21.09.2026,27.09.2026,ОПОВО,Промена адресе пребивалишта,2
21.09.2026,27.09.2026,ОПОВО,Брисање по основу одјаве пребивалишта,5
21.09.2026,27.09.2026,ОПОВО,Брисање по основу смрти лица,2
21.09.2026,27.09.2026,ОПОВО,Упис за гласање по месту боравишта у земљи,17
21.09.2026,27.09.2026,ОПОВО,Упис за гласање по месту боравишта у иностранству,11
21.09.2026,27.09.2026,ОПОВО,Промена гласања по месту боравишта у земљи,2
21.09.2026,27.09.2026,ОПОВО,Брисање гласања по месту боравишта у земљи,1
21.09.2026,27.09.2026,ОРАХОВАЦ,Упис по основу стицања пунолетства,2
21.09.2026,27.09.2026,ОРАХОВАЦ,Упис по основу пријаве пребивалишта,1
21.09.2026,27.09.2026,ОРАХОВАЦ,Брисање по основу одјаве пребивалишта,2
21.09.2026,27.09.2026,ОРАХОВАЦ,Упис за гласање по месту боравишта у земљи,8
21.09.2026,27.09.2026,ОРАХОВАЦ,Упис за гласање по месту боравишта у иностранству,43
21.09.2026,27.09.2026,ОСЕЧИНА,Упис по основу пријаве пребивалишта,1
21.09.2026,27.09.2026,ОСЕЧИНА,Промена личних података,4
21.09.2026,27.09.2026,ОСЕЧИНА,Промена адресе пребивалишта,3
21.09.2026,27.09.2026,ОСЕЧИНА,Брисање по основу одјаве пребивалишта,3
21.09.2026,27.09.2026,ОСЕЧИНА,Брисање по основу губитка пословне способности,1
21.09.2026,27.09.2026,ОСЕЧИНА,Брисање по основу смрти лица,4
21.09.2026,27.09.2026,ОСЕЧИНА,Упис за гласање по месту боравишта у земљи,1
21.09.2026,27.09.2026,ОСЕЧИНА,Упис за гласање по месту боравишта у иностранству,14
21.09.2026,27.09.2026,ОЏАЦИ,Упис по основу стицања пунолетства,28
21.09.2026,27.09.2026,ОЏАЦИ,Упис по основу пријаве пребивалишта,5
21.09.2026,27.09.2026,ОЏАЦИ,Промена личних података,8
21.09.2026,27.09.2026,ОЏАЦИ,Промена адресе пребивалишта,12
21.09.2026,27.09.2026,ОЏАЦИ,Брисање по основу одјаве пребивалишта,4
21.09.2026,27.09.2026,ОЏАЦИ,Брисање по основу смрти лица,8
21.09.2026,27.09.2026,ОЏАЦИ,Упис за гласање по месту боравишта у иностранству,52
21.09.2026,27.09.2026,ОЏАЦИ,Потврда о изборном праву,6
21.09.2026,27.09.2026,ПАНЧЕВО - ГРАД,Упис по основу стицања пунолетства,54
21.09.2026,27.09.2026,ПАНЧЕВО - ГРАД,Упис по основу пријаве пребивалишта,129
21.09.2026,27.09.2026,ПАНЧЕВО - ГРАД,Упис по основу пријема у држављанство,1
21.09.2026,27.09.2026,ПАНЧЕВО - ГРАД,Промена личних података,31
21.09.2026,27.09.2026,ПАНЧЕВО - ГРАД,Промена адресе пребивалишта,62
21.09.2026,27.09.2026,ПАНЧЕВО - ГРАД,Брисање по основу одјаве пребивалишта,22
21.09.2026,27.09.2026,ПАНЧЕВО - ГРАД,Брисање по основу смрти лица,27
21.09.2026,27.09.2026,ПАНЧЕВО - ГРАД,Упис за гласање по месту боравишта у земљи,25
21.09.2026,27.09.2026,ПАНЧЕВО - ГРАД,Упис за гласање по месту боравишта у иностранству,434
21.09.2026,27.09.2026,ПАНЧЕВО - ГРАД,Промена гласања по месту боравишта у иностранству,1
21.09.2026,27.09.2026,ПАНЧЕВО - ГРАД,Брисање по службеној дужности,34
21.09.2026,27.09.2026,ПАНЧЕВО - ГРАД,Упис по основу последњег пребивалишта,6
21.09.2026,27.09.2026,ПАРАЋИН,Упис по основу пријаве пребивалишта,5
21.09.2026,27.09.2026,ПАРАЋИН,Промена личних података,17
21.09.2026,27.09.2026,ПАРАЋИН,Промена адресе пребивалишта,122
21.09.2026,27.09.2026,ПАРАЋИН,Промена адресе боравишта интерно расељеног лица,1
21.09.2026,27.09.2026,ПАРАЋИН,Брисање по основу отпуста из држављанства,2
21.09.2026,27.09.2026,ПАРАЋИН,Брисање по основу одјаве пребивалишта,13
21.09.2026,27.09.2026,ПАРАЋИН,Брисање по основу смрти лица,12
21.09.2026,27.09.2026,ПАРАЋИН,Брисање боравишта интерно расељеног лица,29
21.09.2026,27.09.2026,ПАРАЋИН,Упис за гласање по месту боравишта у земљи,2
21.09.2026,27.09.2026,ПАРАЋИН,Упис за гласање по месту боравишта у иностранству,124
21.09.2026,27.09.2026,ПАРАЋИН,Промена гласања по месту боравишта у иностранству,2
21.09.2026,27.09.2026,ПАРАЋИН,Исправка техничке грешке,1
21.09.2026,27.09.2026,ПАРАЋИН,Упис по основу последњег пребивалишта,1
21.09.2026,27.09.2026,ПЕТРОВАЦ НА МЛАВИ,Упис по основу стицања пунолетства,15
21.09.2026,27.09.2026,ПЕТРОВАЦ НА МЛАВИ,Упис по основу пријаве пребивалишта,9
21.09.2026,27.09.2026,ПЕТРОВАЦ НА МЛАВИ,Упис по основу пријема у држављанство,1
21.09.2026,27.09.2026,ПЕТРОВАЦ НА МЛАВИ,Промена личних података,15
21.09.2026,27.09.2026,ПЕТРОВАЦ НА МЛАВИ,Промена адресе пребивалишта,31
21.09.2026,27.09.2026,ПЕТРОВАЦ НА МЛАВИ,Брисање по основу одјаве пребивалишта,4
21.09.2026,27.09.2026,ПЕТРОВАЦ НА МЛАВИ,Брисање по основу смрти лица,6
21.09.2026,27.09.2026,ПЕТРОВАЦ НА МЛАВИ,Упис за гласање по месту боравишта у земљи,7
21.09.2026,27.09.2026,ПЕТРОВАЦ НА МЛАВИ,Упис за гласање по месту боравишта у иностранству,194
21.09.2026,27.09.2026,ПЕЋ,Упис по основу стицања пунолетства,2
21.09.2026,27.09.2026,ПЕЋ,Упис по основу пријаве пребивалишта,56
21.09.2026,27.09.2026,ПЕЋ,Промена личних података,2
21.09.2026,27.09.2026,ПЕЋ,Брисање по основу одјаве пребивалишта,3
21.09.2026,27.09.2026,ПЕЋ,Упис за гласање по месту боравишта у земљи,54
21.09.2026,27.09.2026,ПЕЋ,Упис за гласање по месту боравишта у иностранству,122
21.09.2026,27.09.2026,ПЕЋИНЦИ,Упис по основу пријаве пребивалишта,6
21.09.2026,27.09.2026,ПЕЋИНЦИ,Промена личних података,1
21.09.2026,27.09.2026,ПЕЋИНЦИ,Промена адресе пребивалишта,10
21.09.2026,27.09.2026,ПЕЋИНЦИ,Брисање по основу одјаве пребивалишта,15
21.09.2026,27.09.2026,ПЕЋИНЦИ,Брисање по основу смрти лица,5
21.09.2026,27.09.2026,ПЕЋИНЦИ,Упис за гласање по месту боравишта у земљи,8
21.09.2026,27.09.2026,ПЕЋИНЦИ,Упис за гласање по месту боравишта у иностранству,102
21.09.2026,27.09.2026,ПИРОТ - ГРАД,Упис по основу стицања пунолетства,37
21.09.2026,27.09.2026,ПИРОТ - ГРАД,Упис по основу пријаве пребивалишта,6
21.09.2026,27.09.2026,ПИРОТ - ГРАД,Промена личних података,11
21.09.2026,27.09.2026,ПИРОТ - ГРАД,Промена адресе пребивалишта,33
21.09.2026,27.09.2026,ПИРОТ - ГРАД,Брисање по основу одјаве пребивалишта,4
21.09.2026,27.09.2026,ПИРОТ - ГРАД,Брисање по основу губитка пословне способности,3
21.09.2026,27.09.2026,ПИРОТ - ГРАД,Брисање по основу смрти лица,26
21.09.2026,27.09.2026,ПИРОТ - ГРАД,Упис за гласање по месту боравишта у земљи,6
21.09.2026,27.09.2026,ПИРОТ - ГРАД,Упис за гласање по месту боравишта у иностранству,97
21.09.2026,27.09.2026,ПЛАНДИШТЕ,Промена личних података,4
21.09.2026,27.09.2026,ПЛАНДИШТЕ,Промена адресе пребивалишта,3
21.09.2026,27.09.2026,ПЛАНДИШТЕ,Брисање по основу одјаве пребивалишта,2
21.09.2026,27.09.2026,ПЛАНДИШТЕ,Брисање по основу смрти лица,4
21.09.2026,27.09.2026,ПЛАНДИШТЕ,Упис за гласање по месту боравишта у земљи,3
21.09.2026,27.09.2026,ПЛАНДИШТЕ,Упис за гласање по месту боравишта у иностранству,21
21.09.2026,27.09.2026,ПОДУЈЕВО,Брисање по основу одјаве пребивалишта,1
21.09.2026,27.09.2026,ПОЖАРЕВАЦ,Упис по основу стицања пунолетства,74
21.09.2026,27.09.2026,ПОЖАРЕВАЦ,Упис по основу пријаве пребивалишта,65
21.09.2026,27.09.2026,ПОЖАРЕВАЦ,Промена личних података,34
21.09.2026,27.09.2026,ПОЖАРЕВАЦ,Промена адресе пребивалишта,36
21.09.2026,27.09.2026,ПОЖАРЕВАЦ,Брисање по основу отпуста из држављанства,1
21.09.2026,27.09.2026,ПОЖАРЕВАЦ,Брисање по основу одјаве пребивалишта,28
21.09.2026,27.09.2026,ПОЖАРЕВАЦ,Брисање по основу смрти лица,19
21.09.2026,27.09.2026,ПОЖАРЕВАЦ,Брисање боравишта интерно расељеног лица,1
21.09.2026,27.09.2026,ПОЖАРЕВАЦ,Упис за гласање по месту боравишта у земљи,5
21.09.2026,27.09.2026,ПОЖАРЕВАЦ,Упис за гласање по месту боравишта у иностранству,320
21.09.2026,27.09.2026,ПОЖАРЕВАЦ,Брисање по службеној дужности,1
21.09.2026,27.09.2026,ПОЖАРЕВАЦ-КОСТОЛАЦ,Упис по основу стицања пунолетства,22
21.09.2026,27.09.2026,ПОЖАРЕВАЦ-КОСТОЛАЦ,Упис по основу пријаве пребивалишта,15
21.09.2026,27.09.2026,ПОЖАРЕВАЦ-КОСТОЛАЦ,Промена личних података,5
21.09.2026,27.09.2026,ПОЖАРЕВАЦ-КОСТОЛАЦ,Промена адресе пребивалишта,12
21.09.2026,27.09.2026,ПОЖАРЕВАЦ-КОСТОЛАЦ,Брисање по основу одјаве пребивалишта,10
21.09.2026,27.09.2026,ПОЖАРЕВАЦ-КОСТОЛАЦ,Брисање по основу смрти лица,3
21.09.2026,27.09.2026,ПОЖАРЕВАЦ-КОСТОЛАЦ,Брисање боравишта интерно расељеног лица,1
21.09.2026,27.09.2026,ПОЖАРЕВАЦ-КОСТОЛАЦ,Упис за гласање по месту боравишта у иностранству,23
21.09.2026,27.09.2026,ПОЖЕГА,Упис по основу стицања пунолетства,5
21.09.2026,27.09.2026,ПОЖЕГА,Упис по основу пријаве пребивалишта,18
21.09.2026,27.09.2026,ПОЖЕГА,Упис по основу пријема у држављанство,1
21.09.2026,27.09.2026,ПОЖЕГА,Промена личних података,4
21.09.2026,27.09.2026,ПОЖЕГА,Промена адресе пребивалишта,34
21.09.2026,27.09.2026,ПОЖЕГА,Брисање по основу одјаве пребивалишта,6
21.09.2026,27.09.2026,ПОЖЕГА,Брисање по основу губитка пословне способности,1
21.09.2026,27.09.2026,ПОЖЕГА,Брисање по основу смрти лица,7
21.09.2026,27.09.2026,ПОЖЕГА,Брисање боравишта интерно расељеног лица,8
21.09.2026,27.09.2026,ПОЖЕГА,Упис за гласање по месту боравишта у земљи,7
21.09.2026,27.09.2026,ПОЖЕГА,Упис за гласање по месту боравишта у иностранству,53
21.09.2026,27.09.2026,ПОЖЕГА,Исправка техничке грешке,2
21.09.2026,27.09.2026,ПРЕШЕВО,Упис по основу стицања пунолетства,2
21.09.2026,27.09.2026,ПРЕШЕВО,Упис по основу пријаве пребивалишта,8
21.09.2026,27.09.2026,ПРЕШЕВО,Промена личних података,1242
21.09.2026,27.09.2026,ПРЕШЕВО,Промена адресе пребивалишта,102
21.09.2026,27.09.2026,ПРЕШЕВО,Брисање по основу одјаве пребивалишта,1
21.09.2026,27.09.2026,ПРЕШЕВО,Брисање по основу губитка пословне способности,2
21.09.2026,27.09.2026,ПРЕШЕВО,Брисање по основу смрти лица,10
21.09.2026,27.09.2026,ПРЕШЕВО,Брисање боравишта интерно расељеног лица,14
21.09.2026,27.09.2026,ПРЕШЕВО,Упис за гласање по месту боравишта у иностранству,17
21.09.2026,27.09.2026,ПРЕШЕВО,Исправка техничке грешке,993
21.09.2026,27.09.2026,ПРИБОЈ,Упис по основу пријаве пребивалишта,17
21.09.2026,27.09.2026,ПРИБОЈ,Промена адресе пребивалишта,83
21.09.2026,27.09.2026,ПРИБОЈ,Брисање по основу одјаве пребивалишта,12
21.09.2026,27.09.2026,ПРИБОЈ,Брисање по основу губитка пословне способности,1
21.09.2026,27.09.2026,ПРИБОЈ,Брисање по основу смрти лица,3
21.09.2026,27.09.2026,ПРИБОЈ,Упис за гласање по месту боравишта у земљи,12
21.09.2026,27.09.2026,ПРИБОЈ,Упис за гласање по месту боравишта у иностранству,555
21.09.2026,27.09.2026,ПРИЗРЕН,Брисање по основу одјаве пребивалишта,3
21.09.2026,27.09.2026,ПРИЗРЕН,Упис за гласање по месту боравишта у земљи,3
21.09.2026,27.09.2026,ПРИЈЕПОЉЕ,Упис по основу пријаве пребивалишта,14
21.09.2026,27.09.2026,ПРИЈЕПОЉЕ,Упис по основу пријема у држављанство,1
21.09.2026,27.09.2026,ПРИЈЕПОЉЕ,Промена личних података,3
21.09.2026,27.09.2026,ПРИЈЕПОЉЕ,Промена адресе пребивалишта,149
21.09.2026,27.09.2026,ПРИЈЕПОЉЕ,Брисање по основу дуплог уписа,1
21.09.2026,27.09.2026,ПРИЈЕПОЉЕ,Брисање по основу одјаве пребивалишта,8
21.09.2026,27.09.2026,ПРИЈЕПОЉЕ,Брисање по основу губитка пословне способности,3
21.09.2026,27.09.2026,ПРИЈЕПОЉЕ,Брисање по основу смрти лица,10
21.09.2026,27.09.2026,ПРИЈЕПОЉЕ,Упис за гласање по месту боравишта у земљи,2
21.09.2026,27.09.2026,ПРИЈЕПОЉЕ,Упис за гласање по месту боравишта у иностранству,88
21.09.2026,27.09.2026,ПРИШТИНА - ГРАД,Упис по основу стицања пунолетства,32
21.09.2026,27.09.2026,ПРИШТИНА - ГРАД,Упис по основу пријаве пребивалишта,32
21.09.2026,27.09.2026,ПРИШТИНА - ГРАД,Промена личних података,25
21.09.2026,27.09.2026,ПРИШТИНА - ГРАД,Промена адресе пребивалишта,2
21.09.2026,27.09.2026,ПРИШТИНА - ГРАД,Брисање по основу одјаве пребивалишта,11
21.09.2026,27.09.2026,ПРИШТИНА - ГРАД,Упис за гласање по месту боравишта у земљи,156
21.09.2026,27.09.2026,ПРИШТИНА - ГРАД,Упис за гласање по месту боравишта у иностранству,29
21.09.2026,27.09.2026,ПРИШТИНА - ГРАД,Промена гласања по месту боравишта у земљи,1
21.09.2026,27.09.2026,ПРИШТИНА - ГРАД,Упис по основу последњег пребивалишта,21
21.09.2026,27.09.2026,ПРОКУПЉЕ - ГРАД,Упис по основу пријаве пребивалишта,3
21.09.2026,27.09.2026,ПРОКУПЉЕ - ГРАД,Упис по основу пријаве боравишта интерно расељеног лица,2
21.09.2026,27.09.2026,ПРОКУПЉЕ - ГРАД,Промена личних података,18
21.09.2026,27.09.2026,ПРОКУПЉЕ - ГРАД,Промена адресе пребивалишта,25
21.09.2026,27.09.2026,ПРОКУПЉЕ - ГРАД,Брисање по основу одјаве пребивалишта,3
21.09.2026,27.09.2026,ПРОКУПЉЕ - ГРАД,Брисање по основу смрти лица,12
21.09.2026,27.09.2026,ПРОКУПЉЕ - ГРАД,Упис за гласање по месту боравишта у земљи,9
21.09.2026,27.09.2026,ПРОКУПЉЕ - ГРАД,Упис за гласање по месту боравишта у иностранству,103
21.09.2026,27.09.2026,РАЖАЊ,Промена личних података,2
21.09.2026,27.09.2026,РАЖАЊ,Промена адресе пребивалишта,16
21.09.2026,27.09.2026,РАЖАЊ,Брисање по основу смрти лица,3
21.09.2026,27.09.2026,РАЖАЊ,Упис за гласање по месту боравишта у земљи,4
21.09.2026,27.09.2026,РАЖАЊ,Упис за гласање по месту боравишта у иностранству,13
21.09.2026,27.09.2026,РАЧА,Упис по основу пријаве пребивалишта,11
21.09.2026,27.09.2026,РАЧА,Промена личних података,3
21.09.2026,27.09.2026,РАЧА,Промена адресе пребивалишта,12
21.09.2026,27.09.2026,РАЧА,Брисање по основу одјаве пребивалишта,2
21.09.2026,27.09.2026,РАЧА,Брисање по основу смрти лица,6
21.09.2026,27.09.2026,РАЧА,Упис за гласање по месту боравишта у земљи,3
21.09.2026,27.09.2026,РАЧА,Упис за гласање по месту боравишта у иностранству,36
21.09.2026,27.09.2026,РАШКА,Упис по основу пријаве пребивалишта,7
21.09.2026,27.09.2026,РАШКА,Промена личних података,3
21.09.2026,27.09.2026,РАШКА,Промена адресе пребивалишта,15
21.09.2026,27.09.2026,РАШКА,Брисање по основу одјаве пребивалишта,12
21.09.2026,27.09.2026,РАШКА,Брисање по основу смрти лица,3
21.09.2026,27.09.2026,РАШКА,Упис за гласање по месту боравишта у земљи,22
21.09.2026,27.09.2026,РАШКА,Упис за гласање по месту боравишта у иностранству,28
21.09.2026,27.09.2026,РАШКА,Брисање по службеној дужности,2
21.09.2026,27.09.2026,РЕКОВАЦ,Упис по основу пријаве пребивалишта,2
21.09.2026,27.09.2026,РЕКОВАЦ,Промена адресе пребивалишта,28
21.09.2026,27.09.2026,РЕКОВАЦ,Брисање по основу одјаве пребивалишта,1
21.09.2026,27.09.2026,РЕКОВАЦ,Брисање по основу смрти лица,4
21.09.2026,27.09.2026,РЕКОВАЦ,Упис за гласање по месту боравишта у иностранству,11
21.09.2026,27.09.2026,РУМА,Упис по основу пријаве пребивалишта,8
21.09.2026,27.09.2026,РУМА,Промена личних података,22
21.09.2026,27.09.2026,РУМА,Промена адресе пребивалишта,208
21.09.2026,27.09.2026,РУМА,Брисање по основу одјаве пребивалишта,5
21.09.2026,27.09.2026,РУМА,Брисање по основу смрти лица,12
21.09.2026,27.09.2026,РУМА,Упис за гласање по месту боравишта у земљи,19
21.09.2026,27.09.2026,РУМА,Упис за гласање по месту боравишта у иностранству,161
21.09.2026,27.09.2026,РУМА,Исправка техничке грешке,2
21.09.2026,27.09.2026,РУМА,Брисање по службеној дужности,1
21.09.2026,27.09.2026,РУМА,Упис по основу последњег пребивалишта,2
21.09.2026,27.09.2026,СВИЛАЈНАЦ,Промена личних података,3
21.09.2026,27.09.2026,СВИЛАЈНАЦ,Промена адресе пребивалишта,21
21.09.2026,27.09.2026,СВИЛАЈНАЦ,Брисање по основу одјаве пребивалишта,2
21.09.2026,27.09.2026,СВИЛАЈНАЦ,Брисање по основу смрти лица,2
21.09.2026,27.09.2026,СВИЛАЈНАЦ,Брисање боравишта интерно расељеног лица,18
21.09.2026,27.09.2026,СВИЛАЈНАЦ,Упис за гласање по месту боравишта у земљи,4
21.09.2026,27.09.2026,СВИЛАЈНАЦ,Упис за гласање по месту боравишта у иностранству,102
21.09.2026,27.09.2026,СВИЛАЈНАЦ,Исправка техничке грешке,1
21.09.2026,27.09.2026,СВРЉИГ,Упис по основу пријаве пребивалишта,1
21.09.2026,27.09.2026,СВРЉИГ,Промена личних података,1
21.09.2026,27.09.2026,СВРЉИГ,Промена адресе пребивалишта,15
21.09.2026,27.09.2026,СВРЉИГ,Брисање по основу смрти лица,2
21.09.2026,27.09.2026,СВРЉИГ,Упис за гласање по месту боравишта у земљи,3
21.09.2026,27.09.2026,СВРЉИГ,Упис за гласање по месту боравишта у иностранству,27
21.09.2026,27.09.2026,СВРЉИГ,Потврда о изборном праву,11
21.09.2026,27.09.2026,СЕНТА,Упис по основу пријаве пребивалишта,2
21.09.2026,27.09.2026,СЕНТА,Промена личних података,9
21.09.2026,27.09.2026,СЕНТА,Промена адресе пребивалишта,10
21.09.2026,27.09.2026,СЕНТА,Брисање по основу одјаве пребивалишта,6
21.09.2026,27.09.2026,СЕНТА,Брисање по основу смрти лица,6
21.09.2026,27.09.2026,СЕНТА,Упис за гласање по месту боравишта у земљи,1
21.09.2026,27.09.2026,СЕНТА,Упис за гласање по месту боравишта у иностранству,18
21.09.2026,27.09.2026,СЕЧАЊ,Упис по основу пријаве пребивалишта,7
21.09.2026,27.09.2026,СЕЧАЊ,Промена личних података,1
21.09.2026,27.09.2026,СЕЧАЊ,Промена адресе пребивалишта,7
21.09.2026,27.09.2026,СЕЧАЊ,Брисање по основу одјаве пребивалишта,6
21.09.2026,27.09.2026,СЕЧАЊ,Брисање по основу смрти лица,2
21.09.2026,27.09.2026,СЕЧАЊ,Упис за гласање по месту боравишта у иностранству,24
21.09.2026,27.09.2026,СЕЧАЊ,Промена гласања по месту боравишта у иностранству,1
21.09.2026,27.09.2026,СЈЕНИЦА,Упис по основу стицања пунолетства,1
21.09.2026,27.09.2026,СЈЕНИЦА,Упис по основу пријаве пребивалишта,8
21.09.2026,27.09.2026,СЈЕНИЦА,Промена личних података,3
21.09.2026,27.09.2026,СЈЕНИЦА,Промена адресе пребивалишта,80
21.09.2026,27.09.2026,СЈЕНИЦА,Брисање по основу одјаве пребивалишта,6
21.09.2026,27.09.2026,СЈЕНИЦА,Брисање по основу смрти лица,8
21.09.2026,27.09.2026,СЈЕНИЦА,Упис за гласање по месту боравишта у земљи,1
21.09.2026,27.09.2026,СЈЕНИЦА,Упис за гласање по месту боравишта у иностранству,53
21.09.2026,27.09.2026,СМЕДЕРЕВО - ГРАД,Упис по основу стицања пунолетства,77
21.09.2026,27.09.2026,СМЕДЕРЕВО - ГРАД,Упис по основу пријаве пребивалишта,6
21.09.2026,27.09.2026,СМЕДЕРЕВО - ГРАД,Упис по основу пријаве боравишта интерно расељеног лица,1
21.09.2026,27.09.2026,СМЕДЕРЕВО - ГРАД,Промена личних података,17
21.09.2026,27.09.2026,СМЕДЕРЕВО - ГРАД,Промена адресе пребивалишта,38
21.09.2026,27.09.2026,СМЕДЕРЕВО - ГРАД,Брисање по основу одјаве пребивалишта,20
21.09.2026,27.09.2026,СМЕДЕРЕВО - ГРАД,Брисање по основу смрти лица,22
21.09.2026,27.09.2026,СМЕДЕРЕВО - ГРАД,Брисање боравишта интерно расељеног лица,14
21.09.2026,27.09.2026,СМЕДЕРЕВО - ГРАД,Упис за гласање по месту боравишта у земљи,4
21.09.2026,27.09.2026,СМЕДЕРЕВО - ГРАД,Упис за гласање по месту боравишта у иностранству,326
21.09.2026,27.09.2026,СМЕДЕРЕВО - ГРАД,Упис по основу последњег пребивалишта,1
21.09.2026,27.09.2026,СМЕДЕРЕВСКА ПАЛАНКА,Упис по основу пријаве пребивалишта,5
21.09.2026,27.09.2026,СМЕДЕРЕВСКА ПАЛАНКА,Промена личних података,7
21.09.2026,27.09.2026,СМЕДЕРЕВСКА ПАЛАНКА,Промена адресе пребивалишта,60
21.09.2026,27.09.2026,СМЕДЕРЕВСКА ПАЛАНКА,Брисање по основу одјаве пребивалишта,8
21.09.2026,27.09.2026,СМЕДЕРЕВСКА ПАЛАНКА,Брисање по основу смрти лица,8
21.09.2026,27.09.2026,СМЕДЕРЕВСКА ПАЛАНКА,Упис за гласање по месту боравишта у земљи,10
21.09.2026,27.09.2026,СМЕДЕРЕВСКА ПАЛАНКА,Упис за гласање по месту боравишта у иностранству,158
21.09.2026,27.09.2026,СМЕДЕРЕВСКА ПАЛАНКА,Промена гласања по месту боравишта у иностранству,2
21.09.2026,27.09.2026,СМЕДЕРЕВСКА ПАЛАНКА,Брисање по службеној дужности,1
21.09.2026,27.09.2026,СОКОБАЊА,Упис по основу пријема у држављанство,1
21.09.2026,27.09.2026,СОКОБАЊА,Промена личних података,11
21.09.2026,27.09.2026,СОКОБАЊА,Промена адресе пребивалишта,43
21.09.2026,27.09.2026,СОКОБАЊА,Брисање по основу одјаве пребивалишта,3
21.09.2026,27.09.2026,СОКОБАЊА,Брисање по основу смрти лица,3
21.09.2026,27.09.2026,СОКОБАЊА,Упис за гласање по месту боравишта у земљи,13
21.09.2026,27.09.2026,СОКОБАЊА,Упис за гласање по месту боравишта у иностранству,26
21.09.2026,27.09.2026,СОКОБАЊА,Упис по основу последњег пребивалишта,1
21.09.2026,27.09.2026,СОМБОР - ГРАД,Упис по основу стицања пунолетства,2
21.09.2026,27.09.2026,СОМБОР - ГРАД,Упис по основу пријаве пребивалишта,13
21.09.2026,27.09.2026,СОМБОР - ГРАД,Упис по основу враћања пословне способности,1
21.09.2026,27.09.2026,СОМБОР - ГРАД,Промена личних података,15
21.09.2026,27.09.2026,СОМБОР - ГРАД,Промена адресе пребивалишта,52
21.09.2026,27.09.2026,СОМБОР - ГРАД,Брисање по основу одјаве пребивалишта,23
21.09.2026,27.09.2026,СОМБОР - ГРАД,Брисање по основу смрти лица,22
21.09.2026,27.09.2026,СОМБОР - ГРАД,Упис за гласање по месту боравишта у земљи,15
21.09.2026,27.09.2026,СОМБОР - ГРАД,Упис за гласање по месту боравишта у иностранству,226
21.09.2026,27.09.2026,СОМБОР - ГРАД,Промена гласања по месту боравишта у иностранству,1
21.09.2026,27.09.2026,СРБОБРАН,Упис по основу стицања пунолетства,19
21.09.2026,27.09.2026,СРБОБРАН,Упис по основу пријаве пребивалишта,3
21.09.2026,27.09.2026,СРБОБРАН,Промена личних података,2
21.09.2026,27.09.2026,СРБОБРАН,Промена адресе пребивалишта,4
21.09.2026,27.09.2026,СРБОБРАН,Брисање по основу одјаве пребивалишта,3
21.09.2026,27.09.2026,СРБОБРАН,Брисање по основу смрти лица,6
21.09.2026,27.09.2026,СРБОБРАН,Упис за гласање по месту боравишта у земљи,3
21.09.2026,27.09.2026,СРБОБРАН,Упис за гласање по месту боравишта у иностранству,27
21.09.2026,27.09.2026,СРЕМСКА МИТРОВИЦА - ГРАД,Упис по основу пријаве пребивалишта,12
21.09.2026,27.09.2026,СРЕМСКА МИТРОВИЦА - ГРАД,Упис по основу пријема у држављанство,1
21.09.2026,27.09.2026,СРЕМСКА МИТРОВИЦА - ГРАД,Промена личних података,14
21.09.2026,27.09.2026,СРЕМСКА МИТРОВИЦА - ГРАД,Промена адресе пребивалишта,55
21.09.2026,27.09.2026,СРЕМСКА МИТРОВИЦА - ГРАД,Брисање по основу одјаве пребивалишта,8
21.09.2026,27.09.2026,СРЕМСКА МИТРОВИЦА - ГРАД,Брисање по основу губитка пословне способности,1
21.09.2026,27.09.2026,СРЕМСКА МИТРОВИЦА - ГРАД,Брисање по основу смрти лица,25
21.09.2026,27.09.2026,СРЕМСКА МИТРОВИЦА - ГРАД,Упис за гласање по месту боравишта у земљи,8
21.09.2026,27.09.2026,СРЕМСКА МИТРОВИЦА - ГРАД,Упис за гласање по месту боравишта у иностранству,351
21.09.2026,27.09.2026,СРЕМСКА МИТРОВИЦА - ГРАД,Промена гласања по месту боравишта у иностранству,2
21.09.2026,27.09.2026,СРЕМСКА МИТРОВИЦА - ГРАД,Брисање по службеној дужности,5
21.09.2026,27.09.2026,СРЕМСКА МИТРОВИЦА - ГРАД,Упис по основу последњег пребивалишта,4
21.09.2026,27.09.2026,СРЕМСКИ КАРЛОВЦИ,Упис по основу пријаве пребивалишта,1
21.09.2026,27.09.2026,СРЕМСКИ КАРЛОВЦИ,Промена личних података,2
21.09.2026,27.09.2026,СРЕМСКИ КАРЛОВЦИ,Промена адресе пребивалишта,2
21.09.2026,27.09.2026,СРЕМСКИ КАРЛОВЦИ,Брисање по основу одјаве пребивалишта,1
21.09.2026,27.09.2026,СРЕМСКИ КАРЛОВЦИ,Брисање по основу губитка пословне способности,1
21.09.2026,27.09.2026,СРЕМСКИ КАРЛОВЦИ,Брисање по основу смрти лица,3
21.09.2026,27.09.2026,СРЕМСКИ КАРЛОВЦИ,Упис за гласање по месту боравишта у иностранству,43
21.09.2026,27.09.2026,СТАРА ПАЗОВА,Упис по основу стицања пунолетства,49
21.09.2026,27.09.2026,СТАРА ПАЗОВА,Упис по основу пријаве пребивалишта,90
21.09.2026,27.09.2026,СТАРА ПАЗОВА,Промена личних података,18
21.09.2026,27.09.2026,СТАРА ПАЗОВА,Промена адресе пребивалишта,29
21.09.2026,27.09.2026,СТАРА ПАЗОВА,Брисање по основу одјаве пребивалишта,25
21.09.2026,27.09.2026,СТАРА ПАЗОВА,Брисање по основу губитка пословне способности,1
21.09.2026,27.09.2026,СТАРА ПАЗОВА,Брисање по основу смрти лица,11
21.09.2026,27.09.2026,СТАРА ПАЗОВА,Брисање боравишта интерно расељеног лица,2
21.09.2026,27.09.2026,СТАРА ПАЗОВА,Упис за гласање по месту боравишта у земљи,53
21.09.2026,27.09.2026,СТАРА ПАЗОВА,Упис за гласање по месту боравишта у иностранству,217
21.09.2026,27.09.2026,СТАРА ПАЗОВА,Исправка техничке грешке,3
21.09.2026,27.09.2026,СТАРА ПАЗОВА,Упис по основу последњег пребивалишта,3
21.09.2026,27.09.2026,СУБОТИЦА - ГРАД,Упис по основу стицања пунолетства,84
21.09.2026,27.09.2026,СУБОТИЦА - ГРАД,Упис по основу пријаве пребивалишта,73
21.09.2026,27.09.2026,СУБОТИЦА - ГРАД,Упис по основу пријаве боравишта интерно расељеног лица,1
21.09.2026,27.09.2026,СУБОТИЦА - ГРАД,Промена личних података,61
21.09.2026,27.09.2026,СУБОТИЦА - ГРАД,Промена адресе пребивалишта,75
21.09.2026,27.09.2026,СУБОТИЦА - ГРАД,Брисање по основу одјаве пребивалишта,17
21.09.2026,27.09.2026,СУБОТИЦА - ГРАД,Брисање по основу смрти лица,40
21.09.2026,27.09.2026,СУБОТИЦА - ГРАД,Упис за гласање по месту боравишта у земљи,13
21.09.2026,27.09.2026,СУБОТИЦА - ГРАД,Упис за гласање по месту боравишта у иностранству,288
21.09.2026,27.09.2026,СУБОТИЦА - ГРАД,Промена гласања по месту боравишта у иностранству,4
21.09.2026,27.09.2026,СУБОТИЦА - ГРАД,Брисање гласања по месту боравишта у иностранству,1
21.09.2026,27.09.2026,СУБОТИЦА - ГРАД,Брисање по службеној дужности,3
21.09.2026,27.09.2026,СУБОТИЦА - ГРАД,Упис по основу последњег пребивалишта,5
21.09.2026,27.09.2026,СУРДУЛИЦА,Промена личних података,5
21.09.2026,27.09.2026,СУРДУЛИЦА,Промена адресе пребивалишта,38
21.09.2026,27.09.2026,СУРДУЛИЦА,Брисање по основу одјаве пребивалишта,2
21.09.2026,27.09.2026,СУРДУЛИЦА,Брисање по основу губитка пословне способности,1
21.09.2026,27.09.2026,СУРДУЛИЦА,Брисање по основу смрти лица,6
21.09.2026,27.09.2026,СУРДУЛИЦА,Упис за гласање по месту боравишта у земљи,101
21.09.2026,27.09.2026,СУРДУЛИЦА,Упис за гласање по месту боравишта у иностранству,17
21.09.2026,27.09.2026,ТЕМЕРИН,Упис по основу пријаве пребивалишта,47
21.09.2026,27.09.2026,ТЕМЕРИН,Промена личних података,7
21.09.2026,27.09.2026,ТЕМЕРИН,Промена адресе пребивалишта,11
21.09.2026,27.09.2026,ТЕМЕРИН,Брисање по основу одјаве пребивалишта,4
21.09.2026,27.09.2026,ТЕМЕРИН,Брисање по основу смрти лица,10
21.09.2026,27.09.2026,ТЕМЕРИН,Упис за гласање по месту боравишта у иностранству,109
21.09.2026,27.09.2026,ТЕМЕРИН,Потврда о изборном праву,2
21.09.2026,27.09.2026,ТИТЕЛ,Упис по основу стицања пунолетства,14
21.09.2026,27.09.2026,ТИТЕЛ,Упис по основу пријаве пребивалишта,13
21.09.2026,27.09.2026,ТИТЕЛ,Промена личних података,8
21.09.2026,27.09.2026,ТИТЕЛ,Промена адресе пребивалишта,3
21.09.2026,27.09.2026,ТИТЕЛ,Брисање по основу одјаве пребивалишта,1
21.09.2026,27.09.2026,ТИТЕЛ,Брисање по основу смрти лица,3
21.09.2026,27.09.2026,ТИТЕЛ,Упис за гласање по месту боравишта у земљи,1
21.09.2026,27.09.2026,ТИТЕЛ,Упис за гласање по месту боравишта у иностранству,26
21.09.2026,27.09.2026,ТОПОЛА,Упис по основу стицања пунолетства,8
21.09.2026,27.09.2026,ТОПОЛА,Упис по основу пријаве пребивалишта,14
21.09.2026,27.09.2026,ТОПОЛА,Промена личних података,4
21.09.2026,27.09.2026,ТОПОЛА,Промена адресе пребивалишта,9
21.09.2026,27.09.2026,ТОПОЛА,Брисање по основу одјаве пребивалишта,8
21.09.2026,27.09.2026,ТОПОЛА,Брисање по основу смрти лица,10
21.09.2026,27.09.2026,ТОПОЛА,Упис за гласање по месту боравишта у иностранству,33
21.09.2026,27.09.2026,ТРГОВИШТЕ,Упис по основу пријаве пребивалишта,1
21.09.2026,27.09.2026,ТРГОВИШТЕ,Упис по основу пријема у држављанство,1
21.09.2026,27.09.2026,ТРГОВИШТЕ,Промена адресе пребивалишта,4
21.09.2026,27.09.2026,ТРГОВИШТЕ,Брисање по основу одјаве пребивалишта,2
21.09.2026,27.09.2026,ТРГОВИШТЕ,Брисање по основу смрти лица,1
21.09.2026,27.09.2026,ТРГОВИШТЕ,Упис за гласање по месту боравишта у земљи,40
21.09.2026,27.09.2026,ТРГОВИШТЕ,Упис за гласање по месту боравишта у иностранству,77
21.09.2026,27.09.2026,ТРГОВИШТЕ,Упис по основу последњег пребивалишта,6
21.09.2026,27.09.2026,ТРСТЕНИК,Упис по основу стицања пунолетства,1
21.09.2026,27.09.2026,ТРСТЕНИК,Упис по основу пријаве пребивалишта,29
21.09.2026,27.09.2026,ТРСТЕНИК,Упис по основу пријаве боравишта интерно расељеног лица,1
21.09.2026,27.09.2026,ТРСТЕНИК,Промена личних података,11
21.09.2026,27.09.2026,ТРСТЕНИК,Промена адресе пребивалишта,15
21.09.2026,27.09.2026,ТРСТЕНИК,Брисање по основу одјаве пребивалишта,5
21.09.2026,27.09.2026,ТРСТЕНИК,Брисање по основу смрти лица,8
21.09.2026,27.09.2026,ТРСТЕНИК,Брисање боравишта интерно расељеног лица,46
21.09.2026,27.09.2026,ТРСТЕНИК,Упис за гласање по месту боравишта у иностранству,61
21.09.2026,27.09.2026,ТРСТЕНИК,Промена гласања по месту боравишта у иностранству,1
21.09.2026,27.09.2026,ТУТИН,Упис по основу пријаве пребивалишта,6
21.09.2026,27.09.2026,ТУТИН,Промена личних података,99
21.09.2026,27.09.2026,ТУТИН,Промена адресе пребивалишта,98
21.09.2026,27.09.2026,ТУТИН,Брисање по основу одјаве пребивалишта,1
21.09.2026,27.09.2026,ТУТИН,Брисање по основу смрти лица,12
21.09.2026,27.09.2026,ТУТИН,Упис за гласање по месту боравишта у иностранству,80
21.09.2026,27.09.2026,ЋИЋЕВАЦ,Упис по основу пријаве пребивалишта,3
21.09.2026,27.09.2026,ЋИЋЕВАЦ,Промена адресе пребивалишта,2
21.09.2026,27.09.2026,ЋИЋЕВАЦ,Брисање по основу одјаве пребивалишта,5
21.09.2026,27.09.2026,ЋИЋЕВАЦ,Брисање боравишта интерно расељеног лица,16
21.09.2026,27.09.2026,ЋИЋЕВАЦ,Упис за гласање по месту боравишта у иностранству,20
21.09.2026,27.09.2026,ЋУПРИЈА,Упис по основу пријаве пребивалишта,9
21.09.2026,27.09.2026,ЋУПРИЈА,Промена личних података,13
21.09.2026,27.09.2026,ЋУПРИЈА,Промена адресе пребивалишта,55
21.09.2026,27.09.2026,ЋУПРИЈА,Брисање по основу одјаве пребивалишта,6
21.09.2026,27.09.2026,ЋУПРИЈА,Брисање по основу смрти лица,5
21.09.2026,27.09.2026,ЋУПРИЈА,Брисање боравишта интерно расељеног лица,3
21.09.2026,27.09.2026,ЋУПРИЈА,Упис за гласање по месту боравишта у земљи,2
21.09.2026,27.09.2026,ЋУПРИЈА,Упис за гласање по месту боравишта у иностранству,125
21.09.2026,27.09.2026,ЋУПРИЈА,Исправка техничке грешке,2
21.09.2026,27.09.2026,ЋУПРИЈА,Упис по основу последњег пребивалишта,1
21.09.2026,27.09.2026,УБ,Упис по основу пријаве пребивалишта,2
21.09.2026,27.09.2026,УБ,Промена личних података,10
21.09.2026,27.09.2026,УБ,Промена адресе пребивалишта,9
21.09.2026,27.09.2026,УБ,Брисање по основу одјаве пребивалишта,6
21.09.2026,27.09.2026,УБ,Брисање по основу губитка пословне способности,2
21.09.2026,27.09.2026,УБ,Брисање по основу смрти лица,8
21.09.2026,27.09.2026,УБ,Брисање боравишта интерно расељеног лица,9
21.09.2026,27.09.2026,УБ,Упис за гласање по месту боравишта у земљи,4
21.09.2026,27.09.2026,УБ,Упис за гласање по месту боравишта у иностранству,86
21.09.2026,27.09.2026,УЖИЦЕ - ГРАД,Упис по основу пријаве пребивалишта,12
21.09.2026,27.09.2026,УЖИЦЕ - ГРАД,Промена личних података,18
21.09.2026,27.09.2026,УЖИЦЕ - ГРАД,Промена адресе пребивалишта,88
21.09.2026,27.09.2026,УЖИЦЕ - ГРАД,Брисање по основу одјаве пребивалишта,23
21.09.2026,27.09.2026,УЖИЦЕ - ГРАД,Брисање по основу смрти лица,10
21.09.2026,27.09.2026,УЖИЦЕ - ГРАД,Упис за гласање по месту боравишта у земљи,8
21.09.2026,27.09.2026,УЖИЦЕ - ГРАД,Упис за гласање по месту боравишта у иностранству,283
21.09.2026,27.09.2026,УЖИЦЕ - ГРАД,Упис по основу последњег пребивалишта,1
21.09.2026,27.09.2026,УЖИЦЕ-СЕВОЈНО,Промена личних података,3
21.09.2026,27.09.2026,УЖИЦЕ-СЕВОЈНО,Промена адресе пребивалишта,5
21.09.2026,27.09.2026,УЖИЦЕ-СЕВОЈНО,Брисање по основу одјаве пребивалишта,4
21.09.2026,27.09.2026,УЖИЦЕ-СЕВОЈНО,Брисање по основу смрти лица,3
21.09.2026,27.09.2026,УЖИЦЕ-СЕВОЈНО,Упис за гласање по месту боравишта у земљи,2
21.09.2026,27.09.2026,УЖИЦЕ-СЕВОЈНО,Упис за гласање по месту боравишта у иностранству,27
21.09.2026,27.09.2026,УРОШЕВАЦ,Упис по основу пријаве пребивалишта,4
21.09.2026,27.09.2026,УРОШЕВАЦ,Брисање по основу одјаве пребивалишта,4
21.09.2026,27.09.2026,УРОШЕВАЦ,Упис за гласање по месту боравишта у земљи,1
21.09.2026,27.09.2026,УРОШЕВАЦ,Упис за гласање по месту боравишта у иностранству,12
21.09.2026,27.09.2026,ЦРНА ТРАВА,Промена адресе пребивалишта,5
21.09.2026,27.09.2026,ЦРНА ТРАВА,Упис за гласање по месту боравишта у земљи,1
21.09.2026,27.09.2026,ЧАЈЕТИНА,Упис по основу стицања пунолетства,15
21.09.2026,27.09.2026,ЧАЈЕТИНА,Упис по основу пријаве пребивалишта,17
21.09.2026,27.09.2026,ЧАЈЕТИНА,Промена личних података,4
21.09.2026,27.09.2026,ЧАЈЕТИНА,Промена адресе пребивалишта,19
21.09.2026,27.09.2026,ЧАЈЕТИНА,Брисање по основу одјаве пребивалишта,5
21.09.2026,27.09.2026,ЧАЈЕТИНА,Брисање по основу смрти лица,3
21.09.2026,27.09.2026,ЧАЈЕТИНА,Упис за гласање по месту боравишта у земљи,4
21.09.2026,27.09.2026,ЧАЈЕТИНА,Упис за гласање по месту боравишта у иностранству,128
21.09.2026,27.09.2026,ЧАЧАК - ГРАД,Упис по основу стицања пунолетства,25
21.09.2026,27.09.2026,ЧАЧАК - ГРАД,Упис по основу пријаве пребивалишта,62
21.09.2026,27.09.2026,ЧАЧАК - ГРАД,Упис по основу пријема у држављанство,2
21.09.2026,27.09.2026,ЧАЧАК - ГРАД,Упис по основу пријаве боравишта интерно расељеног лица,1
21.09.2026,27.09.2026,ЧАЧАК - ГРАД,Промена личних података,193
21.09.2026,27.09.2026,ЧАЧАК - ГРАД,Промена адресе пребивалишта,36
21.09.2026,27.09.2026,ЧАЧАК - ГРАД,Брисање по основу одјаве пребивалишта,24
21.09.2026,27.09.2026,ЧАЧАК - ГРАД,Брисање по основу смрти лица,23
21.09.2026,27.09.2026,ЧАЧАК - ГРАД,Брисање боравишта интерно расељеног лица,57
21.09.2026,27.09.2026,ЧАЧАК - ГРАД,Упис за гласање по месту боравишта у земљи,13
21.09.2026,27.09.2026,ЧАЧАК - ГРАД,Упис за гласање по месту боравишта у иностранству,281
21.09.2026,27.09.2026,ЧАЧАК - ГРАД,Промена гласања по месту боравишта у иностранству,2
21.09.2026,27.09.2026,ЧАЧАК - ГРАД,Брисање по службеној дужности,1
21.09.2026,27.09.2026,ЧАЧАК - ГРАД,Упис по основу последњег пребивалишта,2
21.09.2026,27.09.2026,ЧОКА,Упис по основу пријаве пребивалишта,11
21.09.2026,27.09.2026,ЧОКА,Промена личних података,4
21.09.2026,27.09.2026,ЧОКА,Промена адресе пребивалишта,7
21.09.2026,27.09.2026,ЧОКА,Брисање по основу одјаве пребивалишта,2
21.09.2026,27.09.2026,ЧОКА,Брисање по основу смрти лица,2
21.09.2026,27.09.2026,ЧОКА,Упис за гласање по месту боравишта у иностранству,13
21.09.2026,27.09.2026,ШАБАЦ - ГРАД,Упис по основу пријаве пребивалишта,20
21.09.2026,27.09.2026,ШАБАЦ - ГРАД,Упис по основу пријема у држављанство,1
21.09.2026,27.09.2026,ШАБАЦ - ГРАД,Промена личних података,20
21.09.2026,27.09.2026,ШАБАЦ - ГРАД,Промена адресе пребивалишта,77
21.09.2026,27.09.2026,ШАБАЦ - ГРАД,Брисање по основу одјаве пребивалишта,27
21.09.2026,27.09.2026,ШАБАЦ - ГРАД,Брисање по основу губитка пословне способности,2
21.09.2026,27.09.2026,ШАБАЦ - ГРАД,Брисање по основу смрти лица,22
21.09.2026,27.09.2026,ШАБАЦ - ГРАД,Упис за гласање по месту боравишта у земљи,5
21.09.2026,27.09.2026,ШАБАЦ - ГРАД,Упис за гласање по месту боравишта у иностранству,336
21.09.2026,27.09.2026,ШАБАЦ - ГРАД,Промена гласања по месту боравишта у иностранству,4
21.09.2026,27.09.2026,ШАБАЦ - ГРАД,Потврда о упису у бирачки списак,2
21.09.2026,27.09.2026,ШИД,Упис по основу пријаве пребивалишта,10
21.09.2026,27.09.2026,ШИД,Промена личних података,6
21.09.2026,27.09.2026,ШИД,Промена адресе пребивалишта,8
21.09.2026,27.09.2026,ШИД,Брисање по основу одјаве пребивалишта,4
21.09.2026,27.09.2026,ШИД,Брисање по основу смрти лица,8
21.09.2026,27.09.2026,ШИД,Упис за гласање по месту боравишта у иностранству,149
21.09.2026,27.09.2026,ШИД,Брисање по службеној дужности,2
21.09.2026,27.09.2026,ШИД,Упис по основу последњег пребивалишта,3
21.09.2026,27.09.2026,ШТРПЦЕ,Упис по основу пријаве пребивалишта,3
21.09.2026,27.09.2026,ШТРПЦЕ,Промена личних података,2
21.09.2026,27.09.2026,ШТРПЦЕ,Брисање по основу смрти лица,1
21.09.2026,27.09.2026,ШТРПЦЕ,Упис за гласање по месту боравишта у земљи,128
21.09.2026,27.09.2026,ШТРПЦЕ,Упис за гласање по месту боравишта у иностранству,3
