ПЕРИОД_ОД,ПЕРИОД_ДО,ОПШТИНА_ГРАД,ВРСТА_ПРОМЕНЕ,БРОЈ_ПРОМЕНА
14.09.2026,20.09.2026,АДА,Упис по основу стицања пунолетства,15
14.09.2026,20.09.2026,АДА,Упис по основу пријаве пребивалишта,15
14.09.2026,20.09.2026,АДА,Промена личних података,31
14.09.2026,20.09.2026,АДА,Промена адресе пребивалишта,13
14.09.2026,20.09.2026,АДА,Брисање по основу одјаве пребивалишта,3
14.09.2026,20.09.2026,АДА,Брисање боравишта интерно расељеног лица,1
14.09.2026,20.09.2026,АДА,Упис за гласање по месту боравишта у земљи,1
14.09.2026,20.09.2026,АДА,Упис за гласање по месту боравишта у иностранству,7
14.09.2026,20.09.2026,АДА,Брисање по службеној дужности,1
14.09.2026,20.09.2026,АЛЕКСАНДРОВАЦ,Упис по основу пријаве пребивалишта,18
14.09.2026,20.09.2026,АЛЕКСАНДРОВАЦ,Промена личних података,213
14.09.2026,20.09.2026,АЛЕКСАНДРОВАЦ,Промена адресе пребивалишта,9
14.09.2026,20.09.2026,АЛЕКСАНДРОВАЦ,Брисање по основу дуплог уписа,3
14.09.2026,20.09.2026,АЛЕКСАНДРОВАЦ,Брисање по основу одјаве пребивалишта,8
14.09.2026,20.09.2026,АЛЕКСАНДРОВАЦ,Брисање по основу смрти лица,9
14.09.2026,20.09.2026,АЛЕКСАНДРОВАЦ,Упис за гласање по месту боравишта у земљи,4
14.09.2026,20.09.2026,АЛЕКСАНДРОВАЦ,Упис за гласање по месту боравишта у иностранству,35
14.09.2026,20.09.2026,АЛЕКСАНДРОВАЦ,Промена гласања по месту боравишта у земљи,3
14.09.2026,20.09.2026,АЛЕКСАНДРОВАЦ,Потврда о упису у бирачки списак,5
14.09.2026,20.09.2026,АЛЕКСАНДРОВАЦ,Потврда о изборном праву,2
14.09.2026,20.09.2026,АЛЕКСАНДРОВАЦ,Упис по основу последњег пребивалишта,1
14.09.2026,20.09.2026,АЛЕКСИНАЦ,Упис по основу стицања пунолетства,55
14.09.2026,20.09.2026,АЛЕКСИНАЦ,Упис по основу пријаве пребивалишта,33
14.09.2026,20.09.2026,АЛЕКСИНАЦ,Упис по основу пријаве боравишта интерно расељеног лица,4
14.09.2026,20.09.2026,АЛЕКСИНАЦ,Промена личних података,12
14.09.2026,20.09.2026,АЛЕКСИНАЦ,Промена адресе пребивалишта,50
14.09.2026,20.09.2026,АЛЕКСИНАЦ,Брисање по основу одјаве пребивалишта,28
14.09.2026,20.09.2026,АЛЕКСИНАЦ,Брисање по основу смрти лица,9
14.09.2026,20.09.2026,АЛЕКСИНАЦ,Упис за гласање по месту боравишта у земљи,4
14.09.2026,20.09.2026,АЛЕКСИНАЦ,Упис за гласање по месту боравишта у иностранству,47
14.09.2026,20.09.2026,АЛЕКСИНАЦ,Исправка техничке грешке,1
14.09.2026,20.09.2026,АЛИБУНАР,Упис по основу стицања пунолетства,13
14.09.2026,20.09.2026,АЛИБУНАР,Упис по основу пријаве пребивалишта,13
14.09.2026,20.09.2026,АЛИБУНАР,Промена личних података,5
14.09.2026,20.09.2026,АЛИБУНАР,Промена адресе пребивалишта,4
14.09.2026,20.09.2026,АЛИБУНАР,Брисање по основу одјаве пребивалишта,5
14.09.2026,20.09.2026,АЛИБУНАР,Брисање по основу губитка пословне способности,1
14.09.2026,20.09.2026,АЛИБУНАР,Брисање по основу смрти лица,7
14.09.2026,20.09.2026,АЛИБУНАР,Упис за гласање по месту боравишта у иностранству,15
14.09.2026,20.09.2026,АЛИБУНАР,Потврда о изборном праву,4
14.09.2026,20.09.2026,АПАТИН,Упис по основу стицања пунолетства,21
14.09.2026,20.09.2026,АПАТИН,Упис по основу пријаве пребивалишта,5
14.09.2026,20.09.2026,АПАТИН,Промена личних података,1
14.09.2026,20.09.2026,АПАТИН,Промена адресе пребивалишта,11
14.09.2026,20.09.2026,АПАТИН,Брисање по основу одјаве пребивалишта,18
14.09.2026,20.09.2026,АПАТИН,Брисање по основу смрти лица,6
14.09.2026,20.09.2026,АПАТИН,Упис за гласање по месту боравишта у земљи,1
14.09.2026,20.09.2026,АПАТИН,Упис за гласање по месту боравишта у иностранству,41
14.09.2026,20.09.2026,АРАНЂЕЛОВАЦ,Упис по основу стицања пунолетства,23
14.09.2026,20.09.2026,АРАНЂЕЛОВАЦ,Упис по основу пријаве пребивалишта,6
14.09.2026,20.09.2026,АРАНЂЕЛОВАЦ,Упис по основу пријаве боравишта интерно расељеног лица,1
14.09.2026,20.09.2026,АРАНЂЕЛОВАЦ,Промена личних података,14
14.09.2026,20.09.2026,АРАНЂЕЛОВАЦ,Промена адресе пребивалишта,19
14.09.2026,20.09.2026,АРАНЂЕЛОВАЦ,Промена адресе боравишта интерно расељеног лица,1
14.09.2026,20.09.2026,АРАНЂЕЛОВАЦ,Брисање по основу одјаве пребивалишта,15
14.09.2026,20.09.2026,АРАНЂЕЛОВАЦ,Брисање по основу губитка пословне способности,2
14.09.2026,20.09.2026,АРАНЂЕЛОВАЦ,Брисање по основу смрти лица,8
14.09.2026,20.09.2026,АРАНЂЕЛОВАЦ,Упис за гласање по месту боравишта у земљи,4
14.09.2026,20.09.2026,АРАНЂЕЛОВАЦ,Упис за гласање по месту боравишта у иностранству,58
14.09.2026,20.09.2026,АРАНЂЕЛОВАЦ,Потврда о упису у бирачки списак,1
14.09.2026,20.09.2026,АРАНЂЕЛОВАЦ,Исправка техничке грешке,1
14.09.2026,20.09.2026,АРАНЂЕЛОВАЦ,Брисање по службеној дужности,2
14.09.2026,20.09.2026,АРИЉЕ,Упис по основу стицања пунолетства,20
14.09.2026,20.09.2026,АРИЉЕ,Упис по основу пријаве пребивалишта,9
14.09.2026,20.09.2026,АРИЉЕ,Промена личних података,19
14.09.2026,20.09.2026,АРИЉЕ,Промена адресе пребивалишта,117
14.09.2026,20.09.2026,АРИЉЕ,Брисање по основу одјаве пребивалишта,6
14.09.2026,20.09.2026,АРИЉЕ,Брисање по основу смрти лица,5
14.09.2026,20.09.2026,АРИЉЕ,Брисање боравишта интерно расељеног лица,3
14.09.2026,20.09.2026,АРИЉЕ,Упис за гласање по месту боравишта у земљи,2
14.09.2026,20.09.2026,АРИЉЕ,Упис за гласање по месту боравишта у иностранству,13
14.09.2026,20.09.2026,БАБУШНИЦА,Упис по основу стицања пунолетства,4
14.09.2026,20.09.2026,БАБУШНИЦА,Упис по основу пријаве пребивалишта,4
14.09.2026,20.09.2026,БАБУШНИЦА,Промена адресе пребивалишта,9
14.09.2026,20.09.2026,БАБУШНИЦА,Брисање по основу одјаве пребивалишта,8
14.09.2026,20.09.2026,БАБУШНИЦА,Брисање по основу смрти лица,3
14.09.2026,20.09.2026,БАБУШНИЦА,Упис за гласање по месту боравишта у земљи,1
14.09.2026,20.09.2026,БАБУШНИЦА,Упис за гласање по месту боравишта у иностранству,4
14.09.2026,20.09.2026,БАЈИНА БАШТА,Упис по основу стицања пунолетства,37
14.09.2026,20.09.2026,БАЈИНА БАШТА,Упис по основу пријаве пребивалишта,9
14.09.2026,20.09.2026,БАЈИНА БАШТА,Промена личних података,2
14.09.2026,20.09.2026,БАЈИНА БАШТА,Промена адресе пребивалишта,47
14.09.2026,20.09.2026,БАЈИНА БАШТА,Брисање по основу одјаве пребивалишта,9
14.09.2026,20.09.2026,БАЈИНА БАШТА,Брисање по основу смрти лица,6
14.09.2026,20.09.2026,БАЈИНА БАШТА,Упис за гласање по месту боравишта у земљи,5
14.09.2026,20.09.2026,БАЈИНА БАШТА,Упис за гласање по месту боравишта у иностранству,137
14.09.2026,20.09.2026,БАЈИНА БАШТА,Брисање по службеној дужности,1
14.09.2026,20.09.2026,БАТОЧИНА,Упис по основу стицања пунолетства,14
14.09.2026,20.09.2026,БАТОЧИНА,Упис по основу пријаве пребивалишта,12
14.09.2026,20.09.2026,БАТОЧИНА,Промена личних података,4
14.09.2026,20.09.2026,БАТОЧИНА,Промена адресе пребивалишта,19
14.09.2026,20.09.2026,БАТОЧИНА,Брисање по основу одјаве пребивалишта,10
14.09.2026,20.09.2026,БАТОЧИНА,Брисање по основу смрти лица,1
14.09.2026,20.09.2026,БАТОЧИНА,Упис за гласање по месту боравишта у иностранству,15
14.09.2026,20.09.2026,БАЧ,Упис по основу стицања пунолетства,14
14.09.2026,20.09.2026,БАЧ,Упис по основу пријаве пребивалишта,4
14.09.2026,20.09.2026,БАЧ,Промена личних података,2
14.09.2026,20.09.2026,БАЧ,Промена адресе пребивалишта,4
14.09.2026,20.09.2026,БАЧ,Брисање по основу одјаве пребивалишта,9
14.09.2026,20.09.2026,БАЧ,Брисање по основу смрти лица,2
14.09.2026,20.09.2026,БАЧ,Упис за гласање по месту боравишта у земљи,1
14.09.2026,20.09.2026,БАЧ,Упис за гласање по месту боравишта у иностранству,30
14.09.2026,20.09.2026,БАЧ,Потврда о изборном праву,1
14.09.2026,20.09.2026,БАЧКА ПАЛАНКА,Упис по основу стицања пунолетства,56
14.09.2026,20.09.2026,БАЧКА ПАЛАНКА,Упис по основу пријаве пребивалишта,49
14.09.2026,20.09.2026,БАЧКА ПАЛАНКА,Промена личних података,12
14.09.2026,20.09.2026,БАЧКА ПАЛАНКА,Промена адресе пребивалишта,19
14.09.2026,20.09.2026,БАЧКА ПАЛАНКА,Брисање по основу одјаве пребивалишта,39
14.09.2026,20.09.2026,БАЧКА ПАЛАНКА,Брисање по основу смрти лица,11
14.09.2026,20.09.2026,БАЧКА ПАЛАНКА,Упис за гласање по месту боравишта у земљи,2
14.09.2026,20.09.2026,БАЧКА ПАЛАНКА,Упис за гласање по месту боравишта у иностранству,138
14.09.2026,20.09.2026,БАЧКА ПАЛАНКА,Брисање по службеној дужности,3
14.09.2026,20.09.2026,БАЧКА ПАЛАНКА,Упис по основу последњег пребивалишта,1
14.09.2026,20.09.2026,БАЧКА ТОПОЛА,Упис по основу стицања пунолетства,36
14.09.2026,20.09.2026,БАЧКА ТОПОЛА,Упис по основу пријаве пребивалишта,29
14.09.2026,20.09.2026,БАЧКА ТОПОЛА,Промена личних података,37
14.09.2026,20.09.2026,БАЧКА ТОПОЛА,Промена адресе пребивалишта,45
14.09.2026,20.09.2026,БАЧКА ТОПОЛА,Брисање по основу одјаве пребивалишта,8
14.09.2026,20.09.2026,БАЧКА ТОПОЛА,Брисање по основу смрти лица,8
14.09.2026,20.09.2026,БАЧКА ТОПОЛА,Упис за гласање по месту боравишта у земљи,1
14.09.2026,20.09.2026,БАЧКА ТОПОЛА,Упис за гласање по месту боравишта у иностранству,19
14.09.2026,20.09.2026,БАЧКИ ПЕТРОВАЦ,Упис по основу стицања пунолетства,3
14.09.2026,20.09.2026,БАЧКИ ПЕТРОВАЦ,Упис по основу пријаве пребивалишта,3
14.09.2026,20.09.2026,БАЧКИ ПЕТРОВАЦ,Промена личних података,2
14.09.2026,20.09.2026,БАЧКИ ПЕТРОВАЦ,Промена адресе пребивалишта,5
14.09.2026,20.09.2026,БАЧКИ ПЕТРОВАЦ,Брисање по основу одјаве пребивалишта,6
14.09.2026,20.09.2026,БАЧКИ ПЕТРОВАЦ,Брисање по основу смрти лица,3
14.09.2026,20.09.2026,БАЧКИ ПЕТРОВАЦ,Упис за гласање по месту боравишта у иностранству,38
14.09.2026,20.09.2026,БАЧКИ ПЕТРОВАЦ,Потврда о изборном праву,4
14.09.2026,20.09.2026,БЕЛА ПАЛАНКА,Упис по основу стицања пунолетства,2
14.09.2026,20.09.2026,БЕЛА ПАЛАНКА,Упис по основу пријаве пребивалишта,1
14.09.2026,20.09.2026,БЕЛА ПАЛАНКА,Промена адресе пребивалишта,8
14.09.2026,20.09.2026,БЕЛА ПАЛАНКА,Брисање по основу одјаве пребивалишта,7
14.09.2026,20.09.2026,БЕЛА ПАЛАНКА,Брисање по основу смрти лица,4
14.09.2026,20.09.2026,БЕЛА ПАЛАНКА,Упис за гласање по месту боравишта у земљи,1
14.09.2026,20.09.2026,БЕЛА ПАЛАНКА,Упис за гласање по месту боравишта у иностранству,3
14.09.2026,20.09.2026,БЕЛА ПАЛАНКА,Упис по основу последњег пребивалишта,1
14.09.2026,20.09.2026,БЕЛА ЦРКВА,Упис по основу стицања пунолетства,26
14.09.2026,20.09.2026,БЕЛА ЦРКВА,Упис по основу пријаве пребивалишта,24
14.09.2026,20.09.2026,БЕЛА ЦРКВА,Промена личних података,2
14.09.2026,20.09.2026,БЕЛА ЦРКВА,Промена адресе пребивалишта,9
14.09.2026,20.09.2026,БЕЛА ЦРКВА,Брисање по основу одјаве пребивалишта,6
14.09.2026,20.09.2026,БЕЛА ЦРКВА,Брисање по основу смрти лица,5
14.09.2026,20.09.2026,БЕЛА ЦРКВА,Упис за гласање по месту боравишта у земљи,1
14.09.2026,20.09.2026,БЕЛА ЦРКВА,Упис за гласање по месту боравишта у иностранству,20
14.09.2026,20.09.2026,БЕЛА ЦРКВА,Промена гласања по месту боравишта у иностранству,1
14.09.2026,20.09.2026,БЕОГРАД-БАРАЈЕВО,Упис по основу стицања пунолетства,9
14.09.2026,20.09.2026,БЕОГРАД-БАРАЈЕВО,Упис по основу пријаве пребивалишта,9
14.09.2026,20.09.2026,БЕОГРАД-БАРАЈЕВО,Упис по основу пријема у држављанство,2
14.09.2026,20.09.2026,БЕОГРАД-БАРАЈЕВО,Упис по основу пријаве боравишта интерно расељеног лица,1
14.09.2026,20.09.2026,БЕОГРАД-БАРАЈЕВО,Промена личних података,4
14.09.2026,20.09.2026,БЕОГРАД-БАРАЈЕВО,Промена адресе пребивалишта,16
14.09.2026,20.09.2026,БЕОГРАД-БАРАЈЕВО,Промена адресе боравишта интерно расељеног лица,1
14.09.2026,20.09.2026,БЕОГРАД-БАРАЈЕВО,Брисање по основу одјаве пребивалишта,11
14.09.2026,20.09.2026,БЕОГРАД-БАРАЈЕВО,Брисање по основу смрти лица,7
14.09.2026,20.09.2026,БЕОГРАД-БАРАЈЕВО,Упис за гласање по месту боравишта у земљи,1
14.09.2026,20.09.2026,БЕОГРАД-БАРАЈЕВО,Упис за гласање по месту боравишта у иностранству,27
14.09.2026,20.09.2026,БЕОГРАД-ВОЖДОВАЦ,Упис по основу стицања пунолетства,174
14.09.2026,20.09.2026,БЕОГРАД-ВОЖДОВАЦ,Упис по основу пријаве пребивалишта,168
14.09.2026,20.09.2026,БЕОГРАД-ВОЖДОВАЦ,Упис по основу пријаве боравишта интерно расељеног лица,1
14.09.2026,20.09.2026,БЕОГРАД-ВОЖДОВАЦ,Промена личних података,91
14.09.2026,20.09.2026,БЕОГРАД-ВОЖДОВАЦ,Промена адресе пребивалишта,35
14.09.2026,20.09.2026,БЕОГРАД-ВОЖДОВАЦ,Брисање по основу одјаве пребивалишта,188
14.09.2026,20.09.2026,БЕОГРАД-ВОЖДОВАЦ,Брисање по основу смрти лица,45
14.09.2026,20.09.2026,БЕОГРАД-ВОЖДОВАЦ,Брисање боравишта интерно расељеног лица,3
14.09.2026,20.09.2026,БЕОГРАД-ВОЖДОВАЦ,Упис за гласање по месту боравишта у земљи,29
14.09.2026,20.09.2026,БЕОГРАД-ВОЖДОВАЦ,Упис за гласање по месту боравишта у иностранству,1021
14.09.2026,20.09.2026,БЕОГРАД-ВОЖДОВАЦ,Промена гласања по месту боравишта у иностранству,4
14.09.2026,20.09.2026,БЕОГРАД-ВОЖДОВАЦ,Исправка техничке грешке,2
14.09.2026,20.09.2026,БЕОГРАД-ВОЖДОВАЦ,Брисање по службеној дужности,87
14.09.2026,20.09.2026,БЕОГРАД-ВОЖДОВАЦ,Упис по основу последњег пребивалишта,9
14.09.2026,20.09.2026,БЕОГРАД-ВРАЧАР,Упис по основу стицања пунолетства,17
14.09.2026,20.09.2026,БЕОГРАД-ВРАЧАР,Упис по основу пријаве пребивалишта,70
14.09.2026,20.09.2026,БЕОГРАД-ВРАЧАР,Промена личних података,26
14.09.2026,20.09.2026,БЕОГРАД-ВРАЧАР,Промена адресе пребивалишта,14
14.09.2026,20.09.2026,БЕОГРАД-ВРАЧАР,Брисање по основу одјаве пребивалишта,105
14.09.2026,20.09.2026,БЕОГРАД-ВРАЧАР,Брисање по основу смрти лица,19
14.09.2026,20.09.2026,БЕОГРАД-ВРАЧАР,Упис за гласање по месту боравишта у земљи,20
14.09.2026,20.09.2026,БЕОГРАД-ВРАЧАР,Упис за гласање по месту боравишта у иностранству,595
14.09.2026,20.09.2026,БЕОГРАД-ВРАЧАР,Промена гласања по месту боравишта у иностранству,6
14.09.2026,20.09.2026,БЕОГРАД-ВРАЧАР,Потврда о упису у бирачки списак,4
14.09.2026,20.09.2026,БЕОГРАД-ВРАЧАР,Брисање по службеној дужности,11
14.09.2026,20.09.2026,БЕОГРАД-ВРАЧАР,Упис по основу последњег пребивалишта,10
14.09.2026,20.09.2026,БЕОГРАД-ГРОЦКА,Упис по основу стицања пунолетства,129
14.09.2026,20.09.2026,БЕОГРАД-ГРОЦКА,Упис по основу пријаве пребивалишта,47
14.09.2026,20.09.2026,БЕОГРАД-ГРОЦКА,Упис по основу пријема у држављанство,1
14.09.2026,20.09.2026,БЕОГРАД-ГРОЦКА,Упис по основу пријаве боравишта интерно расељеног лица,2
14.09.2026,20.09.2026,БЕОГРАД-ГРОЦКА,Промена личних података,21
14.09.2026,20.09.2026,БЕОГРАД-ГРОЦКА,Промена адресе пребивалишта,31
14.09.2026,20.09.2026,БЕОГРАД-ГРОЦКА,Промена адресе боравишта интерно расељеног лица,2
14.09.2026,20.09.2026,БЕОГРАД-ГРОЦКА,Брисање по основу одјаве пребивалишта,43
14.09.2026,20.09.2026,БЕОГРАД-ГРОЦКА,Брисање по основу смрти лица,16
14.09.2026,20.09.2026,БЕОГРАД-ГРОЦКА,Брисање боравишта интерно расељеног лица,5
14.09.2026,20.09.2026,БЕОГРАД-ГРОЦКА,Упис за гласање по месту боравишта у иностранству,150
14.09.2026,20.09.2026,БЕОГРАД-ГРОЦКА,Промена гласања по месту боравишта у иностранству,3
14.09.2026,20.09.2026,БЕОГРАД-ГРОЦКА,Исправка техничке грешке,1
14.09.2026,20.09.2026,БЕОГРАД-ГРОЦКА,Брисање по службеној дужности,6
14.09.2026,20.09.2026,БЕОГРАД-ЗВЕЗДАРА,Упис по основу стицања пунолетства,233
14.09.2026,20.09.2026,БЕОГРАД-ЗВЕЗДАРА,Упис по основу пријаве пребивалишта,134
14.09.2026,20.09.2026,БЕОГРАД-ЗВЕЗДАРА,Упис по основу пријема у држављанство,1
14.09.2026,20.09.2026,БЕОГРАД-ЗВЕЗДАРА,Упис по основу пријаве боравишта интерно расељеног лица,2
14.09.2026,20.09.2026,БЕОГРАД-ЗВЕЗДАРА,Промена личних података,98
14.09.2026,20.09.2026,БЕОГРАД-ЗВЕЗДАРА,Промена адресе пребивалишта,115
14.09.2026,20.09.2026,БЕОГРАД-ЗВЕЗДАРА,Брисање по основу одјаве пребивалишта,229
14.09.2026,20.09.2026,БЕОГРАД-ЗВЕЗДАРА,Брисање по основу смрти лица,46
14.09.2026,20.09.2026,БЕОГРАД-ЗВЕЗДАРА,Упис за гласање по месту боравишта у земљи,36
14.09.2026,20.09.2026,БЕОГРАД-ЗВЕЗДАРА,Упис за гласање по месту боравишта у иностранству,1310
14.09.2026,20.09.2026,БЕОГРАД-ЗВЕЗДАРА,Промена гласања по месту боравишта у иностранству,6
14.09.2026,20.09.2026,БЕОГРАД-ЗВЕЗДАРА,Потврда о упису у бирачки списак,1
14.09.2026,20.09.2026,БЕОГРАД-ЗВЕЗДАРА,Потврда о изборном праву,4
14.09.2026,20.09.2026,БЕОГРАД-ЗВЕЗДАРА,Потврда о изборном праву кандидата за одборнике,1
14.09.2026,20.09.2026,БЕОГРАД-ЗВЕЗДАРА,Упис по основу последњег пребивалишта,11
14.09.2026,20.09.2026,БЕОГРАД-ЗЕМУН,Упис по основу стицања пунолетства,173
14.09.2026,20.09.2026,БЕОГРАД-ЗЕМУН,Упис по основу пријаве пребивалишта,112
14.09.2026,20.09.2026,БЕОГРАД-ЗЕМУН,Промена личних података,52
14.09.2026,20.09.2026,БЕОГРАД-ЗЕМУН,Промена адресе пребивалишта,49
14.09.2026,20.09.2026,БЕОГРАД-ЗЕМУН,Брисање по основу одјаве пребивалишта,156
14.09.2026,20.09.2026,БЕОГРАД-ЗЕМУН,Брисање по основу смрти лица,58
14.09.2026,20.09.2026,БЕОГРАД-ЗЕМУН,Упис за гласање по месту боравишта у земљи,25
14.09.2026,20.09.2026,БЕОГРАД-ЗЕМУН,Упис за гласање по месту боравишта у иностранству,817
14.09.2026,20.09.2026,БЕОГРАД-ЗЕМУН,Промена гласања по месту боравишта у иностранству,3
14.09.2026,20.09.2026,БЕОГРАД-ЗЕМУН,Брисање по службеној дужности,10
14.09.2026,20.09.2026,БЕОГРАД-ЗЕМУН,Упис по основу последњег пребивалишта,6
14.09.2026,20.09.2026,БЕОГРАД-ЛАЗАРЕВАЦ,Упис по основу стицања пунолетства,86
14.09.2026,20.09.2026,БЕОГРАД-ЛАЗАРЕВАЦ,Упис по основу пријаве пребивалишта,51
14.09.2026,20.09.2026,БЕОГРАД-ЛАЗАРЕВАЦ,Упис по основу пријаве боравишта интерно расељеног лица,1
14.09.2026,20.09.2026,БЕОГРАД-ЛАЗАРЕВАЦ,Промена личних података,15
14.09.2026,20.09.2026,БЕОГРАД-ЛАЗАРЕВАЦ,Промена адресе пребивалишта,37
14.09.2026,20.09.2026,БЕОГРАД-ЛАЗАРЕВАЦ,Брисање по основу одјаве пребивалишта,23
14.09.2026,20.09.2026,БЕОГРАД-ЛАЗАРЕВАЦ,Брисање по основу смрти лица,9
14.09.2026,20.09.2026,БЕОГРАД-ЛАЗАРЕВАЦ,Брисање боравишта интерно расељеног лица,3
14.09.2026,20.09.2026,БЕОГРАД-ЛАЗАРЕВАЦ,Упис за гласање по месту боравишта у земљи,7
14.09.2026,20.09.2026,БЕОГРАД-ЛАЗАРЕВАЦ,Упис за гласање по месту боравишта у иностранству,80
14.09.2026,20.09.2026,БЕОГРАД-ЛАЗАРЕВАЦ,Потврда о упису у бирачки списак,6
14.09.2026,20.09.2026,БЕОГРАД-ЛАЗАРЕВАЦ,Брисање по службеној дужности,3
14.09.2026,20.09.2026,БЕОГРАД-МЛАДЕНОВАЦ,Упис по основу стицања пунолетства,12
14.09.2026,20.09.2026,БЕОГРАД-МЛАДЕНОВАЦ,Упис по основу пријаве пребивалишта,70
14.09.2026,20.09.2026,БЕОГРАД-МЛАДЕНОВАЦ,Промена личних података,39
14.09.2026,20.09.2026,БЕОГРАД-МЛАДЕНОВАЦ,Промена адресе пребивалишта,25
14.09.2026,20.09.2026,БЕОГРАД-МЛАДЕНОВАЦ,Брисање по основу одјаве пребивалишта,24
14.09.2026,20.09.2026,БЕОГРАД-МЛАДЕНОВАЦ,Брисање по основу смрти лица,17
14.09.2026,20.09.2026,БЕОГРАД-МЛАДЕНОВАЦ,Брисање боравишта интерно расељеног лица,6
14.09.2026,20.09.2026,БЕОГРАД-МЛАДЕНОВАЦ,Упис за гласање по месту боравишта у земљи,2
14.09.2026,20.09.2026,БЕОГРАД-МЛАДЕНОВАЦ,Упис за гласање по месту боравишта у иностранству,78
14.09.2026,20.09.2026,БЕОГРАД-МЛАДЕНОВАЦ,Потврда о изборном праву,4
14.09.2026,20.09.2026,БЕОГРАД-НОВИ БЕОГРАД,Упис по основу стицања пунолетства,122
14.09.2026,20.09.2026,БЕОГРАД-НОВИ БЕОГРАД,Упис по основу пријаве пребивалишта,125
14.09.2026,20.09.2026,БЕОГРАД-НОВИ БЕОГРАД,Упис по основу пријема у држављанство,1
14.09.2026,20.09.2026,БЕОГРАД-НОВИ БЕОГРАД,Упис по основу пријаве боравишта интерно расељеног лица,1
14.09.2026,20.09.2026,БЕОГРАД-НОВИ БЕОГРАД,Промена личних података,59
14.09.2026,20.09.2026,БЕОГРАД-НОВИ БЕОГРАД,Промена адресе пребивалишта,49
14.09.2026,20.09.2026,БЕОГРАД-НОВИ БЕОГРАД,Брисање по основу одјаве пребивалишта,239
14.09.2026,20.09.2026,БЕОГРАД-НОВИ БЕОГРАД,Брисање по основу смрти лица,69
14.09.2026,20.09.2026,БЕОГРАД-НОВИ БЕОГРАД,Упис за гласање по месту боравишта у земљи,35
14.09.2026,20.09.2026,БЕОГРАД-НОВИ БЕОГРАД,Упис за гласање по месту боравишта у иностранству,1446
14.09.2026,20.09.2026,БЕОГРАД-НОВИ БЕОГРАД,Промена гласања по месту боравишта у иностранству,3
14.09.2026,20.09.2026,БЕОГРАД-НОВИ БЕОГРАД,Брисање по службеној дужности,29
14.09.2026,20.09.2026,БЕОГРАД-НОВИ БЕОГРАД,Упис по основу последњег пребивалишта,14
14.09.2026,20.09.2026,БЕОГРАД-ОБРЕНОВАЦ,Упис по основу стицања пунолетства,27
14.09.2026,20.09.2026,БЕОГРАД-ОБРЕНОВАЦ,Упис по основу пријаве пребивалишта,30
14.09.2026,20.09.2026,БЕОГРАД-ОБРЕНОВАЦ,Промена личних података,17
14.09.2026,20.09.2026,БЕОГРАД-ОБРЕНОВАЦ,Промена адресе пребивалишта,49
14.09.2026,20.09.2026,БЕОГРАД-ОБРЕНОВАЦ,Брисање по основу одјаве пребивалишта,21
14.09.2026,20.09.2026,БЕОГРАД-ОБРЕНОВАЦ,Брисање по основу смрти лица,21
14.09.2026,20.09.2026,БЕОГРАД-ОБРЕНОВАЦ,Брисање боравишта интерно расељеног лица,2
14.09.2026,20.09.2026,БЕОГРАД-ОБРЕНОВАЦ,Упис за гласање по месту боравишта у земљи,2
14.09.2026,20.09.2026,БЕОГРАД-ОБРЕНОВАЦ,Упис за гласање по месту боравишта у иностранству,125
14.09.2026,20.09.2026,БЕОГРАД-ОБРЕНОВАЦ,Исправка техничке грешке,1
14.09.2026,20.09.2026,БЕОГРАД-ОБРЕНОВАЦ,Брисање по службеној дужности,7
14.09.2026,20.09.2026,БЕОГРАД-ОБРЕНОВАЦ,Упис по основу последњег пребивалишта,1
14.09.2026,20.09.2026,БЕОГРАД-ПАЛИЛУЛА,Упис по основу стицања пунолетства,38
14.09.2026,20.09.2026,БЕОГРАД-ПАЛИЛУЛА,Упис по основу пријаве пребивалишта,426
14.09.2026,20.09.2026,БЕОГРАД-ПАЛИЛУЛА,Промена личних података,141
14.09.2026,20.09.2026,БЕОГРАД-ПАЛИЛУЛА,Промена адресе пребивалишта,56
14.09.2026,20.09.2026,БЕОГРАД-ПАЛИЛУЛА,Брисање по основу дуплог уписа,1
14.09.2026,20.09.2026,БЕОГРАД-ПАЛИЛУЛА,Брисање по основу одјаве пребивалишта,168
14.09.2026,20.09.2026,БЕОГРАД-ПАЛИЛУЛА,Брисање по основу смрти лица,41
14.09.2026,20.09.2026,БЕОГРАД-ПАЛИЛУЛА,Брисање боравишта интерно расељеног лица,3
14.09.2026,20.09.2026,БЕОГРАД-ПАЛИЛУЛА,Упис за гласање по месту боравишта у земљи,18
14.09.2026,20.09.2026,БЕОГРАД-ПАЛИЛУЛА,Упис за гласање по месту боравишта у иностранству,643
14.09.2026,20.09.2026,БЕОГРАД-ПАЛИЛУЛА,Упис по основу последњег пребивалишта,5
14.09.2026,20.09.2026,БЕОГРАД-РАКОВИЦА,Упис по основу стицања пунолетства,16
14.09.2026,20.09.2026,БЕОГРАД-РАКОВИЦА,Упис по основу пријаве пребивалишта,34
14.09.2026,20.09.2026,БЕОГРАД-РАКОВИЦА,Промена личних података,10
14.09.2026,20.09.2026,БЕОГРАД-РАКОВИЦА,Промена адресе пребивалишта,11
14.09.2026,20.09.2026,БЕОГРАД-РАКОВИЦА,Брисање по основу одјаве пребивалишта,80
14.09.2026,20.09.2026,БЕОГРАД-РАКОВИЦА,Брисање по основу смрти лица,23
14.09.2026,20.09.2026,БЕОГРАД-РАКОВИЦА,Брисање боравишта интерно расељеног лица,3
14.09.2026,20.09.2026,БЕОГРАД-РАКОВИЦА,Упис за гласање по месту боравишта у земљи,7
14.09.2026,20.09.2026,БЕОГРАД-РАКОВИЦА,Упис за гласање по месту боравишта у иностранству,83
14.09.2026,20.09.2026,БЕОГРАД-РАКОВИЦА,Брисање по службеној дужности,4
14.09.2026,20.09.2026,БЕОГРАД-САВСКИ ВЕНАЦ,Упис по основу стицања пунолетства,60
14.09.2026,20.09.2026,БЕОГРАД-САВСКИ ВЕНАЦ,Упис по основу пријаве пребивалишта,209
14.09.2026,20.09.2026,БЕОГРАД-САВСКИ ВЕНАЦ,Упис по основу пријема у држављанство,2
14.09.2026,20.09.2026,БЕОГРАД-САВСКИ ВЕНАЦ,Промена личних података,74
14.09.2026,20.09.2026,БЕОГРАД-САВСКИ ВЕНАЦ,Промена адресе пребивалишта,10
14.09.2026,20.09.2026,БЕОГРАД-САВСКИ ВЕНАЦ,Брисање по основу одјаве пребивалишта,59
14.09.2026,20.09.2026,БЕОГРАД-САВСКИ ВЕНАЦ,Брисање по основу смрти лица,9
14.09.2026,20.09.2026,БЕОГРАД-САВСКИ ВЕНАЦ,Упис за гласање по месту боравишта у земљи,6
14.09.2026,20.09.2026,БЕОГРАД-САВСКИ ВЕНАЦ,Упис за гласање по месту боравишта у иностранству,453
14.09.2026,20.09.2026,БЕОГРАД-САВСКИ ВЕНАЦ,Упис по основу последњег пребивалишта,1
14.09.2026,20.09.2026,БЕОГРАД-СОПОТ,Упис по основу стицања пунолетства,23
14.09.2026,20.09.2026,БЕОГРАД-СОПОТ,Упис по основу пријаве пребивалишта,27
14.09.2026,20.09.2026,БЕОГРАД-СОПОТ,Промена личних података,14
14.09.2026,20.09.2026,БЕОГРАД-СОПОТ,Промена адресе пребивалишта,7
14.09.2026,20.09.2026,БЕОГРАД-СОПОТ,Брисање по основу одјаве пребивалишта,20
14.09.2026,20.09.2026,БЕОГРАД-СОПОТ,Брисање по основу смрти лица,3
14.09.2026,20.09.2026,БЕОГРАД-СОПОТ,Брисање боравишта интерно расељеног лица,1
14.09.2026,20.09.2026,БЕОГРАД-СОПОТ,Упис за гласање по месту боравишта у земљи,8
14.09.2026,20.09.2026,БЕОГРАД-СОПОТ,Упис за гласање по месту боравишта у иностранству,25
14.09.2026,20.09.2026,БЕОГРАД-СТАРИ ГРАД,Упис по основу стицања пунолетства,13
14.09.2026,20.09.2026,БЕОГРАД-СТАРИ ГРАД,Упис по основу пријаве пребивалишта,148
14.09.2026,20.09.2026,БЕОГРАД-СТАРИ ГРАД,Промена личних података,36
14.09.2026,20.09.2026,БЕОГРАД-СТАРИ ГРАД,Промена адресе пребивалишта,8
14.09.2026,20.09.2026,БЕОГРАД-СТАРИ ГРАД,Брисање по основу одјаве пребивалишта,54
14.09.2026,20.09.2026,БЕОГРАД-СТАРИ ГРАД,Брисање по основу смрти лица,18
14.09.2026,20.09.2026,БЕОГРАД-СТАРИ ГРАД,Упис за гласање по месту боравишта у земљи,12
14.09.2026,20.09.2026,БЕОГРАД-СТАРИ ГРАД,Упис за гласање по месту боравишта у иностранству,743
14.09.2026,20.09.2026,БЕОГРАД-СТАРИ ГРАД,Промена гласања по месту боравишта у иностранству,9
14.09.2026,20.09.2026,БЕОГРАД-СТАРИ ГРАД,Потврда о упису у бирачки списак,1
14.09.2026,20.09.2026,БЕОГРАД-СТАРИ ГРАД,Потврда о изборном праву,5
14.09.2026,20.09.2026,БЕОГРАД-СТАРИ ГРАД,Исправка техничке грешке,1
14.09.2026,20.09.2026,БЕОГРАД-СТАРИ ГРАД,Брисање по службеној дужности,1
14.09.2026,20.09.2026,БЕОГРАД-СТАРИ ГРАД,Упис по основу последњег пребивалишта,8
14.09.2026,20.09.2026,БЕОГРАД-СУРЧИН,Упис по основу стицања пунолетства,74
14.09.2026,20.09.2026,БЕОГРАД-СУРЧИН,Упис по основу пријаве пребивалишта,107
14.09.2026,20.09.2026,БЕОГРАД-СУРЧИН,Упис по основу пријаве боравишта интерно расељеног лица,1
14.09.2026,20.09.2026,БЕОГРАД-СУРЧИН,Промена личних података,21
14.09.2026,20.09.2026,БЕОГРАД-СУРЧИН,Промена адресе пребивалишта,10
14.09.2026,20.09.2026,БЕОГРАД-СУРЧИН,Брисање по основу одјаве пребивалишта,22
14.09.2026,20.09.2026,БЕОГРАД-СУРЧИН,Брисање по основу смрти лица,16
14.09.2026,20.09.2026,БЕОГРАД-СУРЧИН,Упис за гласање по месту боравишта у земљи,8
14.09.2026,20.09.2026,БЕОГРАД-СУРЧИН,Упис за гласање по месту боравишта у иностранству,86
14.09.2026,20.09.2026,БЕОГРАД-СУРЧИН,Брисање по службеној дужности,3
14.09.2026,20.09.2026,БЕОГРАД-ЧУКАРИЦА,Упис по основу стицања пунолетства,229
14.09.2026,20.09.2026,БЕОГРАД-ЧУКАРИЦА,Упис по основу пријаве пребивалишта,36
14.09.2026,20.09.2026,БЕОГРАД-ЧУКАРИЦА,Упис по основу пријема у држављанство,1
14.09.2026,20.09.2026,БЕОГРАД-ЧУКАРИЦА,Промена личних података,53
14.09.2026,20.09.2026,БЕОГРАД-ЧУКАРИЦА,Промена адресе пребивалишта,53
14.09.2026,20.09.2026,БЕОГРАД-ЧУКАРИЦА,Промена адресе боравишта интерно расељеног лица,2
14.09.2026,20.09.2026,БЕОГРАД-ЧУКАРИЦА,Брисање по основу одјаве пребивалишта,139
14.09.2026,20.09.2026,БЕОГРАД-ЧУКАРИЦА,Брисање по основу смрти лица,28
14.09.2026,20.09.2026,БЕОГРАД-ЧУКАРИЦА,Брисање боравишта интерно расељеног лица,1
14.09.2026,20.09.2026,БЕОГРАД-ЧУКАРИЦА,Упис за гласање по месту боравишта у земљи,24
14.09.2026,20.09.2026,БЕОГРАД-ЧУКАРИЦА,Упис за гласање по месту боравишта у иностранству,756
14.09.2026,20.09.2026,БЕОГРАД-ЧУКАРИЦА,Промена гласања по месту боравишта у иностранству,12
14.09.2026,20.09.2026,БЕОГРАД-ЧУКАРИЦА,Брисање по службеној дужности,8
14.09.2026,20.09.2026,БЕОГРАД-ЧУКАРИЦА,Упис по основу последњег пребивалишта,10
14.09.2026,20.09.2026,БЕОЧИН,Упис по основу стицања пунолетства,5
14.09.2026,20.09.2026,БЕОЧИН,Упис по основу пријаве пребивалишта,33
14.09.2026,20.09.2026,БЕОЧИН,Упис по основу пријема у држављанство,1
14.09.2026,20.09.2026,БЕОЧИН,Промена личних података,4
14.09.2026,20.09.2026,БЕОЧИН,Промена адресе пребивалишта,5
14.09.2026,20.09.2026,БЕОЧИН,Брисање по основу одјаве пребивалишта,23
14.09.2026,20.09.2026,БЕОЧИН,Брисање по основу смрти лица,2
14.09.2026,20.09.2026,БЕОЧИН,Упис за гласање по месту боравишта у иностранству,28
14.09.2026,20.09.2026,БЕОЧИН,Исправка техничке грешке,1
14.09.2026,20.09.2026,БЕОЧИН,Брисање по службеној дужности,2
14.09.2026,20.09.2026,БЕЧЕЈ,Упис по основу стицања пунолетства,41
14.09.2026,20.09.2026,БЕЧЕЈ,Упис по основу пријаве пребивалишта,31
14.09.2026,20.09.2026,БЕЧЕЈ,Промена личних података,11
14.09.2026,20.09.2026,БЕЧЕЈ,Промена адресе пребивалишта,23
14.09.2026,20.09.2026,БЕЧЕЈ,Брисање по основу дуплог уписа,1
14.09.2026,20.09.2026,БЕЧЕЈ,Брисање по основу одјаве пребивалишта,16
14.09.2026,20.09.2026,БЕЧЕЈ,Брисање по основу губитка пословне способности,3
14.09.2026,20.09.2026,БЕЧЕЈ,Брисање по основу смрти лица,11
14.09.2026,20.09.2026,БЕЧЕЈ,Упис за гласање по месту боравишта у земљи,2
14.09.2026,20.09.2026,БЕЧЕЈ,Упис за гласање по месту боравишта у иностранству,38
14.09.2026,20.09.2026,БЕЧЕЈ,Брисање по службеној дужности,2
14.09.2026,20.09.2026,БЛАЦЕ,Упис по основу стицања пунолетства,14
14.09.2026,20.09.2026,БЛАЦЕ,Упис по основу пријаве пребивалишта,4
14.09.2026,20.09.2026,БЛАЦЕ,Промена личних података,4
14.09.2026,20.09.2026,БЛАЦЕ,Промена адресе пребивалишта,6
14.09.2026,20.09.2026,БЛАЦЕ,Брисање по основу одјаве пребивалишта,7
14.09.2026,20.09.2026,БЛАЦЕ,Брисање по основу губитка пословне способности,2
14.09.2026,20.09.2026,БЛАЦЕ,Брисање по основу смрти лица,3
14.09.2026,20.09.2026,БЛАЦЕ,Брисање боравишта интерно расељеног лица,2
14.09.2026,20.09.2026,БЛАЦЕ,Упис за гласање по месту боравишта у земљи,3
14.09.2026,20.09.2026,БЛАЦЕ,Упис за гласање по месту боравишта у иностранству,6
14.09.2026,20.09.2026,БЛАЦЕ,Брисање по службеној дужности,1
14.09.2026,20.09.2026,БОГАТИЋ,Упис по основу стицања пунолетства,29
14.09.2026,20.09.2026,БОГАТИЋ,Упис по основу пријаве пребивалишта,39
14.09.2026,20.09.2026,БОГАТИЋ,Промена личних података,8
14.09.2026,20.09.2026,БОГАТИЋ,Промена адресе пребивалишта,34
14.09.2026,20.09.2026,БОГАТИЋ,Брисање по основу одјаве пребивалишта,17
14.09.2026,20.09.2026,БОГАТИЋ,Брисање по основу смрти лица,6
14.09.2026,20.09.2026,БОГАТИЋ,Упис за гласање по месту боравишта у земљи,2
14.09.2026,20.09.2026,БОГАТИЋ,Упис за гласање по месту боравишта у иностранству,60
14.09.2026,20.09.2026,БОГАТИЋ,Потврда о изборном праву,3
14.09.2026,20.09.2026,БОЈНИК,Упис по основу стицања пунолетства,21
14.09.2026,20.09.2026,БОЈНИК,Упис по основу пријаве пребивалишта,3
14.09.2026,20.09.2026,БОЈНИК,Промена личних података,2
14.09.2026,20.09.2026,БОЈНИК,Промена адресе пребивалишта,7
14.09.2026,20.09.2026,БОЈНИК,Промена адресе боравишта интерно расељеног лица,1
14.09.2026,20.09.2026,БОЈНИК,Брисање по основу одјаве пребивалишта,7
14.09.2026,20.09.2026,БОЈНИК,Брисање по основу смрти лица,4
14.09.2026,20.09.2026,БОЈНИК,Упис за гласање по месту боравишта у земљи,1
14.09.2026,20.09.2026,БОЈНИК,Упис за гласање по месту боравишта у иностранству,6
14.09.2026,20.09.2026,БОЉЕВАЦ,Упис по основу стицања пунолетства,15
14.09.2026,20.09.2026,БОЉЕВАЦ,Упис по основу пријаве пребивалишта,13
14.09.2026,20.09.2026,БОЉЕВАЦ,Промена личних података,182
14.09.2026,20.09.2026,БОЉЕВАЦ,Промена адресе пребивалишта,23
14.09.2026,20.09.2026,БОЉЕВАЦ,Брисање по основу одјаве пребивалишта,9
14.09.2026,20.09.2026,БОЉЕВАЦ,Брисање по основу смрти лица,4
14.09.2026,20.09.2026,БОЉЕВАЦ,Упис за гласање по месту боравишта у земљи,3
14.09.2026,20.09.2026,БОЉЕВАЦ,Упис за гласање по месту боравишта у иностранству,10
14.09.2026,20.09.2026,БОЉЕВАЦ,Брисање по службеној дужности,1
14.09.2026,20.09.2026,БОР - ГРАД,Упис по основу стицања пунолетства,33
14.09.2026,20.09.2026,БОР - ГРАД,Упис по основу пријаве пребивалишта,31
14.09.2026,20.09.2026,БОР - ГРАД,Промена личних података,14
14.09.2026,20.09.2026,БОР - ГРАД,Промена адресе пребивалишта,82
14.09.2026,20.09.2026,БОР - ГРАД,Брисање по основу одјаве пребивалишта,28
14.09.2026,20.09.2026,БОР - ГРАД,Брисање по основу губитка пословне способности,2
14.09.2026,20.09.2026,БОР - ГРАД,Брисање по основу смрти лица,8
14.09.2026,20.09.2026,БОР - ГРАД,Брисање боравишта интерно расељеног лица,16
14.09.2026,20.09.2026,БОР - ГРАД,Упис за гласање по месту боравишта у земљи,2
14.09.2026,20.09.2026,БОР - ГРАД,Упис за гласање по месту боравишта у иностранству,60
14.09.2026,20.09.2026,БОР - ГРАД,Исправка техничке грешке,3
14.09.2026,20.09.2026,БОР - ГРАД,Брисање по службеној дужности,1
14.09.2026,20.09.2026,БОР - ГРАД,Упис по основу последњег пребивалишта,1
14.09.2026,20.09.2026,БОСИЛЕГРАД,Упис по основу стицања пунолетства,8
14.09.2026,20.09.2026,БОСИЛЕГРАД,Промена личних података,1
14.09.2026,20.09.2026,БОСИЛЕГРАД,Промена адресе пребивалишта,10
14.09.2026,20.09.2026,БОСИЛЕГРАД,Брисање по основу одјаве пребивалишта,6
14.09.2026,20.09.2026,БОСИЛЕГРАД,Брисање по основу смрти лица,5
14.09.2026,20.09.2026,БОСИЛЕГРАД,Упис за гласање по месту боравишта у земљи,1
14.09.2026,20.09.2026,БОСИЛЕГРАД,Упис за гласање по месту боравишта у иностранству,8
14.09.2026,20.09.2026,БРУС,Упис по основу стицања пунолетства,18
14.09.2026,20.09.2026,БРУС,Промена личних података,2
14.09.2026,20.09.2026,БРУС,Промена адресе пребивалишта,33
14.09.2026,20.09.2026,БРУС,Брисање по основу одјаве пребивалишта,11
14.09.2026,20.09.2026,БРУС,Брисање по основу смрти лица,3
14.09.2026,20.09.2026,БРУС,Упис за гласање по месту боравишта у земљи,3
14.09.2026,20.09.2026,БРУС,Упис за гласање по месту боравишта у иностранству,14
14.09.2026,20.09.2026,БУЈАНОВАЦ,Упис по основу стицања пунолетства,47
14.09.2026,20.09.2026,БУЈАНОВАЦ,Упис по основу пријаве пребивалишта,70
14.09.2026,20.09.2026,БУЈАНОВАЦ,Промена личних података,115
14.09.2026,20.09.2026,БУЈАНОВАЦ,Промена адресе пребивалишта,36
14.09.2026,20.09.2026,БУЈАНОВАЦ,Брисање по основу одјаве пребивалишта,22
14.09.2026,20.09.2026,БУЈАНОВАЦ,Брисање по основу смрти лица,8
14.09.2026,20.09.2026,БУЈАНОВАЦ,Брисање боравишта интерно расељеног лица,6
14.09.2026,20.09.2026,БУЈАНОВАЦ,Упис за гласање по месту боравишта у иностранству,19
14.09.2026,20.09.2026,БУЈАНОВАЦ,Потврда о упису у бирачки списак,5
14.09.2026,20.09.2026,БУЈАНОВАЦ,Потврда о изборном праву,2
14.09.2026,20.09.2026,БУЈАНОВАЦ,Исправка техничке грешке,4
14.09.2026,20.09.2026,ВАЉЕВО - ГРАД,Упис по основу стицања пунолетства,108
14.09.2026,20.09.2026,ВАЉЕВО - ГРАД,Упис по основу пријаве пребивалишта,6
14.09.2026,20.09.2026,ВАЉЕВО - ГРАД,Промена личних података,126
14.09.2026,20.09.2026,ВАЉЕВО - ГРАД,Промена адресе пребивалишта,29
14.09.2026,20.09.2026,ВАЉЕВО - ГРАД,Брисање по основу одјаве пребивалишта,29
14.09.2026,20.09.2026,ВАЉЕВО - ГРАД,Брисање по основу губитка пословне способности,2
14.09.2026,20.09.2026,ВАЉЕВО - ГРАД,Брисање по основу смрти лица,21
14.09.2026,20.09.2026,ВАЉЕВО - ГРАД,Брисање боравишта интерно расељеног лица,2
14.09.2026,20.09.2026,ВАЉЕВО - ГРАД,Упис за гласање по месту боравишта у земљи,5
14.09.2026,20.09.2026,ВАЉЕВО - ГРАД,Упис за гласање по месту боравишта у иностранству,144
14.09.2026,20.09.2026,ВАЉЕВО - ГРАД,Промена гласања по месту боравишта у иностранству,1
14.09.2026,20.09.2026,ВАЉЕВО - ГРАД,Упис по основу последњег пребивалишта,2
14.09.2026,20.09.2026,ВАРВАРИН,Упис по основу стицања пунолетства,22
14.09.2026,20.09.2026,ВАРВАРИН,Упис по основу пријаве пребивалишта,21
14.09.2026,20.09.2026,ВАРВАРИН,Промена личних података,11
14.09.2026,20.09.2026,ВАРВАРИН,Промена адресе пребивалишта,35
14.09.2026,20.09.2026,ВАРВАРИН,Брисање по основу одјаве пребивалишта,10
14.09.2026,20.09.2026,ВАРВАРИН,Брисање по основу смрти лица,8
14.09.2026,20.09.2026,ВАРВАРИН,Упис за гласање по месту боравишта у иностранству,16
14.09.2026,20.09.2026,ВАРВАРИН,Упис по основу последњег пребивалишта,1
14.09.2026,20.09.2026,ВЕЛИКА ПЛАНА,Упис по основу стицања пунолетства,10
14.09.2026,20.09.2026,ВЕЛИКА ПЛАНА,Упис по основу пријаве пребивалишта,22
14.09.2026,20.09.2026,ВЕЛИКА ПЛАНА,Промена личних података,7
14.09.2026,20.09.2026,ВЕЛИКА ПЛАНА,Промена адресе пребивалишта,8
14.09.2026,20.09.2026,ВЕЛИКА ПЛАНА,Брисање по основу одјаве пребивалишта,17
14.09.2026,20.09.2026,ВЕЛИКА ПЛАНА,Брисање по основу смрти лица,12
14.09.2026,20.09.2026,ВЕЛИКА ПЛАНА,Брисање боравишта интерно расељеног лица,4
14.09.2026,20.09.2026,ВЕЛИКА ПЛАНА,Упис за гласање по месту боравишта у иностранству,25
14.09.2026,20.09.2026,ВЕЛИКА ПЛАНА,Упис по основу последњег пребивалишта,1
14.09.2026,20.09.2026,ВЕЛИКО ГРАДИШТЕ,Упис по основу стицања пунолетства,10
14.09.2026,20.09.2026,ВЕЛИКО ГРАДИШТЕ,Упис по основу пријаве пребивалишта,8
14.09.2026,20.09.2026,ВЕЛИКО ГРАДИШТЕ,Промена личних података,20
14.09.2026,20.09.2026,ВЕЛИКО ГРАДИШТЕ,Промена адресе пребивалишта,15
14.09.2026,20.09.2026,ВЕЛИКО ГРАДИШТЕ,Брисање по основу одјаве пребивалишта,7
14.09.2026,20.09.2026,ВЕЛИКО ГРАДИШТЕ,Брисање по основу смрти лица,5
14.09.2026,20.09.2026,ВЕЛИКО ГРАДИШТЕ,Упис за гласање по месту боравишта у земљи,7
14.09.2026,20.09.2026,ВЕЛИКО ГРАДИШТЕ,Упис за гласање по месту боравишта у иностранству,41
14.09.2026,20.09.2026,ВЕЛИКО ГРАДИШТЕ,Промена гласања по месту боравишта у иностранству,1
14.09.2026,20.09.2026,ВЕЛИКО ГРАДИШТЕ,Потврда о изборном праву,4
14.09.2026,20.09.2026,ВИТИНА,Упис по основу пријаве пребивалишта,2
14.09.2026,20.09.2026,ВИТИНА,Брисање по основу одјаве пребивалишта,9
14.09.2026,20.09.2026,ВЛАДИМИРЦИ,Упис по основу стицања пунолетства,32
14.09.2026,20.09.2026,ВЛАДИМИРЦИ,Упис по основу пријаве пребивалишта,21
14.09.2026,20.09.2026,ВЛАДИМИРЦИ,Упис по основу враћања пословне способности,1
14.09.2026,20.09.2026,ВЛАДИМИРЦИ,Промена личних података,60
14.09.2026,20.09.2026,ВЛАДИМИРЦИ,Промена адресе пребивалишта,8
14.09.2026,20.09.2026,ВЛАДИМИРЦИ,Брисање по основу одјаве пребивалишта,8
14.09.2026,20.09.2026,ВЛАДИМИРЦИ,Брисање по основу смрти лица,3
14.09.2026,20.09.2026,ВЛАДИМИРЦИ,Упис за гласање по месту боравишта у иностранству,14
14.09.2026,20.09.2026,ВЛАДИЧИН ХАН,Упис по основу стицања пунолетства,32
14.09.2026,20.09.2026,ВЛАДИЧИН ХАН,Упис по основу пријаве пребивалишта,5
14.09.2026,20.09.2026,ВЛАДИЧИН ХАН,Промена личних података,16
14.09.2026,20.09.2026,ВЛАДИЧИН ХАН,Промена адресе пребивалишта,32
14.09.2026,20.09.2026,ВЛАДИЧИН ХАН,Брисање по основу одјаве пребивалишта,13
14.09.2026,20.09.2026,ВЛАДИЧИН ХАН,Брисање по основу смрти лица,8
14.09.2026,20.09.2026,ВЛАДИЧИН ХАН,Упис за гласање по месту боравишта у земљи,2
14.09.2026,20.09.2026,ВЛАДИЧИН ХАН,Упис за гласање по месту боравишта у иностранству,9
14.09.2026,20.09.2026,ВЛАДИЧИН ХАН,Брисање по службеној дужности,1
14.09.2026,20.09.2026,ВЛАСОТИНЦЕ,Упис по основу стицања пунолетства,30
14.09.2026,20.09.2026,ВЛАСОТИНЦЕ,Упис по основу пријаве пребивалишта,10
14.09.2026,20.09.2026,ВЛАСОТИНЦЕ,Промена личних података,2
14.09.2026,20.09.2026,ВЛАСОТИНЦЕ,Промена адресе пребивалишта,33
14.09.2026,20.09.2026,ВЛАСОТИНЦЕ,Брисање по основу одјаве пребивалишта,16
14.09.2026,20.09.2026,ВЛАСОТИНЦЕ,Брисање по основу губитка пословне способности,1
14.09.2026,20.09.2026,ВЛАСОТИНЦЕ,Брисање по основу смрти лица,7
14.09.2026,20.09.2026,ВЛАСОТИНЦЕ,Упис за гласање по месту боравишта у иностранству,24
14.09.2026,20.09.2026,ВЛАСОТИНЦЕ,Брисање по службеној дужности,1
14.09.2026,20.09.2026,ВРАЊЕ - ГРАД,Упис по основу стицања пунолетства,84
14.09.2026,20.09.2026,ВРАЊЕ - ГРАД,Упис по основу пријаве пребивалишта,65
14.09.2026,20.09.2026,ВРАЊЕ - ГРАД,Промена личних података,16
14.09.2026,20.09.2026,ВРАЊЕ - ГРАД,Промена адресе пребивалишта,41
14.09.2026,20.09.2026,ВРАЊЕ - ГРАД,Промена адресе боравишта интерно расељеног лица,2
14.09.2026,20.09.2026,ВРАЊЕ - ГРАД,Брисање по основу одјаве пребивалишта,43
14.09.2026,20.09.2026,ВРАЊЕ - ГРАД,Брисање по основу губитка пословне способности,1
14.09.2026,20.09.2026,ВРАЊЕ - ГРАД,Брисање по основу смрти лица,15
14.09.2026,20.09.2026,ВРАЊЕ - ГРАД,Брисање боравишта интерно расељеног лица,150
14.09.2026,20.09.2026,ВРАЊЕ - ГРАД,Упис за гласање по месту боравишта у земљи,1
14.09.2026,20.09.2026,ВРАЊЕ - ГРАД,Упис за гласање по месту боравишта у иностранству,71
14.09.2026,20.09.2026,ВРАЊЕ - ГРАД,Потврда о упису у бирачки списак,1
14.09.2026,20.09.2026,ВРАЊЕ - ГРАД,Потврда о изборном праву,2
14.09.2026,20.09.2026,ВРАЊЕ - ГРАД,Брисање по службеној дужности,3
14.09.2026,20.09.2026,ВРАЊЕ-ВРАЊСКА БАЊА,Упис по основу стицања пунолетства,11
14.09.2026,20.09.2026,ВРАЊЕ-ВРАЊСКА БАЊА,Упис по основу пријаве пребивалишта,8
14.09.2026,20.09.2026,ВРАЊЕ-ВРАЊСКА БАЊА,Промена личних података,4
14.09.2026,20.09.2026,ВРАЊЕ-ВРАЊСКА БАЊА,Промена адресе пребивалишта,10
14.09.2026,20.09.2026,ВРАЊЕ-ВРАЊСКА БАЊА,Брисање по основу одјаве пребивалишта,6
14.09.2026,20.09.2026,ВРАЊЕ-ВРАЊСКА БАЊА,Брисање по основу смрти лица,4
14.09.2026,20.09.2026,ВРАЊЕ-ВРАЊСКА БАЊА,Брисање боравишта интерно расељеног лица,12
14.09.2026,20.09.2026,ВРАЊЕ-ВРАЊСКА БАЊА,Упис за гласање по месту боравишта у иностранству,5
14.09.2026,20.09.2026,ВРАЊЕ-ВРАЊСКА БАЊА,Потврда о упису у бирачки списак,1
14.09.2026,20.09.2026,ВРБАС,Упис по основу стицања пунолетства,27
14.09.2026,20.09.2026,ВРБАС,Упис по основу пријаве пребивалишта,22
14.09.2026,20.09.2026,ВРБАС,Промена личних података,6
14.09.2026,20.09.2026,ВРБАС,Промена адресе пребивалишта,15
14.09.2026,20.09.2026,ВРБАС,Брисање по основу одјаве пребивалишта,24
14.09.2026,20.09.2026,ВРБАС,Брисање по основу смрти лица,11
14.09.2026,20.09.2026,ВРБАС,Упис за гласање по месту боравишта у земљи,1
14.09.2026,20.09.2026,ВРБАС,Упис за гласање по месту боравишта у иностранству,79
14.09.2026,20.09.2026,ВРЊАЧКА БАЊА,Упис по основу стицања пунолетства,33
14.09.2026,20.09.2026,ВРЊАЧКА БАЊА,Упис по основу пријаве пребивалишта,31
14.09.2026,20.09.2026,ВРЊАЧКА БАЊА,Упис по основу пријаве боравишта интерно расељеног лица,46
14.09.2026,20.09.2026,ВРЊАЧКА БАЊА,Промена личних података,4
14.09.2026,20.09.2026,ВРЊАЧКА БАЊА,Промена адресе пребивалишта,16
14.09.2026,20.09.2026,ВРЊАЧКА БАЊА,Брисање по основу одјаве пребивалишта,21
14.09.2026,20.09.2026,ВРЊАЧКА БАЊА,Брисање по основу смрти лица,7
14.09.2026,20.09.2026,ВРЊАЧКА БАЊА,Брисање боравишта интерно расељеног лица,48
14.09.2026,20.09.2026,ВРЊАЧКА БАЊА,Упис за гласање по месту боравишта у земљи,8
14.09.2026,20.09.2026,ВРЊАЧКА БАЊА,Упис за гласање по месту боравишта у иностранству,32
14.09.2026,20.09.2026,ВРЊАЧКА БАЊА,Брисање по службеној дужности,44
14.09.2026,20.09.2026,ВРШАЦ - ГРАД,Упис по основу стицања пунолетства,66
14.09.2026,20.09.2026,ВРШАЦ - ГРАД,Упис по основу пријаве пребивалишта,52
14.09.2026,20.09.2026,ВРШАЦ - ГРАД,Промена личних података,144
14.09.2026,20.09.2026,ВРШАЦ - ГРАД,Промена адресе пребивалишта,38
14.09.2026,20.09.2026,ВРШАЦ - ГРАД,Брисање по основу одјаве пребивалишта,20
14.09.2026,20.09.2026,ВРШАЦ - ГРАД,Брисање по основу губитка пословне способности,2
14.09.2026,20.09.2026,ВРШАЦ - ГРАД,Брисање по основу смрти лица,13
14.09.2026,20.09.2026,ВРШАЦ - ГРАД,Упис за гласање по месту боравишта у земљи,3
14.09.2026,20.09.2026,ВРШАЦ - ГРАД,Упис за гласање по месту боравишта у иностранству,64
14.09.2026,20.09.2026,ВРШАЦ - ГРАД,Потврда о упису у бирачки списак,1
14.09.2026,20.09.2026,ВРШАЦ - ГРАД,Брисање по службеној дужности,5
14.09.2026,20.09.2026,ВУЧИТРН,Упис по основу стицања пунолетства,10
14.09.2026,20.09.2026,ВУЧИТРН,Упис по основу пријаве пребивалишта,2
14.09.2026,20.09.2026,ВУЧИТРН,Брисање по основу одјаве пребивалишта,8
14.09.2026,20.09.2026,ВУЧИТРН,Брисање по основу смрти лица,1
14.09.2026,20.09.2026,ВУЧИТРН,Упис за гласање по месту боравишта у земљи,6
14.09.2026,20.09.2026,ВУЧИТРН,Упис за гласање по месту боравишта у иностранству,3
14.09.2026,20.09.2026,ГАЏИН ХАН,Упис по основу стицања пунолетства,4
14.09.2026,20.09.2026,ГАЏИН ХАН,Упис по основу пријаве пребивалишта,5
14.09.2026,20.09.2026,ГАЏИН ХАН,Промена личних података,5
14.09.2026,20.09.2026,ГАЏИН ХАН,Промена адресе пребивалишта,11
14.09.2026,20.09.2026,ГАЏИН ХАН,Брисање по основу одјаве пребивалишта,2
14.09.2026,20.09.2026,ГАЏИН ХАН,Брисање по основу смрти лица,3
14.09.2026,20.09.2026,ГАЏИН ХАН,Упис за гласање по месту боравишта у иностранству,1
14.09.2026,20.09.2026,ГЊИЛАНЕ,Упис по основу стицања пунолетства,2
14.09.2026,20.09.2026,ГЊИЛАНЕ,Упис по основу пријаве пребивалишта,7
14.09.2026,20.09.2026,ГЊИЛАНЕ,Брисање по основу одјаве пребивалишта,28
14.09.2026,20.09.2026,ГЊИЛАНЕ,Брисање по основу смрти лица,1
14.09.2026,20.09.2026,ГЊИЛАНЕ,Упис за гласање по месту боравишта у земљи,196
14.09.2026,20.09.2026,ГЊИЛАНЕ,Упис за гласање по месту боравишта у иностранству,3
14.09.2026,20.09.2026,ГОЛУБАЦ,Упис по основу стицања пунолетства,9
14.09.2026,20.09.2026,ГОЛУБАЦ,Промена личних података,1
14.09.2026,20.09.2026,ГОЛУБАЦ,Промена адресе пребивалишта,16
14.09.2026,20.09.2026,ГОЛУБАЦ,Брисање по основу одјаве пребивалишта,3
14.09.2026,20.09.2026,ГОЛУБАЦ,Брисање по основу смрти лица,2
14.09.2026,20.09.2026,ГОЛУБАЦ,Упис за гласање по месту боравишта у земљи,2
14.09.2026,20.09.2026,ГОЛУБАЦ,Упис за гласање по месту боравишта у иностранству,8
14.09.2026,20.09.2026,ГОЛУБАЦ,Исправка техничке грешке,1
14.09.2026,20.09.2026,ГОРА,Брисање по основу одјаве пребивалишта,1
14.09.2026,20.09.2026,ГОРЊИ МИЛАНОВАЦ,Упис по основу стицања пунолетства,15
14.09.2026,20.09.2026,ГОРЊИ МИЛАНОВАЦ,Упис по основу пријаве пребивалишта,16
14.09.2026,20.09.2026,ГОРЊИ МИЛАНОВАЦ,Промена личних података,16
14.09.2026,20.09.2026,ГОРЊИ МИЛАНОВАЦ,Промена адресе пребивалишта,9
14.09.2026,20.09.2026,ГОРЊИ МИЛАНОВАЦ,Брисање по основу одјаве пребивалишта,14
14.09.2026,20.09.2026,ГОРЊИ МИЛАНОВАЦ,Брисање по основу смрти лица,9
14.09.2026,20.09.2026,ГОРЊИ МИЛАНОВАЦ,Брисање боравишта интерно расељеног лица,2
14.09.2026,20.09.2026,ГОРЊИ МИЛАНОВАЦ,Упис за гласање по месту боравишта у земљи,5
14.09.2026,20.09.2026,ГОРЊИ МИЛАНОВАЦ,Упис за гласање по месту боравишта у иностранству,64
14.09.2026,20.09.2026,ГОРЊИ МИЛАНОВАЦ,Промена гласања по месту боравишта у иностранству,1
14.09.2026,20.09.2026,ГОРЊИ МИЛАНОВАЦ,Брисање по службеној дужности,3
14.09.2026,20.09.2026,ДЕСПОТОВАЦ,Упис по основу стицања пунолетства,27
14.09.2026,20.09.2026,ДЕСПОТОВАЦ,Упис по основу пријаве пребивалишта,3
14.09.2026,20.09.2026,ДЕСПОТОВАЦ,Промена личних података,4
14.09.2026,20.09.2026,ДЕСПОТОВАЦ,Промена адресе пребивалишта,6
14.09.2026,20.09.2026,ДЕСПОТОВАЦ,Брисање по основу одјаве пребивалишта,10
14.09.2026,20.09.2026,ДЕСПОТОВАЦ,Брисање по основу смрти лица,4
14.09.2026,20.09.2026,ДЕСПОТОВАЦ,Упис за гласање по месту боравишта у земљи,1
14.09.2026,20.09.2026,ДЕСПОТОВАЦ,Упис за гласање по месту боравишта у иностранству,46
14.09.2026,20.09.2026,ДЕСПОТОВАЦ,Потврда о изборном праву,2
14.09.2026,20.09.2026,ДИМИТРОВГРАД,Упис по основу стицања пунолетства,9
14.09.2026,20.09.2026,ДИМИТРОВГРАД,Упис по основу пријаве пребивалишта,7
14.09.2026,20.09.2026,ДИМИТРОВГРАД,Промена личних података,5
14.09.2026,20.09.2026,ДИМИТРОВГРАД,Промена адресе пребивалишта,13
14.09.2026,20.09.2026,ДИМИТРОВГРАД,Брисање по основу одјаве пребивалишта,4
14.09.2026,20.09.2026,ДИМИТРОВГРАД,Брисање по основу смрти лица,2
14.09.2026,20.09.2026,ДИМИТРОВГРАД,Упис за гласање по месту боравишта у земљи,5
14.09.2026,20.09.2026,ДИМИТРОВГРАД,Упис за гласање по месту боравишта у иностранству,10
14.09.2026,20.09.2026,ДИМИТРОВГРАД,Потврда о изборном праву,4
14.09.2026,20.09.2026,ДОЉЕВАЦ,Упис по основу стицања пунолетства,37
14.09.2026,20.09.2026,ДОЉЕВАЦ,Упис по основу пријаве пребивалишта,12
14.09.2026,20.09.2026,ДОЉЕВАЦ,Промена личних података,4
14.09.2026,20.09.2026,ДОЉЕВАЦ,Промена адресе пребивалишта,78
14.09.2026,20.09.2026,ДОЉЕВАЦ,Брисање по основу одјаве пребивалишта,10
14.09.2026,20.09.2026,ДОЉЕВАЦ,Брисање по основу губитка пословне способности,2
14.09.2026,20.09.2026,ДОЉЕВАЦ,Брисање по основу смрти лица,5
14.09.2026,20.09.2026,ДОЉЕВАЦ,Упис за гласање по месту боравишта у иностранству,23
14.09.2026,20.09.2026,ДОЉЕВАЦ,Потврда о изборном праву,4
14.09.2026,20.09.2026,ЖАБАЉ,Упис по основу стицања пунолетства,38
14.09.2026,20.09.2026,ЖАБАЉ,Упис по основу пријаве пребивалишта,4
14.09.2026,20.09.2026,ЖАБАЉ,Промена личних података,40
14.09.2026,20.09.2026,ЖАБАЉ,Промена адресе пребивалишта,13
14.09.2026,20.09.2026,ЖАБАЉ,Брисање по основу одјаве пребивалишта,17
14.09.2026,20.09.2026,ЖАБАЉ,Брисање по основу смрти лица,9
14.09.2026,20.09.2026,ЖАБАЉ,Упис за гласање по месту боравишта у иностранству,47
14.09.2026,20.09.2026,ЖАБАЉ,Брисање по службеној дужности,1
14.09.2026,20.09.2026,ЖАБАРИ,Упис по основу стицања пунолетства,1
14.09.2026,20.09.2026,ЖАБАРИ,Упис по основу пријаве пребивалишта,8
14.09.2026,20.09.2026,ЖАБАРИ,Упис по основу пријема у држављанство,2
14.09.2026,20.09.2026,ЖАБАРИ,Промена личних података,1
14.09.2026,20.09.2026,ЖАБАРИ,Промена адресе пребивалишта,11
14.09.2026,20.09.2026,ЖАБАРИ,Брисање по основу отпуста из држављанства,1
14.09.2026,20.09.2026,ЖАБАРИ,Брисање по основу одјаве пребивалишта,2
14.09.2026,20.09.2026,ЖАБАРИ,Брисање по основу смрти лица,3
14.09.2026,20.09.2026,ЖАБАРИ,Упис за гласање по месту боравишта у земљи,1
14.09.2026,20.09.2026,ЖАБАРИ,Упис за гласање по месту боравишта у иностранству,32
14.09.2026,20.09.2026,ЖАГУБИЦА,Упис по основу стицања пунолетства,10
14.09.2026,20.09.2026,ЖАГУБИЦА,Упис по основу пријаве пребивалишта,10
14.09.2026,20.09.2026,ЖАГУБИЦА,Промена адресе пребивалишта,18
14.09.2026,20.09.2026,ЖАГУБИЦА,Брисање по основу одјаве пребивалишта,6
14.09.2026,20.09.2026,ЖАГУБИЦА,Брисање по основу губитка пословне способности,1
14.09.2026,20.09.2026,ЖАГУБИЦА,Брисање по основу смрти лица,5
14.09.2026,20.09.2026,ЖАГУБИЦА,Упис за гласање по месту боравишта у земљи,3
14.09.2026,20.09.2026,ЖАГУБИЦА,Упис за гласање по месту боравишта у иностранству,29
14.09.2026,20.09.2026,ЖАГУБИЦА,Потврда о упису у бирачки списак,5
14.09.2026,20.09.2026,ЖАГУБИЦА,Брисање по службеној дужности,1
14.09.2026,20.09.2026,ЖИТИШТЕ,Упис по основу стицања пунолетства,25
14.09.2026,20.09.2026,ЖИТИШТЕ,Упис по основу пријаве пребивалишта,21
14.09.2026,20.09.2026,ЖИТИШТЕ,Промена личних података,4
14.09.2026,20.09.2026,ЖИТИШТЕ,Промена адресе пребивалишта,3
14.09.2026,20.09.2026,ЖИТИШТЕ,Брисање по основу одјаве пребивалишта,9
14.09.2026,20.09.2026,ЖИТИШТЕ,Брисање по основу смрти лица,3
14.09.2026,20.09.2026,ЖИТИШТЕ,Упис за гласање по месту боравишта у земљи,1
14.09.2026,20.09.2026,ЖИТИШТЕ,Упис за гласање по месту боравишта у иностранству,22
14.09.2026,20.09.2026,ЖИТИШТЕ,Исправка техничке грешке,2
14.09.2026,20.09.2026,ЖИТИШТЕ,Брисање по службеној дужности,2
14.09.2026,20.09.2026,ЖИТОРАЂА,Упис по основу стицања пунолетства,16
14.09.2026,20.09.2026,ЖИТОРАЂА,Упис по основу пријаве пребивалишта,20
14.09.2026,20.09.2026,ЖИТОРАЂА,Упис по основу пријема у држављанство,1
14.09.2026,20.09.2026,ЖИТОРАЂА,Промена личних података,6
14.09.2026,20.09.2026,ЖИТОРАЂА,Промена адресе пребивалишта,9
14.09.2026,20.09.2026,ЖИТОРАЂА,Брисање по основу одјаве пребивалишта,12
14.09.2026,20.09.2026,ЖИТОРАЂА,Брисање по основу смрти лица,5
14.09.2026,20.09.2026,ЖИТОРАЂА,Брисање боравишта интерно расељеног лица,13
14.09.2026,20.09.2026,ЖИТОРАЂА,Упис за гласање по месту боравишта у земљи,5
14.09.2026,20.09.2026,ЖИТОРАЂА,Упис за гласање по месту боравишта у иностранству,12
14.09.2026,20.09.2026,ЖИТОРАЂА,Потврда о упису у бирачки списак,2
14.09.2026,20.09.2026,ЖИТОРАЂА,Потврда о изборном праву,2
14.09.2026,20.09.2026,ЖИТОРАЂА,Упис по основу последњег пребивалишта,1
14.09.2026,20.09.2026,ЗАЈЕЧАР - ГРАД,Упис по основу стицања пунолетства,57
14.09.2026,20.09.2026,ЗАЈЕЧАР - ГРАД,Упис по основу пријаве пребивалишта,4
14.09.2026,20.09.2026,ЗАЈЕЧАР - ГРАД,Промена личних података,7
14.09.2026,20.09.2026,ЗАЈЕЧАР - ГРАД,Промена адресе пребивалишта,17
14.09.2026,20.09.2026,ЗАЈЕЧАР - ГРАД,Брисање по основу одјаве пребивалишта,34
14.09.2026,20.09.2026,ЗАЈЕЧАР - ГРАД,Брисање по основу губитка пословне способности,3
14.09.2026,20.09.2026,ЗАЈЕЧАР - ГРАД,Брисање по основу смрти лица,13
14.09.2026,20.09.2026,ЗАЈЕЧАР - ГРАД,Упис за гласање по месту боравишта у земљи,5
14.09.2026,20.09.2026,ЗАЈЕЧАР - ГРАД,Упис за гласање по месту боравишта у иностранству,66
14.09.2026,20.09.2026,ЗАЈЕЧАР - ГРАД,Исправка техничке грешке,3
14.09.2026,20.09.2026,ЗВЕЧАН,Упис по основу стицања пунолетства,19
14.09.2026,20.09.2026,ЗВЕЧАН,Упис по основу пријаве пребивалишта,4
14.09.2026,20.09.2026,ЗВЕЧАН,Промена личних података,5
14.09.2026,20.09.2026,ЗВЕЧАН,Брисање по основу одјаве пребивалишта,16
14.09.2026,20.09.2026,ЗВЕЧАН,Брисање по основу смрти лица,2
14.09.2026,20.09.2026,ЗВЕЧАН,Упис за гласање по месту боравишта у земљи,46
14.09.2026,20.09.2026,ЗВЕЧАН,Упис за гласање по месту боравишта у иностранству,8
14.09.2026,20.09.2026,ЗВЕЧАН,Брисање гласања по месту боравишта у земљи,2
14.09.2026,20.09.2026,ЗРЕЊАНИН - ГРАД,Упис по основу стицања пунолетства,162
14.09.2026,20.09.2026,ЗРЕЊАНИН - ГРАД,Упис по основу пријаве пребивалишта,24
14.09.2026,20.09.2026,ЗРЕЊАНИН - ГРАД,Упис по основу пријема у држављанство,1
14.09.2026,20.09.2026,ЗРЕЊАНИН - ГРАД,Промена личних података,18
14.09.2026,20.09.2026,ЗРЕЊАНИН - ГРАД,Промена адресе пребивалишта,53
14.09.2026,20.09.2026,ЗРЕЊАНИН - ГРАД,Брисање по основу одјаве пребивалишта,78
14.09.2026,20.09.2026,ЗРЕЊАНИН - ГРАД,Брисање по основу смрти лица,38
14.09.2026,20.09.2026,ЗРЕЊАНИН - ГРАД,Упис за гласање по месту боравишта у земљи,2
14.09.2026,20.09.2026,ЗРЕЊАНИН - ГРАД,Упис за гласање по месту боравишта у иностранству,228
14.09.2026,20.09.2026,ЗРЕЊАНИН - ГРАД,Промена гласања по месту боравишта у иностранству,1
14.09.2026,20.09.2026,ЗРЕЊАНИН - ГРАД,Потврда о упису у бирачки списак,6
14.09.2026,20.09.2026,ЗРЕЊАНИН - ГРАД,Потврда о изборном праву,1
14.09.2026,20.09.2026,ЗРЕЊАНИН - ГРАД,Брисање по службеној дужности,6
14.09.2026,20.09.2026,ЗУБИН ПОТОК,Упис по основу стицања пунолетства,37
14.09.2026,20.09.2026,ЗУБИН ПОТОК,Упис по основу пријаве пребивалишта,2
14.09.2026,20.09.2026,ЗУБИН ПОТОК,Брисање по основу одјаве пребивалишта,15
14.09.2026,20.09.2026,ЗУБИН ПОТОК,Упис за гласање по месту боравишта у иностранству,1
14.09.2026,20.09.2026,ИВАЊИЦА,Упис по основу стицања пунолетства,15
14.09.2026,20.09.2026,ИВАЊИЦА,Упис по основу пријаве пребивалишта,8
14.09.2026,20.09.2026,ИВАЊИЦА,Промена личних података,5
14.09.2026,20.09.2026,ИВАЊИЦА,Промена адресе пребивалишта,13
14.09.2026,20.09.2026,ИВАЊИЦА,Брисање по основу одјаве пребивалишта,15
14.09.2026,20.09.2026,ИВАЊИЦА,Брисање по основу смрти лица,9
14.09.2026,20.09.2026,ИВАЊИЦА,Упис за гласање по месту боравишта у земљи,3
14.09.2026,20.09.2026,ИВАЊИЦА,Упис за гласање по месту боравишта у иностранству,15
14.09.2026,20.09.2026,ИВАЊИЦА,Исправка техничке грешке,1
14.09.2026,20.09.2026,ИНЂИЈА,Упис по основу стицања пунолетства,20
14.09.2026,20.09.2026,ИНЂИЈА,Упис по основу пријаве пребивалишта,97
14.09.2026,20.09.2026,ИНЂИЈА,Упис по основу пријаве боравишта интерно расељеног лица,1
14.09.2026,20.09.2026,ИНЂИЈА,Промена личних података,17
14.09.2026,20.09.2026,ИНЂИЈА,Промена адресе пребивалишта,33
14.09.2026,20.09.2026,ИНЂИЈА,Брисање по основу одјаве пребивалишта,19
14.09.2026,20.09.2026,ИНЂИЈА,Брисање по основу губитка пословне способности,1
14.09.2026,20.09.2026,ИНЂИЈА,Брисање по основу смрти лица,7
14.09.2026,20.09.2026,ИНЂИЈА,Брисање боравишта интерно расељеног лица,1
14.09.2026,20.09.2026,ИНЂИЈА,Упис за гласање по месту боравишта у земљи,2
14.09.2026,20.09.2026,ИНЂИЈА,Упис за гласање по месту боравишта у иностранству,69
14.09.2026,20.09.2026,ИНЂИЈА,Потврда о упису у бирачки списак,2
14.09.2026,20.09.2026,ИНЂИЈА,Потврда о изборном праву,1
14.09.2026,20.09.2026,ИНЂИЈА,Брисање по службеној дужности,2
14.09.2026,20.09.2026,ИРИГ,Упис по основу стицања пунолетства,16
14.09.2026,20.09.2026,ИРИГ,Упис по основу пријаве пребивалишта,21
14.09.2026,20.09.2026,ИРИГ,Упис по основу пријаве боравишта интерно расељеног лица,1
14.09.2026,20.09.2026,ИРИГ,Промена личних података,3
14.09.2026,20.09.2026,ИРИГ,Промена адресе пребивалишта,6
14.09.2026,20.09.2026,ИРИГ,Брисање по основу одјаве пребивалишта,15
14.09.2026,20.09.2026,ИРИГ,Брисање по основу смрти лица,4
14.09.2026,20.09.2026,ИРИГ,Упис за гласање по месту боравишта у земљи,2
14.09.2026,20.09.2026,ИРИГ,Упис за гласање по месту боравишта у иностранству,69
14.09.2026,20.09.2026,ИСТОК,Упис по основу пријаве пребивалишта,6
14.09.2026,20.09.2026,ИСТОК,Брисање по основу одјаве пребивалишта,7
14.09.2026,20.09.2026,ИСТОК,Упис за гласање по месту боравишта у земљи,51
14.09.2026,20.09.2026,ИСТОК,Упис за гласање по месту боравишта у иностранству,18
14.09.2026,20.09.2026,ЈАГОДИНА - ГРАД,Упис по основу стицања пунолетства,119
14.09.2026,20.09.2026,ЈАГОДИНА - ГРАД,Упис по основу пријаве пребивалишта,78
14.09.2026,20.09.2026,ЈАГОДИНА - ГРАД,Упис по основу пријаве боравишта интерно расељеног лица,2
14.09.2026,20.09.2026,ЈАГОДИНА - ГРАД,Промена личних података,422
14.09.2026,20.09.2026,ЈАГОДИНА - ГРАД,Промена адресе пребивалишта,136
14.09.2026,20.09.2026,ЈАГОДИНА - ГРАД,Промена адресе боравишта интерно расељеног лица,1
14.09.2026,20.09.2026,ЈАГОДИНА - ГРАД,Брисање по основу одјаве пребивалишта,35
14.09.2026,20.09.2026,ЈАГОДИНА - ГРАД,Брисање по основу смрти лица,16
14.09.2026,20.09.2026,ЈАГОДИНА - ГРАД,Брисање боравишта интерно расељеног лица,7
14.09.2026,20.09.2026,ЈАГОДИНА - ГРАД,Упис за гласање по месту боравишта у земљи,8
14.09.2026,20.09.2026,ЈАГОДИНА - ГРАД,Упис за гласање по месту боравишта у иностранству,117
14.09.2026,20.09.2026,ЈАГОДИНА - ГРАД,Промена гласања по месту боравишта у иностранству,1
14.09.2026,20.09.2026,ЈАГОДИНА - ГРАД,Потврда о упису у бирачки списак,4
14.09.2026,20.09.2026,ЈАГОДИНА - ГРАД,Потврда о изборном праву,1
14.09.2026,20.09.2026,ЈАГОДИНА - ГРАД,Брисање по службеној дужности,4
14.09.2026,20.09.2026,ЈАГОДИНА - ГРАД,Упис по основу последњег пребивалишта,1
14.09.2026,20.09.2026,КАЊИЖА,Промена личних података,5
14.09.2026,20.09.2026,КАЊИЖА,Промена адресе пребивалишта,24
14.09.2026,20.09.2026,КАЊИЖА,Брисање по основу одјаве пребивалишта,7
14.09.2026,20.09.2026,КАЊИЖА,Брисање по основу смрти лица,8
14.09.2026,20.09.2026,КАЊИЖА,Упис за гласање по месту боравишта у иностранству,9
14.09.2026,20.09.2026,КАЊИЖА,Брисање по службеној дужности,1
14.09.2026,20.09.2026,КИКИНДА - ГРАД,Упис по основу стицања пунолетства,56
14.09.2026,20.09.2026,КИКИНДА - ГРАД,Упис по основу пријаве пребивалишта,14
14.09.2026,20.09.2026,КИКИНДА - ГРАД,Промена личних података,8
14.09.2026,20.09.2026,КИКИНДА - ГРАД,Промена адресе пребивалишта,18
14.09.2026,20.09.2026,КИКИНДА - ГРАД,Брисање по основу одјаве пребивалишта,38
14.09.2026,20.09.2026,КИКИНДА - ГРАД,Брисање по основу смрти лица,10
14.09.2026,20.09.2026,КИКИНДА - ГРАД,Упис за гласање по месту боравишта у земљи,3
14.09.2026,20.09.2026,КИКИНДА - ГРАД,Упис за гласање по месту боравишта у иностранству,72
14.09.2026,20.09.2026,КИКИНДА - ГРАД,Исправка техничке грешке,1
14.09.2026,20.09.2026,КИКИНДА - ГРАД,Брисање по службеној дужности,1
14.09.2026,20.09.2026,КЛАДОВО,Упис по основу стицања пунолетства,14
14.09.2026,20.09.2026,КЛАДОВО,Упис по основу пријаве пребивалишта,14
14.09.2026,20.09.2026,КЛАДОВО,Промена личних података,1
14.09.2026,20.09.2026,КЛАДОВО,Промена адресе пребивалишта,20
14.09.2026,20.09.2026,КЛАДОВО,Брисање по основу одјаве пребивалишта,8
14.09.2026,20.09.2026,КЛАДОВО,Брисање по основу смрти лица,2
14.09.2026,20.09.2026,КЛАДОВО,Упис за гласање по месту боравишта у иностранству,31
14.09.2026,20.09.2026,КЛАДОВО,Исправка техничке грешке,1
14.09.2026,20.09.2026,КЛИНА,Упис по основу пријаве пребивалишта,8
14.09.2026,20.09.2026,КЛИНА,Брисање по основу одјаве пребивалишта,10
14.09.2026,20.09.2026,КЛИНА,Упис за гласање по месту боравишта у иностранству,9
14.09.2026,20.09.2026,КНИЋ,Упис по основу стицања пунолетства,17
14.09.2026,20.09.2026,КНИЋ,Упис по основу пријаве пребивалишта,12
14.09.2026,20.09.2026,КНИЋ,Промена личних података,3
14.09.2026,20.09.2026,КНИЋ,Промена адресе пребивалишта,30
14.09.2026,20.09.2026,КНИЋ,Брисање по основу одјаве пребивалишта,9
14.09.2026,20.09.2026,КНИЋ,Брисање по основу смрти лица,2
14.09.2026,20.09.2026,КНИЋ,Брисање боравишта интерно расељеног лица,2
14.09.2026,20.09.2026,КНИЋ,Упис за гласање по месту боравишта у земљи,2
14.09.2026,20.09.2026,КНИЋ,Упис за гласање по месту боравишта у иностранству,10
14.09.2026,20.09.2026,КЊАЖЕВАЦ,Упис по основу стицања пунолетства,29
14.09.2026,20.09.2026,КЊАЖЕВАЦ,Упис по основу пријаве пребивалишта,22
14.09.2026,20.09.2026,КЊАЖЕВАЦ,Промена личних података,7
14.09.2026,20.09.2026,КЊАЖЕВАЦ,Промена адресе пребивалишта,24
14.09.2026,20.09.2026,КЊАЖЕВАЦ,Брисање по основу одјаве пребивалишта,9
14.09.2026,20.09.2026,КЊАЖЕВАЦ,Брисање по основу смрти лица,10
14.09.2026,20.09.2026,КЊАЖЕВАЦ,Упис за гласање по месту боравишта у земљи,7
14.09.2026,20.09.2026,КЊАЖЕВАЦ,Упис за гласање по месту боравишта у иностранству,27
14.09.2026,20.09.2026,КОВАЧИЦА,Упис по основу стицања пунолетства,30
14.09.2026,20.09.2026,КОВАЧИЦА,Упис по основу пријаве пребивалишта,32
14.09.2026,20.09.2026,КОВАЧИЦА,Промена личних података,9
14.09.2026,20.09.2026,КОВАЧИЦА,Промена адресе пребивалишта,14
14.09.2026,20.09.2026,КОВАЧИЦА,Брисање по основу одјаве пребивалишта,4
14.09.2026,20.09.2026,КОВАЧИЦА,Упис за гласање по месту боравишта у иностранству,50
14.09.2026,20.09.2026,КОВИН,Упис по основу стицања пунолетства,42
14.09.2026,20.09.2026,КОВИН,Упис по основу пријаве пребивалишта,24
14.09.2026,20.09.2026,КОВИН,Промена личних података,4
14.09.2026,20.09.2026,КОВИН,Промена адресе пребивалишта,19
14.09.2026,20.09.2026,КОВИН,Брисање по основу отпуста из држављанства,1
14.09.2026,20.09.2026,КОВИН,Брисање по основу одјаве пребивалишта,20
14.09.2026,20.09.2026,КОВИН,Брисање по основу смрти лица,15
14.09.2026,20.09.2026,КОВИН,Упис за гласање по месту боравишта у иностранству,50
14.09.2026,20.09.2026,КОВИН,Промена гласања по месту боравишта у иностранству,2
14.09.2026,20.09.2026,КОСЈЕРИЋ,Упис по основу стицања пунолетства,11
14.09.2026,20.09.2026,КОСЈЕРИЋ,Упис по основу пријаве пребивалишта,2
14.09.2026,20.09.2026,КОСЈЕРИЋ,Промена личних података,3
14.09.2026,20.09.2026,КОСЈЕРИЋ,Промена адресе пребивалишта,22
14.09.2026,20.09.2026,КОСЈЕРИЋ,Брисање по основу смрти лица,5
14.09.2026,20.09.2026,КОСЈЕРИЋ,Упис за гласање по месту боравишта у земљи,1
14.09.2026,20.09.2026,КОСЈЕРИЋ,Упис за гласање по месту боравишта у иностранству,11
14.09.2026,20.09.2026,КОСЈЕРИЋ,Потврда о упису у бирачки списак,2
14.09.2026,20.09.2026,КОСОВО ПОЉЕ,Упис по основу стицања пунолетства,9
14.09.2026,20.09.2026,КОСОВО ПОЉЕ,Упис по основу пријаве пребивалишта,4
14.09.2026,20.09.2026,КОСОВО ПОЉЕ,Промена личних података,4
14.09.2026,20.09.2026,КОСОВО ПОЉЕ,Брисање по основу одјаве пребивалишта,5
14.09.2026,20.09.2026,КОСОВО ПОЉЕ,Брисање по основу смрти лица,1
14.09.2026,20.09.2026,КОСОВО ПОЉЕ,Упис за гласање по месту боравишта у земљи,1
14.09.2026,20.09.2026,КОСОВО ПОЉЕ,Упис за гласање по месту боравишта у иностранству,15
14.09.2026,20.09.2026,КОСОВСКА КАМЕНИЦА,Упис по основу стицања пунолетства,10
14.09.2026,20.09.2026,КОСОВСКА КАМЕНИЦА,Промена личних података,1
14.09.2026,20.09.2026,КОСОВСКА КАМЕНИЦА,Брисање по основу одјаве пребивалишта,11
14.09.2026,20.09.2026,КОСОВСКА КАМЕНИЦА,Брисање по основу смрти лица,2
14.09.2026,20.09.2026,КОСОВСКА КАМЕНИЦА,Упис за гласање по месту боравишта у земљи,133
14.09.2026,20.09.2026,КОСОВСКА КАМЕНИЦА,Упис за гласање по месту боравишта у иностранству,3
14.09.2026,20.09.2026,КОСОВСКА КАМЕНИЦА,Упис по основу последњег пребивалишта,1
14.09.2026,20.09.2026,КОСОВСКА МИТРОВИЦА,Упис по основу стицања пунолетства,43
14.09.2026,20.09.2026,КОСОВСКА МИТРОВИЦА,Упис по основу пријаве пребивалишта,7
14.09.2026,20.09.2026,КОСОВСКА МИТРОВИЦА,Промена личних података,2
14.09.2026,20.09.2026,КОСОВСКА МИТРОВИЦА,Брисање по основу одјаве пребивалишта,48
14.09.2026,20.09.2026,КОСОВСКА МИТРОВИЦА,Брисање боравишта интерно расељеног лица,1
14.09.2026,20.09.2026,КОСОВСКА МИТРОВИЦА,Упис за гласање по месту боравишта у земљи,22
14.09.2026,20.09.2026,КОСОВСКА МИТРОВИЦА,Упис за гласање по месту боравишта у иностранству,14
14.09.2026,20.09.2026,КОЦЕЉЕВА,Упис по основу стицања пунолетства,17
14.09.2026,20.09.2026,КОЦЕЉЕВА,Упис по основу пријаве пребивалишта,1
14.09.2026,20.09.2026,КОЦЕЉЕВА,Промена личних података,21
14.09.2026,20.09.2026,КОЦЕЉЕВА,Промена адресе пребивалишта,16
14.09.2026,20.09.2026,КОЦЕЉЕВА,Брисање по основу одјаве пребивалишта,13
14.09.2026,20.09.2026,КОЦЕЉЕВА,Брисање по основу смрти лица,8
14.09.2026,20.09.2026,КОЦЕЉЕВА,Упис за гласање по месту боравишта у иностранству,15
14.09.2026,20.09.2026,КРАГУЈЕВАЦ - ГРАД,Упис по основу стицања пунолетства,248
14.09.2026,20.09.2026,КРАГУЈЕВАЦ - ГРАД,Упис по основу пријаве пребивалишта,205
14.09.2026,20.09.2026,КРАГУЈЕВАЦ - ГРАД,Упис по основу пријаве боравишта интерно расељеног лица,3
14.09.2026,20.09.2026,КРАГУЈЕВАЦ - ГРАД,Промена личних података,61
14.09.2026,20.09.2026,КРАГУЈЕВАЦ - ГРАД,Промена адресе пребивалишта,136
14.09.2026,20.09.2026,КРАГУЈЕВАЦ - ГРАД,Промена адресе боравишта интерно расељеног лица,8
14.09.2026,20.09.2026,КРАГУЈЕВАЦ - ГРАД,Брисање по основу одјаве пребивалишта,55
14.09.2026,20.09.2026,КРАГУЈЕВАЦ - ГРАД,Брисање по основу смрти лица,42
14.09.2026,20.09.2026,КРАГУЈЕВАЦ - ГРАД,Брисање боравишта интерно расељеног лица,42
14.09.2026,20.09.2026,КРАГУЈЕВАЦ - ГРАД,Упис за гласање по месту боравишта у земљи,26
14.09.2026,20.09.2026,КРАГУЈЕВАЦ - ГРАД,Упис за гласање по месту боравишта у иностранству,317
14.09.2026,20.09.2026,КРАГУЈЕВАЦ - ГРАД,Промена гласања по месту боравишта у иностранству,1
14.09.2026,20.09.2026,КРАГУЈЕВАЦ - ГРАД,Потврда о изборном праву,5
14.09.2026,20.09.2026,КРАГУЈЕВАЦ - ГРАД,Исправка техничке грешке,4
14.09.2026,20.09.2026,КРАГУЈЕВАЦ - ГРАД,Брисање по службеној дужности,11
14.09.2026,20.09.2026,КРАГУЈЕВАЦ - ГРАД,Упис по основу последњег пребивалишта,6
14.09.2026,20.09.2026,КРАЉЕВО - ГРАД,Упис по основу стицања пунолетства,154
14.09.2026,20.09.2026,КРАЉЕВО - ГРАД,Упис по основу пријаве пребивалишта,35
14.09.2026,20.09.2026,КРАЉЕВО - ГРАД,Упис по основу пријаве боравишта интерно расељеног лица,5
14.09.2026,20.09.2026,КРАЉЕВО - ГРАД,Промена личних података,45
14.09.2026,20.09.2026,КРАЉЕВО - ГРАД,Промена адресе пребивалишта,78
14.09.2026,20.09.2026,КРАЉЕВО - ГРАД,Промена адресе боравишта интерно расељеног лица,3
14.09.2026,20.09.2026,КРАЉЕВО - ГРАД,Брисање по основу одјаве пребивалишта,49
14.09.2026,20.09.2026,КРАЉЕВО - ГРАД,Брисање по основу губитка пословне способности,8
14.09.2026,20.09.2026,КРАЉЕВО - ГРАД,Брисање по основу смрти лица,28
14.09.2026,20.09.2026,КРАЉЕВО - ГРАД,Брисање боравишта интерно расељеног лица,7
14.09.2026,20.09.2026,КРАЉЕВО - ГРАД,Упис за гласање по месту боравишта у земљи,12
14.09.2026,20.09.2026,КРАЉЕВО - ГРАД,Упис за гласање по месту боравишта у иностранству,180
14.09.2026,20.09.2026,КРАЉЕВО - ГРАД,Брисање по службеној дужности,5
14.09.2026,20.09.2026,КРАЉЕВО - ГРАД,Упис по основу последњег пребивалишта,2
14.09.2026,20.09.2026,КРУПАЊ,Упис по основу стицања пунолетства,23
14.09.2026,20.09.2026,КРУПАЊ,Упис по основу пријаве пребивалишта,10
14.09.2026,20.09.2026,КРУПАЊ,Промена личних података,5
14.09.2026,20.09.2026,КРУПАЊ,Промена адресе пребивалишта,38
14.09.2026,20.09.2026,КРУПАЊ,Брисање по основу одјаве пребивалишта,5
14.09.2026,20.09.2026,КРУПАЊ,Брисање по основу смрти лица,3
14.09.2026,20.09.2026,КРУПАЊ,Упис за гласање по месту боравишта у земљи,4
14.09.2026,20.09.2026,КРУПАЊ,Упис за гласање по месту боравишта у иностранству,15
14.09.2026,20.09.2026,КРУПАЊ,Потврда о упису у бирачки списак,4
14.09.2026,20.09.2026,КРУШЕВАЦ - ГРАД,Упис по основу стицања пунолетства,22
14.09.2026,20.09.2026,КРУШЕВАЦ - ГРАД,Упис по основу пријаве пребивалишта,99
14.09.2026,20.09.2026,КРУШЕВАЦ - ГРАД,Упис по основу пријема у држављанство,1
14.09.2026,20.09.2026,КРУШЕВАЦ - ГРАД,Упис по основу пријаве боравишта интерно расељеног лица,6
14.09.2026,20.09.2026,КРУШЕВАЦ - ГРАД,Промена личних података,10
14.09.2026,20.09.2026,КРУШЕВАЦ - ГРАД,Промена адресе пребивалишта,44
14.09.2026,20.09.2026,КРУШЕВАЦ - ГРАД,Промена адресе боравишта интерно расељеног лица,1
14.09.2026,20.09.2026,КРУШЕВАЦ - ГРАД,Брисање по основу одјаве пребивалишта,53
14.09.2026,20.09.2026,КРУШЕВАЦ - ГРАД,Брисање по основу губитка пословне способности,2
14.09.2026,20.09.2026,КРУШЕВАЦ - ГРАД,Брисање по основу смрти лица,24
14.09.2026,20.09.2026,КРУШЕВАЦ - ГРАД,Брисање боравишта интерно расељеног лица,16
14.09.2026,20.09.2026,КРУШЕВАЦ - ГРАД,Упис за гласање по месту боравишта у земљи,6
14.09.2026,20.09.2026,КРУШЕВАЦ - ГРАД,Упис за гласање по месту боравишта у иностранству,137
14.09.2026,20.09.2026,КРУШЕВАЦ - ГРАД,Потврда о изборном праву,2
14.09.2026,20.09.2026,КРУШЕВАЦ - ГРАД,Исправка техничке грешке,2
14.09.2026,20.09.2026,КРУШЕВАЦ - ГРАД,Упис по основу последњег пребивалишта,5
14.09.2026,20.09.2026,КУЛА,Упис по основу стицања пунолетства,44
14.09.2026,20.09.2026,КУЛА,Упис по основу пријаве пребивалишта,2
14.09.2026,20.09.2026,КУЛА,Промена личних података,3
14.09.2026,20.09.2026,КУЛА,Промена адресе пребивалишта,15
14.09.2026,20.09.2026,КУЛА,Брисање по основу дуплог уписа,1
14.09.2026,20.09.2026,КУЛА,Брисање по основу одјаве пребивалишта,18
14.09.2026,20.09.2026,КУЛА,Брисање по основу смрти лица,13
14.09.2026,20.09.2026,КУЛА,Упис за гласање по месту боравишта у земљи,1
14.09.2026,20.09.2026,КУЛА,Упис за гласање по месту боравишта у иностранству,78
14.09.2026,20.09.2026,КУЛА,Промена гласања по месту боравишта у иностранству,2
14.09.2026,20.09.2026,КУЛА,Брисање по службеној дужности,6
14.09.2026,20.09.2026,КУЛА,Упис по основу последњег пребивалишта,1
14.09.2026,20.09.2026,КУРШУМЛИЈА,Упис по основу стицања пунолетства,26
14.09.2026,20.09.2026,КУРШУМЛИЈА,Упис по основу пријаве пребивалишта,3
14.09.2026,20.09.2026,КУРШУМЛИЈА,Упис по основу пријаве боравишта интерно расељеног лица,1
14.09.2026,20.09.2026,КУРШУМЛИЈА,Промена личних података,2
14.09.2026,20.09.2026,КУРШУМЛИЈА,Промена адресе пребивалишта,18
14.09.2026,20.09.2026,КУРШУМЛИЈА,Промена адресе боравишта интерно расељеног лица,1
14.09.2026,20.09.2026,КУРШУМЛИЈА,Брисање по основу одјаве пребивалишта,17
14.09.2026,20.09.2026,КУРШУМЛИЈА,Брисање по основу губитка пословне способности,1
14.09.2026,20.09.2026,КУРШУМЛИЈА,Брисање по основу смрти лица,2
14.09.2026,20.09.2026,КУРШУМЛИЈА,Брисање боравишта интерно расељеног лица,13
14.09.2026,20.09.2026,КУРШУМЛИЈА,Упис за гласање по месту боравишта у земљи,7
14.09.2026,20.09.2026,КУРШУМЛИЈА,Упис за гласање по месту боравишта у иностранству,7
14.09.2026,20.09.2026,КУРШУМЛИЈА,Исправка техничке грешке,2
14.09.2026,20.09.2026,КУЧЕВО,Упис по основу стицања пунолетства,8
14.09.2026,20.09.2026,КУЧЕВО,Упис по основу пријаве пребивалишта,6
14.09.2026,20.09.2026,КУЧЕВО,Промена адресе пребивалишта,24
14.09.2026,20.09.2026,КУЧЕВО,Брисање по основу отпуста из држављанства,1
14.09.2026,20.09.2026,КУЧЕВО,Брисање по основу одјаве пребивалишта,3
14.09.2026,20.09.2026,КУЧЕВО,Брисање по основу смрти лица,5
14.09.2026,20.09.2026,КУЧЕВО,Упис за гласање по месту боравишта у иностранству,43
14.09.2026,20.09.2026,ЛАЈКОВАЦ,Упис по основу стицања пунолетства,19
14.09.2026,20.09.2026,ЛАЈКОВАЦ,Упис по основу пријаве пребивалишта,20
14.09.2026,20.09.2026,ЛАЈКОВАЦ,Промена личних података,2
14.09.2026,20.09.2026,ЛАЈКОВАЦ,Промена адресе пребивалишта,8
14.09.2026,20.09.2026,ЛАЈКОВАЦ,Брисање по основу одјаве пребивалишта,12
14.09.2026,20.09.2026,ЛАЈКОВАЦ,Упис за гласање по месту боравишта у земљи,4
14.09.2026,20.09.2026,ЛАЈКОВАЦ,Упис за гласање по месту боравишта у иностранству,17
14.09.2026,20.09.2026,ЛАЈКОВАЦ,Исправка техничке грешке,1
14.09.2026,20.09.2026,ЛАПОВО,Упис по основу стицања пунолетства,9
14.09.2026,20.09.2026,ЛАПОВО,Упис по основу пријаве пребивалишта,8
14.09.2026,20.09.2026,ЛАПОВО,Промена личних података,185
14.09.2026,20.09.2026,ЛАПОВО,Брисање по основу одјаве пребивалишта,7
14.09.2026,20.09.2026,ЛАПОВО,Брисање по основу смрти лица,2
14.09.2026,20.09.2026,ЛАПОВО,Упис за гласање по месту боравишта у иностранству,15
14.09.2026,20.09.2026,ЛАПОВО,Исправка техничке грешке,1
14.09.2026,20.09.2026,ЛЕБАНЕ,Упис по основу стицања пунолетства,22
14.09.2026,20.09.2026,ЛЕБАНЕ,Упис по основу пријаве пребивалишта,7
14.09.2026,20.09.2026,ЛЕБАНЕ,Промена личних података,2
14.09.2026,20.09.2026,ЛЕБАНЕ,Промена адресе пребивалишта,21
14.09.2026,20.09.2026,ЛЕБАНЕ,Брисање по основу дуплог уписа,1
14.09.2026,20.09.2026,ЛЕБАНЕ,Брисање по основу одјаве пребивалишта,8
14.09.2026,20.09.2026,ЛЕБАНЕ,Брисање по основу смрти лица,7
14.09.2026,20.09.2026,ЛЕБАНЕ,Упис за гласање по месту боравишта у иностранству,39
14.09.2026,20.09.2026,ЛЕБАНЕ,Исправка техничке грешке,1
14.09.2026,20.09.2026,ЛЕПОСАВИЋ,Упис по основу стицања пунолетства,14
14.09.2026,20.09.2026,ЛЕПОСАВИЋ,Упис по основу пријаве пребивалишта,1
14.09.2026,20.09.2026,ЛЕПОСАВИЋ,Промена личних података,1
14.09.2026,20.09.2026,ЛЕПОСАВИЋ,Брисање по основу одјаве пребивалишта,68
14.09.2026,20.09.2026,ЛЕПОСАВИЋ,Брисање по основу смрти лица,5
14.09.2026,20.09.2026,ЛЕПОСАВИЋ,Упис за гласање по месту боравишта у земљи,3
14.09.2026,20.09.2026,ЛЕПОСАВИЋ,Упис за гласање по месту боравишта у иностранству,2
14.09.2026,20.09.2026,ЛЕСКОВАЦ - ГРАД,Упис по основу стицања пунолетства,183
14.09.2026,20.09.2026,ЛЕСКОВАЦ - ГРАД,Упис по основу пријаве пребивалишта,46
14.09.2026,20.09.2026,ЛЕСКОВАЦ - ГРАД,Промена личних података,68
14.09.2026,20.09.2026,ЛЕСКОВАЦ - ГРАД,Промена адресе пребивалишта,36
14.09.2026,20.09.2026,ЛЕСКОВАЦ - ГРАД,Брисање по основу одјаве пребивалишта,44
14.09.2026,20.09.2026,ЛЕСКОВАЦ - ГРАД,Брисање по основу смрти лица,22
14.09.2026,20.09.2026,ЛЕСКОВАЦ - ГРАД,Упис за гласање по месту боравишта у земљи,4
14.09.2026,20.09.2026,ЛЕСКОВАЦ - ГРАД,Упис за гласање по месту боравишта у иностранству,139
14.09.2026,20.09.2026,ЛЕСКОВАЦ - ГРАД,Промена гласања по месту боравишта у иностранству,2
14.09.2026,20.09.2026,ЛЕСКОВАЦ - ГРАД,Брисање по службеној дужности,1
14.09.2026,20.09.2026,ЛИПЉАН,Упис по основу стицања пунолетства,14
14.09.2026,20.09.2026,ЛИПЉАН,Упис по основу пријаве пребивалишта,9
14.09.2026,20.09.2026,ЛИПЉАН,Брисање по основу одјаве пребивалишта,12
14.09.2026,20.09.2026,ЛИПЉАН,Брисање по основу смрти лица,1
14.09.2026,20.09.2026,ЛИПЉАН,Упис за гласање по месту боравишта у земљи,8
14.09.2026,20.09.2026,ЛИПЉАН,Упис за гласање по месту боравишта у иностранству,16
14.09.2026,20.09.2026,ЛОЗНИЦА - ГРАД,Упис по основу стицања пунолетства,32
14.09.2026,20.09.2026,ЛОЗНИЦА - ГРАД,Упис по основу пријаве пребивалишта,26
14.09.2026,20.09.2026,ЛОЗНИЦА - ГРАД,Промена личних података,57
14.09.2026,20.09.2026,ЛОЗНИЦА - ГРАД,Промена адресе пребивалишта,140
14.09.2026,20.09.2026,ЛОЗНИЦА - ГРАД,Брисање по основу одјаве пребивалишта,46
14.09.2026,20.09.2026,ЛОЗНИЦА - ГРАД,Брисање по основу смрти лица,26
14.09.2026,20.09.2026,ЛОЗНИЦА - ГРАД,Упис за гласање по месту боравишта у земљи,3
14.09.2026,20.09.2026,ЛОЗНИЦА - ГРАД,Упис за гласање по месту боравишта у иностранству,292
14.09.2026,20.09.2026,ЛОЗНИЦА - ГРАД,Промена гласања по месту боравишта у иностранству,1
14.09.2026,20.09.2026,ЛОЗНИЦА - ГРАД,Брисање гласања по месту боравишта у иностранству,1
14.09.2026,20.09.2026,ЛОЗНИЦА - ГРАД,Потврда о изборном праву,1
14.09.2026,20.09.2026,ЛОЗНИЦА - ГРАД,Исправка техничке грешке,4
14.09.2026,20.09.2026,ЛУЧАНИ,Упис по основу стицања пунолетства,23
14.09.2026,20.09.2026,ЛУЧАНИ,Упис по основу пријаве пребивалишта,22
14.09.2026,20.09.2026,ЛУЧАНИ,Промена личних података,4
14.09.2026,20.09.2026,ЛУЧАНИ,Брисање по основу одјаве пребивалишта,5
14.09.2026,20.09.2026,ЛУЧАНИ,Брисање по основу губитка пословне способности,1
14.09.2026,20.09.2026,ЛУЧАНИ,Брисање по основу смрти лица,3
14.09.2026,20.09.2026,ЛУЧАНИ,Упис за гласање по месту боравишта у иностранству,19
14.09.2026,20.09.2026,ЛУЧАНИ,Упис по основу последњег пребивалишта,1
14.09.2026,20.09.2026,ЉИГ,Упис по основу стицања пунолетства,8
14.09.2026,20.09.2026,ЉИГ,Упис по основу пријаве пребивалишта,14
14.09.2026,20.09.2026,ЉИГ,Промена личних података,7
14.09.2026,20.09.2026,ЉИГ,Промена адресе пребивалишта,19
14.09.2026,20.09.2026,ЉИГ,Брисање по основу одјаве пребивалишта,4
14.09.2026,20.09.2026,ЉИГ,Брисање по основу губитка пословне способности,1
14.09.2026,20.09.2026,ЉИГ,Брисање по основу смрти лица,5
14.09.2026,20.09.2026,ЉИГ,Упис за гласање по месту боравишта у иностранству,14
14.09.2026,20.09.2026,ЉУБОВИЈА,Упис по основу стицања пунолетства,10
14.09.2026,20.09.2026,ЉУБОВИЈА,Упис по основу пријаве пребивалишта,8
14.09.2026,20.09.2026,ЉУБОВИЈА,Промена личних података,9
14.09.2026,20.09.2026,ЉУБОВИЈА,Промена адресе пребивалишта,32
14.09.2026,20.09.2026,ЉУБОВИЈА,Брисање по основу одјаве пребивалишта,10
14.09.2026,20.09.2026,ЉУБОВИЈА,Брисање по основу смрти лица,3
14.09.2026,20.09.2026,ЉУБОВИЈА,Упис за гласање по месту боравишта у земљи,3
14.09.2026,20.09.2026,ЉУБОВИЈА,Упис за гласање по месту боравишта у иностранству,64
14.09.2026,20.09.2026,ЉУБОВИЈА,Брисање по службеној дужности,2
14.09.2026,20.09.2026,МАЈДАНПЕК,Упис по основу стицања пунолетства,20
14.09.2026,20.09.2026,МАЈДАНПЕК,Упис по основу пријаве пребивалишта,11
14.09.2026,20.09.2026,МАЈДАНПЕК,Промена адресе пребивалишта,12
14.09.2026,20.09.2026,МАЈДАНПЕК,Брисање по основу одјаве пребивалишта,12
14.09.2026,20.09.2026,МАЈДАНПЕК,Брисање по основу смрти лица,4
14.09.2026,20.09.2026,МАЈДАНПЕК,Упис за гласање по месту боравишта у иностранству,45
14.09.2026,20.09.2026,МАЈДАНПЕК,Потврда о изборном праву,6
14.09.2026,20.09.2026,МАЛИ ЗВОРНИК,Упис по основу стицања пунолетства,23
14.09.2026,20.09.2026,МАЛИ ЗВОРНИК,Упис по основу пријаве пребивалишта,16
14.09.2026,20.09.2026,МАЛИ ЗВОРНИК,Промена личних података,4
14.09.2026,20.09.2026,МАЛИ ЗВОРНИК,Промена адресе пребивалишта,11
14.09.2026,20.09.2026,МАЛИ ЗВОРНИК,Брисање по основу одјаве пребивалишта,7
14.09.2026,20.09.2026,МАЛИ ЗВОРНИК,Брисање по основу смрти лица,2
14.09.2026,20.09.2026,МАЛИ ЗВОРНИК,Упис за гласање по месту боравишта у земљи,10
14.09.2026,20.09.2026,МАЛИ ЗВОРНИК,Упис за гласање по месту боравишта у иностранству,111
14.09.2026,20.09.2026,МАЛИ ЗВОРНИК,Брисање по службеној дужности,1
14.09.2026,20.09.2026,МАЛИ ИЂОШ,Упис по основу стицања пунолетства,4
14.09.2026,20.09.2026,МАЛИ ИЂОШ,Упис по основу пријаве пребивалишта,3
14.09.2026,20.09.2026,МАЛИ ИЂОШ,Упис по основу пријема у држављанство,1
14.09.2026,20.09.2026,МАЛИ ИЂОШ,Промена личних података,3
14.09.2026,20.09.2026,МАЛИ ИЂОШ,Промена адресе пребивалишта,6
14.09.2026,20.09.2026,МАЛИ ИЂОШ,Брисање по основу отпуста из држављанства,1
14.09.2026,20.09.2026,МАЛИ ИЂОШ,Брисање по основу одјаве пребивалишта,8
14.09.2026,20.09.2026,МАЛИ ИЂОШ,Брисање по основу смрти лица,2
14.09.2026,20.09.2026,МАЛИ ИЂОШ,Упис за гласање по месту боравишта у иностранству,8
14.09.2026,20.09.2026,МАЛИ ИЂОШ,Потврда о упису у бирачки списак,2
14.09.2026,20.09.2026,МАЛО ЦРНИЋЕ,Упис по основу стицања пунолетства,2
14.09.2026,20.09.2026,МАЛО ЦРНИЋЕ,Упис по основу пријаве пребивалишта,1
14.09.2026,20.09.2026,МАЛО ЦРНИЋЕ,Упис по основу пријема у држављанство,1
14.09.2026,20.09.2026,МАЛО ЦРНИЋЕ,Промена адресе пребивалишта,6
14.09.2026,20.09.2026,МАЛО ЦРНИЋЕ,Брисање по основу одјаве пребивалишта,7
14.09.2026,20.09.2026,МАЛО ЦРНИЋЕ,Брисање по основу смрти лица,3
14.09.2026,20.09.2026,МАЛО ЦРНИЋЕ,Упис за гласање по месту боравишта у иностранству,22
14.09.2026,20.09.2026,МЕДВЕЂА,Упис по основу стицања пунолетства,9
14.09.2026,20.09.2026,МЕДВЕЂА,Упис по основу пријаве пребивалишта,22
14.09.2026,20.09.2026,МЕДВЕЂА,Упис по основу пријаве боравишта интерно расељеног лица,1
14.09.2026,20.09.2026,МЕДВЕЂА,Промена личних података,1
14.09.2026,20.09.2026,МЕДВЕЂА,Промена адресе пребивалишта,17
14.09.2026,20.09.2026,МЕДВЕЂА,Брисање по основу одјаве пребивалишта,3
14.09.2026,20.09.2026,МЕДВЕЂА,Брисање по основу губитка пословне способности,2
14.09.2026,20.09.2026,МЕДВЕЂА,Брисање боравишта интерно расељеног лица,4
14.09.2026,20.09.2026,МЕДВЕЂА,Упис за гласање по месту боравишта у иностранству,34
14.09.2026,20.09.2026,МЕРОШИНА,Упис по основу стицања пунолетства,15
14.09.2026,20.09.2026,МЕРОШИНА,Упис по основу пријаве пребивалишта,7
14.09.2026,20.09.2026,МЕРОШИНА,Промена личних података,3
14.09.2026,20.09.2026,МЕРОШИНА,Промена адресе пребивалишта,28
14.09.2026,20.09.2026,МЕРОШИНА,Брисање по основу одјаве пребивалишта,5
14.09.2026,20.09.2026,МЕРОШИНА,Брисање по основу смрти лица,5
14.09.2026,20.09.2026,МЕРОШИНА,Упис за гласање по месту боравишта у иностранству,6
14.09.2026,20.09.2026,МИОНИЦА,Упис по основу стицања пунолетства,19
14.09.2026,20.09.2026,МИОНИЦА,Упис по основу пријаве пребивалишта,1
14.09.2026,20.09.2026,МИОНИЦА,Упис по основу пријаве боравишта интерно расељеног лица,1
14.09.2026,20.09.2026,МИОНИЦА,Промена личних података,11
14.09.2026,20.09.2026,МИОНИЦА,Промена адресе пребивалишта,27
14.09.2026,20.09.2026,МИОНИЦА,Брисање по основу одјаве пребивалишта,7
14.09.2026,20.09.2026,МИОНИЦА,Брисање по основу смрти лица,6
14.09.2026,20.09.2026,МИОНИЦА,Упис за гласање по месту боравишта у земљи,3
14.09.2026,20.09.2026,МИОНИЦА,Упис за гласање по месту боравишта у иностранству,10
14.09.2026,20.09.2026,НЕГОТИН,Упис по основу стицања пунолетства,55
14.09.2026,20.09.2026,НЕГОТИН,Упис по основу пријаве пребивалишта,16
14.09.2026,20.09.2026,НЕГОТИН,Промена личних података,11
14.09.2026,20.09.2026,НЕГОТИН,Промена адресе пребивалишта,62
14.09.2026,20.09.2026,НЕГОТИН,Промена адресе боравишта интерно расељеног лица,1
14.09.2026,20.09.2026,НЕГОТИН,Брисање по основу одјаве пребивалишта,17
14.09.2026,20.09.2026,НЕГОТИН,Брисање по основу смрти лица,15
14.09.2026,20.09.2026,НЕГОТИН,Упис за гласање по месту боравишта у земљи,1
14.09.2026,20.09.2026,НЕГОТИН,Упис за гласање по месту боравишта у иностранству,78
14.09.2026,20.09.2026,НИШ-МЕДИЈАНА,Упис по основу стицања пунолетства,108
14.09.2026,20.09.2026,НИШ-МЕДИЈАНА,Упис по основу пријаве пребивалишта,172
14.09.2026,20.09.2026,НИШ-МЕДИЈАНА,Промена личних података,28
14.09.2026,20.09.2026,НИШ-МЕДИЈАНА,Промена адресе пребивалишта,25
14.09.2026,20.09.2026,НИШ-МЕДИЈАНА,Брисање по основу одјаве пребивалишта,148
14.09.2026,20.09.2026,НИШ-МЕДИЈАНА,Брисање по основу смрти лица,16
14.09.2026,20.09.2026,НИШ-МЕДИЈАНА,Брисање боравишта интерно расељеног лица,1
14.09.2026,20.09.2026,НИШ-МЕДИЈАНА,Упис за гласање по месту боравишта у земљи,12
14.09.2026,20.09.2026,НИШ-МЕДИЈАНА,Упис за гласање по месту боравишта у иностранству,315
14.09.2026,20.09.2026,НИШ-МЕДИЈАНА,Промена гласања по месту боравишта у иностранству,2
14.09.2026,20.09.2026,НИШ-МЕДИЈАНА,Потврда о изборном праву,4
14.09.2026,20.09.2026,НИШ-МЕДИЈАНА,Брисање по службеној дужности,11
14.09.2026,20.09.2026,НИШ-МЕДИЈАНА,Упис по основу последњег пребивалишта,5
14.09.2026,20.09.2026,НИШ-НИШКА БАЊА,Упис по основу стицања пунолетства,13
14.09.2026,20.09.2026,НИШ-НИШКА БАЊА,Упис по основу пријаве пребивалишта,17
14.09.2026,20.09.2026,НИШ-НИШКА БАЊА,Промена личних података,3
14.09.2026,20.09.2026,НИШ-НИШКА БАЊА,Промена адресе пребивалишта,9
14.09.2026,20.09.2026,НИШ-НИШКА БАЊА,Брисање по основу одјаве пребивалишта,13
14.09.2026,20.09.2026,НИШ-НИШКА БАЊА,Брисање по основу смрти лица,5
14.09.2026,20.09.2026,НИШ-НИШКА БАЊА,Упис за гласање по месту боравишта у иностранству,20
14.09.2026,20.09.2026,НИШ-НИШКА БАЊА,Брисање по службеној дужности,2
14.09.2026,20.09.2026,НИШ-ПАЛИЛУЛА,Упис по основу стицања пунолетства,79
14.09.2026,20.09.2026,НИШ-ПАЛИЛУЛА,Упис по основу пријаве пребивалишта,127
14.09.2026,20.09.2026,НИШ-ПАЛИЛУЛА,Упис по основу пријаве боравишта интерно расељеног лица,1
14.09.2026,20.09.2026,НИШ-ПАЛИЛУЛА,Промена личних података,17
14.09.2026,20.09.2026,НИШ-ПАЛИЛУЛА,Промена адресе пребивалишта,23
14.09.2026,20.09.2026,НИШ-ПАЛИЛУЛА,Брисање по основу одјаве пребивалишта,97
14.09.2026,20.09.2026,НИШ-ПАЛИЛУЛА,Брисање по основу смрти лица,13
14.09.2026,20.09.2026,НИШ-ПАЛИЛУЛА,Упис за гласање по месту боравишта у земљи,2
14.09.2026,20.09.2026,НИШ-ПАЛИЛУЛА,Упис за гласање по месту боравишта у иностранству,122
14.09.2026,20.09.2026,НИШ-ПАЛИЛУЛА,Промена гласања по месту боравишта у иностранству,1
14.09.2026,20.09.2026,НИШ-ПАЛИЛУЛА,Потврда о изборном праву,1
14.09.2026,20.09.2026,НИШ-ПАЛИЛУЛА,Брисање по службеној дужности,4
14.09.2026,20.09.2026,НИШ-ПАЛИЛУЛА,Упис по основу последњег пребивалишта,6
14.09.2026,20.09.2026,НИШ-ПАНТЕЛЕЈ,Упис по основу стицања пунолетства,58
14.09.2026,20.09.2026,НИШ-ПАНТЕЛЕЈ,Упис по основу пријаве пребивалишта,134
14.09.2026,20.09.2026,НИШ-ПАНТЕЛЕЈ,Промена личних података,15
14.09.2026,20.09.2026,НИШ-ПАНТЕЛЕЈ,Промена адресе пребивалишта,32
14.09.2026,20.09.2026,НИШ-ПАНТЕЛЕЈ,Брисање по основу одјаве пребивалишта,61
14.09.2026,20.09.2026,НИШ-ПАНТЕЛЕЈ,Брисање по основу смрти лица,13
14.09.2026,20.09.2026,НИШ-ПАНТЕЛЕЈ,Упис за гласање по месту боравишта у земљи,4
14.09.2026,20.09.2026,НИШ-ПАНТЕЛЕЈ,Упис за гласање по месту боравишта у иностранству,109
14.09.2026,20.09.2026,НИШ-ПАНТЕЛЕЈ,Промена гласања по месту боравишта у иностранству,1
14.09.2026,20.09.2026,НИШ-ПАНТЕЛЕЈ,Исправка техничке грешке,2
14.09.2026,20.09.2026,НИШ-ПАНТЕЛЕЈ,Брисање по службеној дужности,3
14.09.2026,20.09.2026,НИШ-ПАНТЕЛЕЈ,Упис по основу последњег пребивалишта,2
14.09.2026,20.09.2026,НИШ-ЦРВЕНИ КРСТ,Упис по основу стицања пунолетства,45
14.09.2026,20.09.2026,НИШ-ЦРВЕНИ КРСТ,Упис по основу пријаве пребивалишта,33
14.09.2026,20.09.2026,НИШ-ЦРВЕНИ КРСТ,Промена личних података,5
14.09.2026,20.09.2026,НИШ-ЦРВЕНИ КРСТ,Промена адресе пребивалишта,18
14.09.2026,20.09.2026,НИШ-ЦРВЕНИ КРСТ,Брисање по основу одјаве пребивалишта,38
14.09.2026,20.09.2026,НИШ-ЦРВЕНИ КРСТ,Брисање по основу смрти лица,6
14.09.2026,20.09.2026,НИШ-ЦРВЕНИ КРСТ,Упис за гласање по месту боравишта у иностранству,28
14.09.2026,20.09.2026,НИШ-ЦРВЕНИ КРСТ,Промена гласања по месту боравишта у иностранству,1
14.09.2026,20.09.2026,НИШ-ЦРВЕНИ КРСТ,Брисање по службеној дужности,3
14.09.2026,20.09.2026,НОВА ВАРОШ,Упис по основу стицања пунолетства,25
14.09.2026,20.09.2026,НОВА ВАРОШ,Упис по основу пријаве пребивалишта,6
14.09.2026,20.09.2026,НОВА ВАРОШ,Промена личних података,20
14.09.2026,20.09.2026,НОВА ВАРОШ,Промена адресе пребивалишта,85
14.09.2026,20.09.2026,НОВА ВАРОШ,Брисање по основу одјаве пребивалишта,17
14.09.2026,20.09.2026,НОВА ВАРОШ,Брисање по основу смрти лица,5
14.09.2026,20.09.2026,НОВА ВАРОШ,Упис за гласање по месту боравишта у земљи,1
14.09.2026,20.09.2026,НОВА ВАРОШ,Упис за гласање по месту боравишта у иностранству,24
14.09.2026,20.09.2026,НОВА ЦРЊА,Упис по основу стицања пунолетства,7
14.09.2026,20.09.2026,НОВА ЦРЊА,Упис по основу пријаве пребивалишта,9
14.09.2026,20.09.2026,НОВА ЦРЊА,Промена личних података,2
14.09.2026,20.09.2026,НОВА ЦРЊА,Промена адресе пребивалишта,1
14.09.2026,20.09.2026,НОВА ЦРЊА,Брисање по основу одјаве пребивалишта,8
14.09.2026,20.09.2026,НОВА ЦРЊА,Брисање по основу губитка пословне способности,4
14.09.2026,20.09.2026,НОВА ЦРЊА,Брисање по основу смрти лица,3
14.09.2026,20.09.2026,НОВА ЦРЊА,Брисање боравишта интерно расељеног лица,2
14.09.2026,20.09.2026,НОВА ЦРЊА,Упис за гласање по месту боравишта у земљи,3
14.09.2026,20.09.2026,НОВА ЦРЊА,Упис за гласање по месту боравишта у иностранству,12
14.09.2026,20.09.2026,НОВА ЦРЊА,Потврда о упису у бирачки списак,4
14.09.2026,20.09.2026,НОВА ЦРЊА,Потврда о изборном праву,3
14.09.2026,20.09.2026,НОВИ БЕЧЕЈ,Упис по основу стицања пунолетства,34
14.09.2026,20.09.2026,НОВИ БЕЧЕЈ,Упис по основу пријаве пребивалишта,19
14.09.2026,20.09.2026,НОВИ БЕЧЕЈ,Промена личних података,36
14.09.2026,20.09.2026,НОВИ БЕЧЕЈ,Промена адресе пребивалишта,21
14.09.2026,20.09.2026,НОВИ БЕЧЕЈ,Брисање по основу одјаве пребивалишта,9
14.09.2026,20.09.2026,НОВИ БЕЧЕЈ,Брисање по основу смрти лица,5
14.09.2026,20.09.2026,НОВИ БЕЧЕЈ,Брисање боравишта интерно расељеног лица,1
14.09.2026,20.09.2026,НОВИ БЕЧЕЈ,Упис за гласање по месту боравишта у земљи,1
14.09.2026,20.09.2026,НОВИ БЕЧЕЈ,Упис за гласање по месту боравишта у иностранству,20
14.09.2026,20.09.2026,НОВИ БЕЧЕЈ,Упис по основу последњег пребивалишта,2
14.09.2026,20.09.2026,НОВИ КНЕЖЕВАЦ,Упис по основу стицања пунолетства,13
14.09.2026,20.09.2026,НОВИ КНЕЖЕВАЦ,Упис по основу пријаве пребивалишта,8
14.09.2026,20.09.2026,НОВИ КНЕЖЕВАЦ,Промена личних података,2
14.09.2026,20.09.2026,НОВИ КНЕЖЕВАЦ,Промена адресе пребивалишта,3
14.09.2026,20.09.2026,НОВИ КНЕЖЕВАЦ,Брисање по основу одјаве пребивалишта,7
14.09.2026,20.09.2026,НОВИ КНЕЖЕВАЦ,Брисање по основу смрти лица,4
14.09.2026,20.09.2026,НОВИ КНЕЖЕВАЦ,Упис за гласање по месту боравишта у иностранству,19
14.09.2026,20.09.2026,НОВИ ПАЗАР - ГРАД,Упис по основу стицања пунолетства,232
14.09.2026,20.09.2026,НОВИ ПАЗАР - ГРАД,Упис по основу пријаве пребивалишта,10
14.09.2026,20.09.2026,НОВИ ПАЗАР - ГРАД,Промена личних података,342
14.09.2026,20.09.2026,НОВИ ПАЗАР - ГРАД,Промена адресе пребивалишта,115
14.09.2026,20.09.2026,НОВИ ПАЗАР - ГРАД,Брисање по основу одјаве пребивалишта,14
14.09.2026,20.09.2026,НОВИ ПАЗАР - ГРАД,Брисање по основу смрти лица,13
14.09.2026,20.09.2026,НОВИ ПАЗАР - ГРАД,Упис за гласање по месту боравишта у земљи,1
14.09.2026,20.09.2026,НОВИ ПАЗАР - ГРАД,Упис за гласање по месту боравишта у иностранству,89
14.09.2026,20.09.2026,НОВИ ПАЗАР - ГРАД,Исправка техничке грешке,1
14.09.2026,20.09.2026,НОВИ САД - ГРАД,Упис по основу стицања пунолетства,498
14.09.2026,20.09.2026,НОВИ САД - ГРАД,Упис по основу пријаве пребивалишта,730
14.09.2026,20.09.2026,НОВИ САД - ГРАД,Упис по основу пријема у држављанство,1
14.09.2026,20.09.2026,НОВИ САД - ГРАД,Промена личних података,122
14.09.2026,20.09.2026,НОВИ САД - ГРАД,Промена адресе пребивалишта,198
14.09.2026,20.09.2026,НОВИ САД - ГРАД,Брисање по основу одјаве пребивалишта,239
14.09.2026,20.09.2026,НОВИ САД - ГРАД,Брисање по основу смрти лица,69
14.09.2026,20.09.2026,НОВИ САД - ГРАД,Брисање боравишта интерно расељеног лица,4
14.09.2026,20.09.2026,НОВИ САД - ГРАД,Упис за гласање по месту боравишта у земљи,189
14.09.2026,20.09.2026,НОВИ САД - ГРАД,Упис за гласање по месту боравишта у иностранству,2175
14.09.2026,20.09.2026,НОВИ САД - ГРАД,Промена гласања по месту боравишта у иностранству,6
14.09.2026,20.09.2026,НОВИ САД - ГРАД,Потврда о изборном праву,6
14.09.2026,20.09.2026,НОВИ САД - ГРАД,Исправка техничке грешке,1
14.09.2026,20.09.2026,НОВИ САД - ГРАД,Брисање по службеној дужности,22
14.09.2026,20.09.2026,НОВИ САД - ГРАД,Упис по основу последњег пребивалишта,30
14.09.2026,20.09.2026,НОВО БРДО,Брисање по основу одјаве пребивалишта,2
14.09.2026,20.09.2026,НОВО БРДО,Упис за гласање по месту боравишта у земљи,2
14.09.2026,20.09.2026,ОБИЛИЋ,Упис по основу пријаве пребивалишта,3
14.09.2026,20.09.2026,ОБИЛИЋ,Промена личних података,2
14.09.2026,20.09.2026,ОБИЛИЋ,Брисање по основу одјаве пребивалишта,9
14.09.2026,20.09.2026,ОБИЛИЋ,Упис за гласање по месту боравишта у земљи,10
14.09.2026,20.09.2026,ОПОВО,Упис по основу стицања пунолетства,20
14.09.2026,20.09.2026,ОПОВО,Упис по основу пријаве пребивалишта,11
14.09.2026,20.09.2026,ОПОВО,Промена личних података,2
14.09.2026,20.09.2026,ОПОВО,Промена адресе пребивалишта,6
14.09.2026,20.09.2026,ОПОВО,Брисање по основу одјаве пребивалишта,8
14.09.2026,20.09.2026,ОПОВО,Брисање по основу губитка пословне способности,2
14.09.2026,20.09.2026,ОПОВО,Брисање по основу смрти лица,3
14.09.2026,20.09.2026,ОПОВО,Упис за гласање по месту боравишта у иностранству,9
14.09.2026,20.09.2026,ОРАХОВАЦ,Брисање по основу одјаве пребивалишта,7
14.09.2026,20.09.2026,ОРАХОВАЦ,Упис за гласање по месту боравишта у земљи,1
14.09.2026,20.09.2026,ОСЕЧИНА,Упис по основу стицања пунолетства,11
14.09.2026,20.09.2026,ОСЕЧИНА,Упис по основу пријаве пребивалишта,3
14.09.2026,20.09.2026,ОСЕЧИНА,Промена личних података,4
14.09.2026,20.09.2026,ОСЕЧИНА,Промена адресе пребивалишта,4
14.09.2026,20.09.2026,ОСЕЧИНА,Брисање по основу одјаве пребивалишта,3
14.09.2026,20.09.2026,ОСЕЧИНА,Брисање по основу смрти лица,3
14.09.2026,20.09.2026,ОСЕЧИНА,Упис за гласање по месту боравишта у земљи,1
14.09.2026,20.09.2026,ОСЕЧИНА,Упис за гласање по месту боравишта у иностранству,12
14.09.2026,20.09.2026,ОЏАЦИ,Упис по основу стицања пунолетства,6
14.09.2026,20.09.2026,ОЏАЦИ,Упис по основу пријаве пребивалишта,5
14.09.2026,20.09.2026,ОЏАЦИ,Упис по основу пријема у држављанство,3
14.09.2026,20.09.2026,ОЏАЦИ,Упис по основу пријаве боравишта интерно расељеног лица,2
14.09.2026,20.09.2026,ОЏАЦИ,Промена личних података,6
14.09.2026,20.09.2026,ОЏАЦИ,Промена адресе пребивалишта,11
14.09.2026,20.09.2026,ОЏАЦИ,Брисање по основу одјаве пребивалишта,19
14.09.2026,20.09.2026,ОЏАЦИ,Брисање по основу смрти лица,11
14.09.2026,20.09.2026,ОЏАЦИ,Упис за гласање по месту боравишта у иностранству,40
14.09.2026,20.09.2026,ОЏАЦИ,Потврда о изборном праву,3
14.09.2026,20.09.2026,ПАНЧЕВО - ГРАД,Упис по основу стицања пунолетства,120
14.09.2026,20.09.2026,ПАНЧЕВО - ГРАД,Упис по основу пријаве пребивалишта,63
14.09.2026,20.09.2026,ПАНЧЕВО - ГРАД,Промена личних података,39
14.09.2026,20.09.2026,ПАНЧЕВО - ГРАД,Промена адресе пребивалишта,59
14.09.2026,20.09.2026,ПАНЧЕВО - ГРАД,Брисање по основу одјаве пребивалишта,43
14.09.2026,20.09.2026,ПАНЧЕВО - ГРАД,Брисање по основу смрти лица,23
14.09.2026,20.09.2026,ПАНЧЕВО - ГРАД,Упис за гласање по месту боравишта у земљи,10
14.09.2026,20.09.2026,ПАНЧЕВО - ГРАД,Упис за гласање по месту боравишта у иностранству,309
14.09.2026,20.09.2026,ПАНЧЕВО - ГРАД,Брисање по службеној дужности,90
14.09.2026,20.09.2026,ПАНЧЕВО - ГРАД,Упис по основу последњег пребивалишта,1
14.09.2026,20.09.2026,ПАРАЋИН,Упис по основу стицања пунолетства,65
14.09.2026,20.09.2026,ПАРАЋИН,Упис по основу пријаве пребивалишта,50
14.09.2026,20.09.2026,ПАРАЋИН,Промена личних података,54
14.09.2026,20.09.2026,ПАРАЋИН,Промена адресе пребивалишта,119
14.09.2026,20.09.2026,ПАРАЋИН,Брисање по основу одјаве пребивалишта,26
14.09.2026,20.09.2026,ПАРАЋИН,Брисање по основу смрти лица,10
14.09.2026,20.09.2026,ПАРАЋИН,Упис за гласање по месту боравишта у земљи,5
14.09.2026,20.09.2026,ПАРАЋИН,Упис за гласање по месту боравишта у иностранству,78
14.09.2026,20.09.2026,ПАРАЋИН,Потврда о упису у бирачки списак,2
14.09.2026,20.09.2026,ПАРАЋИН,Брисање по службеној дужности,21
14.09.2026,20.09.2026,ПЕТРОВАЦ НА МЛАВИ,Упис по основу стицања пунолетства,26
14.09.2026,20.09.2026,ПЕТРОВАЦ НА МЛАВИ,Упис по основу пријаве пребивалишта,19
14.09.2026,20.09.2026,ПЕТРОВАЦ НА МЛАВИ,Промена личних података,102
14.09.2026,20.09.2026,ПЕТРОВАЦ НА МЛАВИ,Промена адресе пребивалишта,58
14.09.2026,20.09.2026,ПЕТРОВАЦ НА МЛАВИ,Брисање по основу одјаве пребивалишта,7
14.09.2026,20.09.2026,ПЕТРОВАЦ НА МЛАВИ,Брисање по основу губитка пословне способности,1
14.09.2026,20.09.2026,ПЕТРОВАЦ НА МЛАВИ,Брисање по основу смрти лица,7
14.09.2026,20.09.2026,ПЕТРОВАЦ НА МЛАВИ,Упис за гласање по месту боравишта у земљи,2
14.09.2026,20.09.2026,ПЕТРОВАЦ НА МЛАВИ,Упис за гласање по месту боравишта у иностранству,86
14.09.2026,20.09.2026,ПЕТРОВАЦ НА МЛАВИ,Брисање по службеној дужности,1
14.09.2026,20.09.2026,ПЕЋ,Упис по основу пријаве пребивалишта,29
14.09.2026,20.09.2026,ПЕЋ,Промена личних података,3
14.09.2026,20.09.2026,ПЕЋ,Брисање по основу одјаве пребивалишта,10
14.09.2026,20.09.2026,ПЕЋ,Брисање боравишта интерно расељеног лица,1
14.09.2026,20.09.2026,ПЕЋ,Упис за гласање по месту боравишта у земљи,12
14.09.2026,20.09.2026,ПЕЋ,Упис за гласање по месту боравишта у иностранству,151
14.09.2026,20.09.2026,ПЕЋИНЦИ,Упис по основу стицања пунолетства,26
14.09.2026,20.09.2026,ПЕЋИНЦИ,Упис по основу пријаве пребивалишта,3
14.09.2026,20.09.2026,ПЕЋИНЦИ,Промена личних података,5
14.09.2026,20.09.2026,ПЕЋИНЦИ,Промена адресе пребивалишта,5
14.09.2026,20.09.2026,ПЕЋИНЦИ,Брисање по основу одјаве пребивалишта,13
14.09.2026,20.09.2026,ПЕЋИНЦИ,Брисање по основу смрти лица,9
14.09.2026,20.09.2026,ПЕЋИНЦИ,Упис за гласање по месту боравишта у земљи,11
14.09.2026,20.09.2026,ПЕЋИНЦИ,Упис за гласање по месту боравишта у иностранству,39
14.09.2026,20.09.2026,ПИРОТ - ГРАД,Упис по основу стицања пунолетства,14
14.09.2026,20.09.2026,ПИРОТ - ГРАД,Упис по основу пријаве пребивалишта,7
14.09.2026,20.09.2026,ПИРОТ - ГРАД,Промена личних података,39
14.09.2026,20.09.2026,ПИРОТ - ГРАД,Промена адресе пребивалишта,32
14.09.2026,20.09.2026,ПИРОТ - ГРАД,Промена адресе боравишта интерно расељеног лица,1
14.09.2026,20.09.2026,ПИРОТ - ГРАД,Брисање по основу одјаве пребивалишта,18
14.09.2026,20.09.2026,ПИРОТ - ГРАД,Брисање по основу губитка пословне способности,1
14.09.2026,20.09.2026,ПИРОТ - ГРАД,Брисање по основу смрти лица,22
14.09.2026,20.09.2026,ПИРОТ - ГРАД,Упис за гласање по месту боравишта у земљи,2
14.09.2026,20.09.2026,ПИРОТ - ГРАД,Упис за гласање по месту боравишта у иностранству,73
14.09.2026,20.09.2026,ПИРОТ - ГРАД,Потврда о упису у бирачки списак,4
14.09.2026,20.09.2026,ПИРОТ - ГРАД,Исправка техничке грешке,1
14.09.2026,20.09.2026,ПЛАНДИШТЕ,Упис по основу стицања пунолетства,11
14.09.2026,20.09.2026,ПЛАНДИШТЕ,Упис по основу пријаве пребивалишта,7
14.09.2026,20.09.2026,ПЛАНДИШТЕ,Промена личних података,9
14.09.2026,20.09.2026,ПЛАНДИШТЕ,Промена адресе пребивалишта,2
14.09.2026,20.09.2026,ПЛАНДИШТЕ,Брисање по основу одјаве пребивалишта,9
14.09.2026,20.09.2026,ПЛАНДИШТЕ,Брисање по основу смрти лица,3
14.09.2026,20.09.2026,ПЛАНДИШТЕ,Упис за гласање по месту боравишта у земљи,1
14.09.2026,20.09.2026,ПЛАНДИШТЕ,Упис за гласање по месту боравишта у иностранству,10
14.09.2026,20.09.2026,ПОДУЈЕВО,Брисање по основу одјаве пребивалишта,1
14.09.2026,20.09.2026,ПОЖАРЕВАЦ,Упис по основу стицања пунолетства,10
14.09.2026,20.09.2026,ПОЖАРЕВАЦ,Упис по основу пријаве пребивалишта,8
14.09.2026,20.09.2026,ПОЖАРЕВАЦ,Упис по основу пријаве боравишта интерно расељеног лица,2
14.09.2026,20.09.2026,ПОЖАРЕВАЦ,Промена личних података,5
14.09.2026,20.09.2026,ПОЖАРЕВАЦ,Промена адресе пребивалишта,31
14.09.2026,20.09.2026,ПОЖАРЕВАЦ,Брисање по основу отпуста из држављанства,1
14.09.2026,20.09.2026,ПОЖАРЕВАЦ,Брисање по основу одјаве пребивалишта,26
14.09.2026,20.09.2026,ПОЖАРЕВАЦ,Брисање по основу смрти лица,13
14.09.2026,20.09.2026,ПОЖАРЕВАЦ,Упис за гласање по месту боравишта у иностранству,85
14.09.2026,20.09.2026,ПОЖАРЕВАЦ,Промена гласања по месту боравишта у иностранству,1
14.09.2026,20.09.2026,ПОЖАРЕВАЦ-КОСТОЛАЦ,Упис по основу стицања пунолетства,3
14.09.2026,20.09.2026,ПОЖАРЕВАЦ-КОСТОЛАЦ,Упис по основу пријаве пребивалишта,5
14.09.2026,20.09.2026,ПОЖАРЕВАЦ-КОСТОЛАЦ,Промена личних података,5
14.09.2026,20.09.2026,ПОЖАРЕВАЦ-КОСТОЛАЦ,Промена адресе пребивалишта,6
14.09.2026,20.09.2026,ПОЖАРЕВАЦ-КОСТОЛАЦ,Брисање по основу одјаве пребивалишта,12
14.09.2026,20.09.2026,ПОЖАРЕВАЦ-КОСТОЛАЦ,Брисање боравишта интерно расељеног лица,1
14.09.2026,20.09.2026,ПОЖАРЕВАЦ-КОСТОЛАЦ,Упис за гласање по месту боравишта у иностранству,6
14.09.2026,20.09.2026,ПОЖЕГА,Упис по основу стицања пунолетства,35
14.09.2026,20.09.2026,ПОЖЕГА,Упис по основу пријаве пребивалишта,7
14.09.2026,20.09.2026,ПОЖЕГА,Упис по основу пријема у држављанство,2
14.09.2026,20.09.2026,ПОЖЕГА,Промена личних података,15
14.09.2026,20.09.2026,ПОЖЕГА,Промена адресе пребивалишта,51
14.09.2026,20.09.2026,ПОЖЕГА,Брисање по основу одјаве пребивалишта,6
14.09.2026,20.09.2026,ПОЖЕГА,Брисање по основу смрти лица,7
14.09.2026,20.09.2026,ПОЖЕГА,Упис за гласање по месту боравишта у земљи,4
14.09.2026,20.09.2026,ПОЖЕГА,Упис за гласање по месту боравишта у иностранству,40
14.09.2026,20.09.2026,ПОЖЕГА,Исправка техничке грешке,1
14.09.2026,20.09.2026,ПОЖЕГА,Упис по основу последњег пребивалишта,2
14.09.2026,20.09.2026,ПРЕШЕВО,Упис по основу стицања пунолетства,86
14.09.2026,20.09.2026,ПРЕШЕВО,Упис по основу пријаве пребивалишта,11
14.09.2026,20.09.2026,ПРЕШЕВО,Промена личних података,974
14.09.2026,20.09.2026,ПРЕШЕВО,Промена адресе пребивалишта,58
14.09.2026,20.09.2026,ПРЕШЕВО,Брисање по основу одјаве пребивалишта,10
14.09.2026,20.09.2026,ПРЕШЕВО,Брисање по основу смрти лица,4
14.09.2026,20.09.2026,ПРЕШЕВО,Упис за гласање по месту боравишта у иностранству,16
14.09.2026,20.09.2026,ПРЕШЕВО,Исправка техничке грешке,797
14.09.2026,20.09.2026,ПРЕШЕВО,Брисање по службеној дужности,1
14.09.2026,20.09.2026,ПРИБОЈ,Упис по основу стицања пунолетства,34
14.09.2026,20.09.2026,ПРИБОЈ,Упис по основу пријаве пребивалишта,62
14.09.2026,20.09.2026,ПРИБОЈ,Промена личних података,2
14.09.2026,20.09.2026,ПРИБОЈ,Промена адресе пребивалишта,101
14.09.2026,20.09.2026,ПРИБОЈ,Брисање по основу одјаве пребивалишта,11
14.09.2026,20.09.2026,ПРИБОЈ,Брисање по основу смрти лица,7
14.09.2026,20.09.2026,ПРИБОЈ,Упис за гласање по месту боравишта у земљи,1
14.09.2026,20.09.2026,ПРИБОЈ,Упис за гласање по месту боравишта у иностранству,82
14.09.2026,20.09.2026,ПРИБОЈ,Исправка техничке грешке,1
14.09.2026,20.09.2026,ПРИЗРЕН,Брисање по основу одјаве пребивалишта,19
14.09.2026,20.09.2026,ПРИЈЕПОЉЕ,Упис по основу стицања пунолетства,46
14.09.2026,20.09.2026,ПРИЈЕПОЉЕ,Упис по основу пријаве пребивалишта,43
14.09.2026,20.09.2026,ПРИЈЕПОЉЕ,Упис по основу пријема у држављанство,1
14.09.2026,20.09.2026,ПРИЈЕПОЉЕ,Промена личних података,14
14.09.2026,20.09.2026,ПРИЈЕПОЉЕ,Промена адресе пребивалишта,150
14.09.2026,20.09.2026,ПРИЈЕПОЉЕ,Брисање по основу дуплог уписа,2
14.09.2026,20.09.2026,ПРИЈЕПОЉЕ,Брисање по основу одјаве пребивалишта,18
14.09.2026,20.09.2026,ПРИЈЕПОЉЕ,Брисање по основу смрти лица,7
14.09.2026,20.09.2026,ПРИЈЕПОЉЕ,Упис за гласање по месту боравишта у земљи,1
14.09.2026,20.09.2026,ПРИЈЕПОЉЕ,Упис за гласање по месту боравишта у иностранству,41
14.09.2026,20.09.2026,ПРИШТИНА - ГРАД,Упис по основу стицања пунолетства,24
14.09.2026,20.09.2026,ПРИШТИНА - ГРАД,Упис по основу пријаве пребивалишта,3
14.09.2026,20.09.2026,ПРИШТИНА - ГРАД,Промена личних података,2
14.09.2026,20.09.2026,ПРИШТИНА - ГРАД,Промена адресе пребивалишта,1
14.09.2026,20.09.2026,ПРИШТИНА - ГРАД,Брисање по основу одјаве пребивалишта,30
14.09.2026,20.09.2026,ПРИШТИНА - ГРАД,Брисање по основу смрти лица,2
14.09.2026,20.09.2026,ПРИШТИНА - ГРАД,Упис за гласање по месту боравишта у земљи,4
14.09.2026,20.09.2026,ПРИШТИНА - ГРАД,Упис за гласање по месту боравишта у иностранству,30
14.09.2026,20.09.2026,ПРИШТИНА - ГРАД,Упис по основу последњег пребивалишта,12
14.09.2026,20.09.2026,ПРОКУПЉЕ - ГРАД,Упис по основу стицања пунолетства,48
14.09.2026,20.09.2026,ПРОКУПЉЕ - ГРАД,Упис по основу пријаве пребивалишта,36
14.09.2026,20.09.2026,ПРОКУПЉЕ - ГРАД,Упис по основу пријема у држављанство,1
14.09.2026,20.09.2026,ПРОКУПЉЕ - ГРАД,Промена личних података,23
14.09.2026,20.09.2026,ПРОКУПЉЕ - ГРАД,Промена адресе пребивалишта,21
14.09.2026,20.09.2026,ПРОКУПЉЕ - ГРАД,Промена адресе боравишта интерно расељеног лица,1
14.09.2026,20.09.2026,ПРОКУПЉЕ - ГРАД,Брисање по основу одјаве пребивалишта,16
14.09.2026,20.09.2026,ПРОКУПЉЕ - ГРАД,Брисање по основу смрти лица,3
14.09.2026,20.09.2026,ПРОКУПЉЕ - ГРАД,Брисање боравишта интерно расељеног лица,126
14.09.2026,20.09.2026,ПРОКУПЉЕ - ГРАД,Упис за гласање по месту боравишта у земљи,7
14.09.2026,20.09.2026,ПРОКУПЉЕ - ГРАД,Упис за гласање по месту боравишта у иностранству,58
14.09.2026,20.09.2026,ПРОКУПЉЕ - ГРАД,Потврда о изборном праву,3
14.09.2026,20.09.2026,ПРОКУПЉЕ - ГРАД,Брисање по службеној дужности,1
14.09.2026,20.09.2026,РАЖАЊ,Упис по основу стицања пунолетства,7
14.09.2026,20.09.2026,РАЖАЊ,Упис по основу пријаве пребивалишта,11
14.09.2026,20.09.2026,РАЖАЊ,Промена адресе пребивалишта,13
14.09.2026,20.09.2026,РАЖАЊ,Брисање по основу одјаве пребивалишта,5
14.09.2026,20.09.2026,РАЖАЊ,Брисање по основу смрти лица,3
14.09.2026,20.09.2026,РАЖАЊ,Упис за гласање по месту боравишта у земљи,2
14.09.2026,20.09.2026,РАЖАЊ,Упис за гласање по месту боравишта у иностранству,3
14.09.2026,20.09.2026,РАЧА,Упис по основу стицања пунолетства,17
14.09.2026,20.09.2026,РАЧА,Упис по основу пријаве пребивалишта,1
14.09.2026,20.09.2026,РАЧА,Промена личних података,3
14.09.2026,20.09.2026,РАЧА,Промена адресе пребивалишта,7
14.09.2026,20.09.2026,РАЧА,Брисање по основу одјаве пребивалишта,9
14.09.2026,20.09.2026,РАЧА,Брисање по основу смрти лица,5
14.09.2026,20.09.2026,РАЧА,Брисање боравишта интерно расељеног лица,13
14.09.2026,20.09.2026,РАЧА,Упис за гласање по месту боравишта у земљи,1
14.09.2026,20.09.2026,РАЧА,Упис за гласање по месту боравишта у иностранству,13
14.09.2026,20.09.2026,РАШКА,Упис по основу стицања пунолетства,64
14.09.2026,20.09.2026,РАШКА,Упис по основу пријаве пребивалишта,106
14.09.2026,20.09.2026,РАШКА,Промена личних података,8
14.09.2026,20.09.2026,РАШКА,Промена адресе пребивалишта,7
14.09.2026,20.09.2026,РАШКА,Брисање по основу одјаве пребивалишта,18
14.09.2026,20.09.2026,РАШКА,Брисање по основу смрти лица,5
14.09.2026,20.09.2026,РАШКА,Брисање боравишта интерно расељеног лица,11
14.09.2026,20.09.2026,РАШКА,Упис за гласање по месту боравишта у земљи,2
14.09.2026,20.09.2026,РАШКА,Упис за гласање по месту боравишта у иностранству,16
14.09.2026,20.09.2026,РЕКОВАЦ,Упис по основу стицања пунолетства,12
14.09.2026,20.09.2026,РЕКОВАЦ,Упис по основу пријаве пребивалишта,9
14.09.2026,20.09.2026,РЕКОВАЦ,Промена личних података,1
14.09.2026,20.09.2026,РЕКОВАЦ,Промена адресе пребивалишта,32
14.09.2026,20.09.2026,РЕКОВАЦ,Брисање по основу одјаве пребивалишта,7
14.09.2026,20.09.2026,РЕКОВАЦ,Брисање по основу смрти лица,3
14.09.2026,20.09.2026,РЕКОВАЦ,Упис за гласање по месту боравишта у иностранству,13
14.09.2026,20.09.2026,РУМА,Упис по основу стицања пунолетства,74
14.09.2026,20.09.2026,РУМА,Упис по основу пријаве пребивалишта,52
14.09.2026,20.09.2026,РУМА,Промена личних података,10
14.09.2026,20.09.2026,РУМА,Промена адресе пребивалишта,162
14.09.2026,20.09.2026,РУМА,Брисање по основу одјаве пребивалишта,39
14.09.2026,20.09.2026,РУМА,Брисање по основу смрти лица,9
14.09.2026,20.09.2026,РУМА,Упис за гласање по месту боравишта у земљи,11
14.09.2026,20.09.2026,РУМА,Упис за гласање по месту боравишта у иностранству,129
14.09.2026,20.09.2026,РУМА,Потврда о изборном праву,1
14.09.2026,20.09.2026,РУМА,Исправка техничке грешке,1
14.09.2026,20.09.2026,СВИЛАЈНАЦ,Упис по основу стицања пунолетства,28
14.09.2026,20.09.2026,СВИЛАЈНАЦ,Упис по основу пријаве пребивалишта,2
14.09.2026,20.09.2026,СВИЛАЈНАЦ,Промена личних података,3
14.09.2026,20.09.2026,СВИЛАЈНАЦ,Промена адресе пребивалишта,18
14.09.2026,20.09.2026,СВИЛАЈНАЦ,Брисање по основу одјаве пребивалишта,12
14.09.2026,20.09.2026,СВИЛАЈНАЦ,Брисање по основу смрти лица,12
14.09.2026,20.09.2026,СВИЛАЈНАЦ,Упис за гласање по месту боравишта у земљи,1
14.09.2026,20.09.2026,СВИЛАЈНАЦ,Упис за гласање по месту боравишта у иностранству,22
14.09.2026,20.09.2026,СВИЛАЈНАЦ,Потврда о изборном праву,4
14.09.2026,20.09.2026,СВИЛАЈНАЦ,Исправка техничке грешке,1
14.09.2026,20.09.2026,СВИЛАЈНАЦ,Брисање по службеној дужности,2
14.09.2026,20.09.2026,СВРЉИГ,Упис по основу стицања пунолетства,10
14.09.2026,20.09.2026,СВРЉИГ,Упис по основу пријаве пребивалишта,12
14.09.2026,20.09.2026,СВРЉИГ,Промена личних података,4
14.09.2026,20.09.2026,СВРЉИГ,Промена адресе пребивалишта,8
14.09.2026,20.09.2026,СВРЉИГ,Брисање по основу одјаве пребивалишта,11
14.09.2026,20.09.2026,СВРЉИГ,Брисање по основу смрти лица,6
14.09.2026,20.09.2026,СВРЉИГ,Упис за гласање по месту боравишта у земљи,3
14.09.2026,20.09.2026,СВРЉИГ,Упис за гласање по месту боравишта у иностранству,11
14.09.2026,20.09.2026,СЕНТА,Упис по основу стицања пунолетства,27
14.09.2026,20.09.2026,СЕНТА,Упис по основу пријаве пребивалишта,16
14.09.2026,20.09.2026,СЕНТА,Промена личних података,6
14.09.2026,20.09.2026,СЕНТА,Промена адресе пребивалишта,6
14.09.2026,20.09.2026,СЕНТА,Брисање по основу одјаве пребивалишта,9
14.09.2026,20.09.2026,СЕНТА,Брисање по основу смрти лица,5
14.09.2026,20.09.2026,СЕНТА,Упис за гласање по месту боравишта у земљи,1
14.09.2026,20.09.2026,СЕНТА,Упис за гласање по месту боравишта у иностранству,11
14.09.2026,20.09.2026,СЕЧАЊ,Упис по основу стицања пунолетства,13
14.09.2026,20.09.2026,СЕЧАЊ,Упис по основу пријаве пребивалишта,8
14.09.2026,20.09.2026,СЕЧАЊ,Промена личних података,3
14.09.2026,20.09.2026,СЕЧАЊ,Промена адресе пребивалишта,7
14.09.2026,20.09.2026,СЕЧАЊ,Брисање по основу одјаве пребивалишта,11
14.09.2026,20.09.2026,СЕЧАЊ,Брисање по основу смрти лица,1
14.09.2026,20.09.2026,СЕЧАЊ,Упис за гласање по месту боравишта у иностранству,17
14.09.2026,20.09.2026,СЕЧАЊ,Брисање по службеној дужности,1
14.09.2026,20.09.2026,СЈЕНИЦА,Упис по основу стицања пунолетства,56
14.09.2026,20.09.2026,СЈЕНИЦА,Упис по основу пријаве пребивалишта,6
14.09.2026,20.09.2026,СЈЕНИЦА,Промена личних података,93
14.09.2026,20.09.2026,СЈЕНИЦА,Промена адресе пребивалишта,80
14.09.2026,20.09.2026,СЈЕНИЦА,Брисање по основу одјаве пребивалишта,4
14.09.2026,20.09.2026,СЈЕНИЦА,Брисање по основу смрти лица,9
14.09.2026,20.09.2026,СЈЕНИЦА,Упис за гласање по месту боравишта у иностранству,30
14.09.2026,20.09.2026,СМЕДЕРЕВО - ГРАД,Упис по основу стицања пунолетства,107
14.09.2026,20.09.2026,СМЕДЕРЕВО - ГРАД,Упис по основу пријаве пребивалишта,68
14.09.2026,20.09.2026,СМЕДЕРЕВО - ГРАД,Упис по основу пријема у држављанство,2
14.09.2026,20.09.2026,СМЕДЕРЕВО - ГРАД,Упис по основу пријаве боравишта интерно расељеног лица,2
14.09.2026,20.09.2026,СМЕДЕРЕВО - ГРАД,Промена личних података,135
14.09.2026,20.09.2026,СМЕДЕРЕВО - ГРАД,Промена адресе пребивалишта,51
14.09.2026,20.09.2026,СМЕДЕРЕВО - ГРАД,Промена адресе боравишта интерно расељеног лица,1
14.09.2026,20.09.2026,СМЕДЕРЕВО - ГРАД,Брисање по основу одјаве пребивалишта,43
14.09.2026,20.09.2026,СМЕДЕРЕВО - ГРАД,Брисање по основу губитка пословне способности,2
14.09.2026,20.09.2026,СМЕДЕРЕВО - ГРАД,Брисање по основу смрти лица,25
14.09.2026,20.09.2026,СМЕДЕРЕВО - ГРАД,Брисање боравишта интерно расељеног лица,22
14.09.2026,20.09.2026,СМЕДЕРЕВО - ГРАД,Упис за гласање по месту боравишта у земљи,2
14.09.2026,20.09.2026,СМЕДЕРЕВО - ГРАД,Упис за гласање по месту боравишта у иностранству,191
14.09.2026,20.09.2026,СМЕДЕРЕВО - ГРАД,Брисање по службеној дужности,4
14.09.2026,20.09.2026,СМЕДЕРЕВСКА ПАЛАНКА,Упис по основу стицања пунолетства,72
14.09.2026,20.09.2026,СМЕДЕРЕВСКА ПАЛАНКА,Упис по основу пријаве пребивалишта,48
14.09.2026,20.09.2026,СМЕДЕРЕВСКА ПАЛАНКА,Промена личних података,13
14.09.2026,20.09.2026,СМЕДЕРЕВСКА ПАЛАНКА,Промена адресе пребивалишта,72
14.09.2026,20.09.2026,СМЕДЕРЕВСКА ПАЛАНКА,Промена адресе боравишта интерно расељеног лица,1
14.09.2026,20.09.2026,СМЕДЕРЕВСКА ПАЛАНКА,Брисање по основу одјаве пребивалишта,24
14.09.2026,20.09.2026,СМЕДЕРЕВСКА ПАЛАНКА,Брисање по основу смрти лица,11
14.09.2026,20.09.2026,СМЕДЕРЕВСКА ПАЛАНКА,Брисање боравишта интерно расељеног лица,2
14.09.2026,20.09.2026,СМЕДЕРЕВСКА ПАЛАНКА,Упис за гласање по месту боравишта у земљи,4
14.09.2026,20.09.2026,СМЕДЕРЕВСКА ПАЛАНКА,Упис за гласање по месту боравишта у иностранству,60
14.09.2026,20.09.2026,СМЕДЕРЕВСКА ПАЛАНКА,Брисање по службеној дужности,1
14.09.2026,20.09.2026,СОКОБАЊА,Упис по основу стицања пунолетства,11
14.09.2026,20.09.2026,СОКОБАЊА,Упис по основу пријаве пребивалишта,13
14.09.2026,20.09.2026,СОКОБАЊА,Упис по основу пријаве боравишта интерно расељеног лица,2
14.09.2026,20.09.2026,СОКОБАЊА,Промена личних података,22
14.09.2026,20.09.2026,СОКОБАЊА,Промена адресе пребивалишта,92
14.09.2026,20.09.2026,СОКОБАЊА,Брисање по основу одјаве пребивалишта,9
14.09.2026,20.09.2026,СОКОБАЊА,Брисање по основу смрти лица,4
14.09.2026,20.09.2026,СОКОБАЊА,Упис за гласање по месту боравишта у земљи,7
14.09.2026,20.09.2026,СОКОБАЊА,Упис за гласање по месту боравишта у иностранству,33
14.09.2026,20.09.2026,СОКОБАЊА,Потврда о изборном праву,4
14.09.2026,20.09.2026,СОМБОР - ГРАД,Упис по основу стицања пунолетства,95
14.09.2026,20.09.2026,СОМБОР - ГРАД,Упис по основу пријаве пребивалишта,46
14.09.2026,20.09.2026,СОМБОР - ГРАД,Упис по основу пријема у држављанство,4
14.09.2026,20.09.2026,СОМБОР - ГРАД,Промена личних података,8
14.09.2026,20.09.2026,СОМБОР - ГРАД,Промена адресе пребивалишта,56
14.09.2026,20.09.2026,СОМБОР - ГРАД,Брисање по основу одјаве пребивалишта,35
14.09.2026,20.09.2026,СОМБОР - ГРАД,Брисање по основу губитка пословне способности,1
14.09.2026,20.09.2026,СОМБОР - ГРАД,Брисање по основу смрти лица,19
14.09.2026,20.09.2026,СОМБОР - ГРАД,Упис за гласање по месту боравишта у земљи,1
14.09.2026,20.09.2026,СОМБОР - ГРАД,Упис за гласање по месту боравишта у иностранству,161
14.09.2026,20.09.2026,СОМБОР - ГРАД,Промена гласања по месту боравишта у иностранству,5
14.09.2026,20.09.2026,СОМБОР - ГРАД,Упис по основу последњег пребивалишта,1
14.09.2026,20.09.2026,СРБИЦА,Брисање по основу одјаве пребивалишта,1
14.09.2026,20.09.2026,СРБИЦА,Упис за гласање по месту боравишта у земљи,13
14.09.2026,20.09.2026,СРБОБРАН,Упис по основу стицања пунолетства,7
14.09.2026,20.09.2026,СРБОБРАН,Упис по основу пријаве пребивалишта,5
14.09.2026,20.09.2026,СРБОБРАН,Промена личних података,5
14.09.2026,20.09.2026,СРБОБРАН,Промена адресе пребивалишта,6
14.09.2026,20.09.2026,СРБОБРАН,Брисање по основу одјаве пребивалишта,9
14.09.2026,20.09.2026,СРБОБРАН,Брисање по основу смрти лица,4
14.09.2026,20.09.2026,СРБОБРАН,Упис за гласање по месту боравишта у земљи,1
14.09.2026,20.09.2026,СРБОБРАН,Упис за гласање по месту боравишта у иностранству,15
14.09.2026,20.09.2026,СРЕМСКА МИТРОВИЦА - ГРАД,Упис по основу стицања пунолетства,76
14.09.2026,20.09.2026,СРЕМСКА МИТРОВИЦА - ГРАД,Упис по основу пријаве пребивалишта,52
14.09.2026,20.09.2026,СРЕМСКА МИТРОВИЦА - ГРАД,Промена личних података,17
14.09.2026,20.09.2026,СРЕМСКА МИТРОВИЦА - ГРАД,Промена адресе пребивалишта,32
14.09.2026,20.09.2026,СРЕМСКА МИТРОВИЦА - ГРАД,Брисање по основу одјаве пребивалишта,40
14.09.2026,20.09.2026,СРЕМСКА МИТРОВИЦА - ГРАД,Брисање по основу губитка пословне способности,6
14.09.2026,20.09.2026,СРЕМСКА МИТРОВИЦА - ГРАД,Брисање по основу смрти лица,17
14.09.2026,20.09.2026,СРЕМСКА МИТРОВИЦА - ГРАД,Брисање боравишта интерно расељеног лица,12
14.09.2026,20.09.2026,СРЕМСКА МИТРОВИЦА - ГРАД,Упис за гласање по месту боравишта у земљи,1
14.09.2026,20.09.2026,СРЕМСКА МИТРОВИЦА - ГРАД,Упис за гласање по месту боравишта у иностранству,263
14.09.2026,20.09.2026,СРЕМСКА МИТРОВИЦА - ГРАД,Упис по основу последњег пребивалишта,1
14.09.2026,20.09.2026,СРЕМСКИ КАРЛОВЦИ,Упис по основу стицања пунолетства,20
14.09.2026,20.09.2026,СРЕМСКИ КАРЛОВЦИ,Упис по основу пријаве пребивалишта,15
14.09.2026,20.09.2026,СРЕМСКИ КАРЛОВЦИ,Упис по основу пријема у држављанство,1
14.09.2026,20.09.2026,СРЕМСКИ КАРЛОВЦИ,Промена личних података,5
14.09.2026,20.09.2026,СРЕМСКИ КАРЛОВЦИ,Промена адресе пребивалишта,10
14.09.2026,20.09.2026,СРЕМСКИ КАРЛОВЦИ,Брисање по основу одјаве пребивалишта,14
14.09.2026,20.09.2026,СРЕМСКИ КАРЛОВЦИ,Брисање по основу смрти лица,4
14.09.2026,20.09.2026,СРЕМСКИ КАРЛОВЦИ,Упис за гласање по месту боравишта у иностранству,17
14.09.2026,20.09.2026,СТАРА ПАЗОВА,Упис по основу стицања пунолетства,64
14.09.2026,20.09.2026,СТАРА ПАЗОВА,Упис по основу пријаве пребивалишта,75
14.09.2026,20.09.2026,СТАРА ПАЗОВА,Упис по основу пријема у држављанство,1
14.09.2026,20.09.2026,СТАРА ПАЗОВА,Промена личних података,21
14.09.2026,20.09.2026,СТАРА ПАЗОВА,Промена адресе пребивалишта,36
14.09.2026,20.09.2026,СТАРА ПАЗОВА,Брисање по основу одјаве пребивалишта,30
14.09.2026,20.09.2026,СТАРА ПАЗОВА,Брисање по основу смрти лица,9
14.09.2026,20.09.2026,СТАРА ПАЗОВА,Упис за гласање по месту боравишта у земљи,7
14.09.2026,20.09.2026,СТАРА ПАЗОВА,Упис за гласање по месту боравишта у иностранству,211
14.09.2026,20.09.2026,СТАРА ПАЗОВА,Брисање по службеној дужности,1
14.09.2026,20.09.2026,СТАРА ПАЗОВА,Упис по основу последњег пребивалишта,1
14.09.2026,20.09.2026,СУБОТИЦА - ГРАД,Упис по основу стицања пунолетства,26
14.09.2026,20.09.2026,СУБОТИЦА - ГРАД,Упис по основу пријаве пребивалишта,15
14.09.2026,20.09.2026,СУБОТИЦА - ГРАД,Упис по основу враћања пословне способности,2
14.09.2026,20.09.2026,СУБОТИЦА - ГРАД,Промена личних података,116
14.09.2026,20.09.2026,СУБОТИЦА - ГРАД,Промена адресе пребивалишта,62
14.09.2026,20.09.2026,СУБОТИЦА - ГРАД,Брисање по основу одјаве пребивалишта,46
14.09.2026,20.09.2026,СУБОТИЦА - ГРАД,Брисање по основу смрти лица,38
14.09.2026,20.09.2026,СУБОТИЦА - ГРАД,Брисање боравишта интерно расељеног лица,189
14.09.2026,20.09.2026,СУБОТИЦА - ГРАД,Упис за гласање по месту боравишта у земљи,8
14.09.2026,20.09.2026,СУБОТИЦА - ГРАД,Упис за гласање по месту боравишта у иностранству,190
14.09.2026,20.09.2026,СУБОТИЦА - ГРАД,Промена гласања по месту боравишта у иностранству,1
14.09.2026,20.09.2026,СУБОТИЦА - ГРАД,Брисање по службеној дужности,2
14.09.2026,20.09.2026,СУБОТИЦА - ГРАД,Упис по основу последњег пребивалишта,6
14.09.2026,20.09.2026,СУРДУЛИЦА,Упис по основу стицања пунолетства,33
14.09.2026,20.09.2026,СУРДУЛИЦА,Промена личних података,2
14.09.2026,20.09.2026,СУРДУЛИЦА,Промена адресе пребивалишта,45
14.09.2026,20.09.2026,СУРДУЛИЦА,Брисање по основу одјаве пребивалишта,8
14.09.2026,20.09.2026,СУРДУЛИЦА,Брисање по основу смрти лица,8
14.09.2026,20.09.2026,СУРДУЛИЦА,Брисање боравишта интерно расељеног лица,3
14.09.2026,20.09.2026,СУРДУЛИЦА,Упис за гласање по месту боравишта у земљи,22
14.09.2026,20.09.2026,СУРДУЛИЦА,Упис за гласање по месту боравишта у иностранству,13
14.09.2026,20.09.2026,СУРДУЛИЦА,Потврда о упису у бирачки списак,4
14.09.2026,20.09.2026,ТЕМЕРИН,Упис по основу стицања пунолетства,44
14.09.2026,20.09.2026,ТЕМЕРИН,Упис по основу пријаве пребивалишта,11
14.09.2026,20.09.2026,ТЕМЕРИН,Промена личних података,6
14.09.2026,20.09.2026,ТЕМЕРИН,Промена адресе пребивалишта,11
14.09.2026,20.09.2026,ТЕМЕРИН,Брисање по основу одјаве пребивалишта,28
14.09.2026,20.09.2026,ТЕМЕРИН,Брисање по основу смрти лица,4
14.09.2026,20.09.2026,ТЕМЕРИН,Упис за гласање по месту боравишта у иностранству,54
14.09.2026,20.09.2026,ТЕМЕРИН,Брисање по службеној дужности,9
14.09.2026,20.09.2026,ТИТЕЛ,Упис по основу стицања пунолетства,4
14.09.2026,20.09.2026,ТИТЕЛ,Упис по основу пријаве пребивалишта,9
14.09.2026,20.09.2026,ТИТЕЛ,Промена адресе пребивалишта,4
14.09.2026,20.09.2026,ТИТЕЛ,Брисање по основу одјаве пребивалишта,24
14.09.2026,20.09.2026,ТИТЕЛ,Брисање по основу смрти лица,5
14.09.2026,20.09.2026,ТИТЕЛ,Упис за гласање по месту боравишта у иностранству,15
14.09.2026,20.09.2026,ТОПОЛА,Упис по основу стицања пунолетства,17
14.09.2026,20.09.2026,ТОПОЛА,Упис по основу пријаве пребивалишта,13
14.09.2026,20.09.2026,ТОПОЛА,Промена личних података,5
14.09.2026,20.09.2026,ТОПОЛА,Промена адресе пребивалишта,9
14.09.2026,20.09.2026,ТОПОЛА,Брисање по основу одјаве пребивалишта,9
14.09.2026,20.09.2026,ТОПОЛА,Брисање по основу смрти лица,3
14.09.2026,20.09.2026,ТОПОЛА,Упис за гласање по месту боравишта у иностранству,18
14.09.2026,20.09.2026,ТРГОВИШТЕ,Упис по основу стицања пунолетства,2
14.09.2026,20.09.2026,ТРГОВИШТЕ,Упис по основу пријаве пребивалишта,8
14.09.2026,20.09.2026,ТРГОВИШТЕ,Промена адресе пребивалишта,3
14.09.2026,20.09.2026,ТРГОВИШТЕ,Брисање по основу одјаве пребивалишта,5
14.09.2026,20.09.2026,ТРГОВИШТЕ,Брисање по основу смрти лица,3
14.09.2026,20.09.2026,ТРГОВИШТЕ,Брисање боравишта интерно расељеног лица,2
14.09.2026,20.09.2026,ТРГОВИШТЕ,Упис за гласање по месту боравишта у земљи,6
14.09.2026,20.09.2026,ТРГОВИШТЕ,Упис за гласање по месту боравишта у иностранству,99
14.09.2026,20.09.2026,ТРСТЕНИК,Упис по основу стицања пунолетства,48
14.09.2026,20.09.2026,ТРСТЕНИК,Упис по основу пријаве пребивалишта,36
14.09.2026,20.09.2026,ТРСТЕНИК,Упис по основу пријаве боравишта интерно расељеног лица,1
14.09.2026,20.09.2026,ТРСТЕНИК,Промена личних података,6
14.09.2026,20.09.2026,ТРСТЕНИК,Промена адресе пребивалишта,16
14.09.2026,20.09.2026,ТРСТЕНИК,Промена адресе боравишта интерно расељеног лица,1
14.09.2026,20.09.2026,ТРСТЕНИК,Брисање по основу одјаве пребивалишта,12
14.09.2026,20.09.2026,ТРСТЕНИК,Брисање по основу смрти лица,6
14.09.2026,20.09.2026,ТРСТЕНИК,Брисање боравишта интерно расељеног лица,1
14.09.2026,20.09.2026,ТРСТЕНИК,Упис за гласање по месту боравишта у земљи,3
14.09.2026,20.09.2026,ТРСТЕНИК,Упис за гласање по месту боравишта у иностранству,42
14.09.2026,20.09.2026,ТУТИН,Упис по основу стицања пунолетства,108
14.09.2026,20.09.2026,ТУТИН,Упис по основу пријаве пребивалишта,1
14.09.2026,20.09.2026,ТУТИН,Упис по основу пријема у држављанство,3
14.09.2026,20.09.2026,ТУТИН,Промена личних података,327
14.09.2026,20.09.2026,ТУТИН,Промена адресе пребивалишта,108
14.09.2026,20.09.2026,ТУТИН,Брисање по основу отпуста из држављанства,2
14.09.2026,20.09.2026,ТУТИН,Брисање по основу одјаве пребивалишта,1
14.09.2026,20.09.2026,ТУТИН,Брисање по основу смрти лица,5
14.09.2026,20.09.2026,ТУТИН,Упис за гласање по месту боравишта у иностранству,18
14.09.2026,20.09.2026,ТУТИН,Потврда о упису у бирачки списак,2
14.09.2026,20.09.2026,ЋИЋЕВАЦ,Упис по основу стицања пунолетства,7
14.09.2026,20.09.2026,ЋИЋЕВАЦ,Упис по основу пријаве пребивалишта,18
14.09.2026,20.09.2026,ЋИЋЕВАЦ,Промена личних података,6
14.09.2026,20.09.2026,ЋИЋЕВАЦ,Брисање по основу одјаве пребивалишта,7
14.09.2026,20.09.2026,ЋИЋЕВАЦ,Брисање по основу смрти лица,4
14.09.2026,20.09.2026,ЋИЋЕВАЦ,Упис за гласање по месту боравишта у земљи,2
14.09.2026,20.09.2026,ЋИЋЕВАЦ,Упис за гласање по месту боравишта у иностранству,3
14.09.2026,20.09.2026,ЋУПРИЈА,Упис по основу стицања пунолетства,43
14.09.2026,20.09.2026,ЋУПРИЈА,Упис по основу пријаве пребивалишта,17
14.09.2026,20.09.2026,ЋУПРИЈА,Промена личних података,14
14.09.2026,20.09.2026,ЋУПРИЈА,Промена адресе пребивалишта,63
14.09.2026,20.09.2026,ЋУПРИЈА,Брисање по основу одјаве пребивалишта,24
14.09.2026,20.09.2026,ЋУПРИЈА,Брисање по основу смрти лица,10
14.09.2026,20.09.2026,ЋУПРИЈА,Упис за гласање по месту боравишта у земљи,1
14.09.2026,20.09.2026,ЋУПРИЈА,Упис за гласање по месту боравишта у иностранству,66
14.09.2026,20.09.2026,ЋУПРИЈА,Промена гласања по месту боравишта у иностранству,1
14.09.2026,20.09.2026,ЋУПРИЈА,Исправка техничке грешке,1
14.09.2026,20.09.2026,УБ,Упис по основу стицања пунолетства,27
14.09.2026,20.09.2026,УБ,Упис по основу пријаве пребивалишта,44
14.09.2026,20.09.2026,УБ,Промена личних података,4
14.09.2026,20.09.2026,УБ,Промена адресе пребивалишта,11
14.09.2026,20.09.2026,УБ,Брисање по основу одјаве пребивалишта,13
14.09.2026,20.09.2026,УБ,Брисање по основу смрти лица,7
14.09.2026,20.09.2026,УБ,Упис за гласање по месту боравишта у земљи,3
14.09.2026,20.09.2026,УЖИЦЕ - ГРАД,Упис по основу стицања пунолетства,85
14.09.2026,20.09.2026,УЖИЦЕ - ГРАД,Упис по основу пријаве пребивалишта,17
14.09.2026,20.09.2026,УЖИЦЕ - ГРАД,Промена личних података,12
14.09.2026,20.09.2026,УЖИЦЕ - ГРАД,Промена адресе пребивалишта,104
14.09.2026,20.09.2026,УЖИЦЕ - ГРАД,Брисање по основу отпуста из држављанства,1
14.09.2026,20.09.2026,УЖИЦЕ - ГРАД,Брисање по основу одјаве пребивалишта,25
14.09.2026,20.09.2026,УЖИЦЕ - ГРАД,Брисање по основу смрти лица,21
14.09.2026,20.09.2026,УЖИЦЕ - ГРАД,Упис за гласање по месту боравишта у земљи,5
14.09.2026,20.09.2026,УЖИЦЕ - ГРАД,Упис за гласање по месту боравишта у иностранству,135
14.09.2026,20.09.2026,УЖИЦЕ-СЕВОЈНО,Упис по основу стицања пунолетства,8
14.09.2026,20.09.2026,УЖИЦЕ-СЕВОЈНО,Упис по основу пријаве пребивалишта,4
14.09.2026,20.09.2026,УЖИЦЕ-СЕВОЈНО,Промена личних података,1
14.09.2026,20.09.2026,УЖИЦЕ-СЕВОЈНО,Промена адресе пребивалишта,5
14.09.2026,20.09.2026,УЖИЦЕ-СЕВОЈНО,Брисање по основу одјаве пребивалишта,2
14.09.2026,20.09.2026,УЖИЦЕ-СЕВОЈНО,Брисање по основу губитка пословне способности,1
14.09.2026,20.09.2026,УЖИЦЕ-СЕВОЈНО,Брисање боравишта интерно расељеног лица,1
14.09.2026,20.09.2026,УЖИЦЕ-СЕВОЈНО,Упис за гласање по месту боравишта у иностранству,22
14.09.2026,20.09.2026,УЖИЦЕ-СЕВОЈНО,Брисање по службеној дужности,1
14.09.2026,20.09.2026,УРОШЕВАЦ,Упис по основу стицања пунолетства,11
14.09.2026,20.09.2026,УРОШЕВАЦ,Упис по основу пријаве пребивалишта,2
14.09.2026,20.09.2026,УРОШЕВАЦ,Брисање по основу одјаве пребивалишта,7
14.09.2026,20.09.2026,УРОШЕВАЦ,Упис за гласање по месту боравишта у иностранству,3
14.09.2026,20.09.2026,ЦРНА ТРАВА,Упис по основу стицања пунолетства,1
14.09.2026,20.09.2026,ЦРНА ТРАВА,Упис по основу пријаве пребивалишта,2
14.09.2026,20.09.2026,ЦРНА ТРАВА,Промена адресе пребивалишта,5
14.09.2026,20.09.2026,ЦРНА ТРАВА,Брисање по основу одјаве пребивалишта,1
14.09.2026,20.09.2026,ЦРНА ТРАВА,Упис за гласање по месту боравишта у земљи,1
14.09.2026,20.09.2026,ЧАЈЕТИНА,Упис по основу стицања пунолетства,17
14.09.2026,20.09.2026,ЧАЈЕТИНА,Упис по основу пријаве пребивалишта,15
14.09.2026,20.09.2026,ЧАЈЕТИНА,Промена личних података,2
14.09.2026,20.09.2026,ЧАЈЕТИНА,Промена адресе пребивалишта,23
14.09.2026,20.09.2026,ЧАЈЕТИНА,Брисање по основу одјаве пребивалишта,13
14.09.2026,20.09.2026,ЧАЈЕТИНА,Брисање по основу смрти лица,4
14.09.2026,20.09.2026,ЧАЈЕТИНА,Упис за гласање по месту боравишта у земљи,6
14.09.2026,20.09.2026,ЧАЈЕТИНА,Упис за гласање по месту боравишта у иностранству,102
14.09.2026,20.09.2026,ЧАЧАК - ГРАД,Упис по основу стицања пунолетства,140
14.09.2026,20.09.2026,ЧАЧАК - ГРАД,Упис по основу пријаве пребивалишта,14
14.09.2026,20.09.2026,ЧАЧАК - ГРАД,Упис по основу пријема у држављанство,1
14.09.2026,20.09.2026,ЧАЧАК - ГРАД,Промена личних података,18
14.09.2026,20.09.2026,ЧАЧАК - ГРАД,Промена адресе пребивалишта,30
14.09.2026,20.09.2026,ЧАЧАК - ГРАД,Брисање по основу одјаве пребивалишта,44
14.09.2026,20.09.2026,ЧАЧАК - ГРАД,Брисање по основу смрти лица,19
14.09.2026,20.09.2026,ЧАЧАК - ГРАД,Упис за гласање по месту боравишта у земљи,8
14.09.2026,20.09.2026,ЧАЧАК - ГРАД,Упис за гласање по месту боравишта у иностранству,219
14.09.2026,20.09.2026,ЧАЧАК - ГРАД,Исправка техничке грешке,1
14.09.2026,20.09.2026,ЧАЧАК - ГРАД,Брисање по службеној дужности,3
14.09.2026,20.09.2026,ЧАЧАК - ГРАД,Упис по основу последњег пребивалишта,1
14.09.2026,20.09.2026,ЧОКА,Упис по основу стицања пунолетства,15
14.09.2026,20.09.2026,ЧОКА,Упис по основу пријаве пребивалишта,7
14.09.2026,20.09.2026,ЧОКА,Промена личних података,3
14.09.2026,20.09.2026,ЧОКА,Промена адресе пребивалишта,5
14.09.2026,20.09.2026,ЧОКА,Брисање по основу одјаве пребивалишта,8
14.09.2026,20.09.2026,ЧОКА,Брисање по основу смрти лица,6
14.09.2026,20.09.2026,ЧОКА,Упис за гласање по месту боравишта у иностранству,10
14.09.2026,20.09.2026,ШАБАЦ - ГРАД,Упис по основу стицања пунолетства,151
14.09.2026,20.09.2026,ШАБАЦ - ГРАД,Упис по основу пријаве пребивалишта,93
14.09.2026,20.09.2026,ШАБАЦ - ГРАД,Упис по основу пријема у држављанство,1
14.09.2026,20.09.2026,ШАБАЦ - ГРАД,Промена личних података,17
14.09.2026,20.09.2026,ШАБАЦ - ГРАД,Промена адресе пребивалишта,67
14.09.2026,20.09.2026,ШАБАЦ - ГРАД,Брисање по основу одјаве пребивалишта,56
14.09.2026,20.09.2026,ШАБАЦ - ГРАД,Брисање по основу губитка пословне способности,1
14.09.2026,20.09.2026,ШАБАЦ - ГРАД,Брисање по основу смрти лица,31
14.09.2026,20.09.2026,ШАБАЦ - ГРАД,Упис за гласање по месту боравишта у земљи,4
14.09.2026,20.09.2026,ШАБАЦ - ГРАД,Упис за гласање по месту боравишта у иностранству,177
14.09.2026,20.09.2026,ШАБАЦ - ГРАД,Потврда о упису у бирачки списак,4
14.09.2026,20.09.2026,ШАБАЦ - ГРАД,Брисање по службеној дужности,2
14.09.2026,20.09.2026,ШИД,Упис по основу стицања пунолетства,44
14.09.2026,20.09.2026,ШИД,Упис по основу пријаве пребивалишта,45
14.09.2026,20.09.2026,ШИД,Промена личних података,25
14.09.2026,20.09.2026,ШИД,Промена адресе пребивалишта,12
14.09.2026,20.09.2026,ШИД,Брисање по основу одјаве пребивалишта,22
14.09.2026,20.09.2026,ШИД,Брисање по основу смрти лица,7
14.09.2026,20.09.2026,ШИД,Упис за гласање по месту боравишта у земљи,1
14.09.2026,20.09.2026,ШИД,Упис за гласање по месту боравишта у иностранству,120
14.09.2026,20.09.2026,ШИД,Упис по основу последњег пребивалишта,1
14.09.2026,20.09.2026,ШТРПЦЕ,Упис по основу стицања пунолетства,12
14.09.2026,20.09.2026,ШТРПЦЕ,Упис по основу пријаве пребивалишта,5
14.09.2026,20.09.2026,ШТРПЦЕ,Брисање по основу одјаве пребивалишта,8
14.09.2026,20.09.2026,ШТРПЦЕ,Брисање по основу смрти лица,1
14.09.2026,20.09.2026,ШТРПЦЕ,Упис за гласање по месту боравишта у земљи,22
14.09.2026,20.09.2026,ШТРПЦЕ,Упис за гласање по месту боравишта у иностранству,2
14.09.2026,20.09.2026,ШТРПЦЕ,Упис по основу последњег пребивалишта,1
