ОПШТИНА_ГРАД,ВРСТА_ПРОМЕНЕ,16.02.2026 – 22.02.2026,23.02.2026 – 01.03.2026,02.03.2026 – 08.03.2026,09.03.2026 – 15.03.2026,16.03.2026 – 22.03.2026,23.03.2026 – 29.03.2026,30.03.2026 – 05.04.2026,06.04.2026 – 12.04.2026,13.04.2026 – 19.04.2026,20.04.2026 – 26.04.2026,27.04.2026 – 03.05.2026,04.05.2026 – 10.05.2026,11.05.2026 – 17.05.2026,18.05.2026 – 24.05.2026,25.05.2026 – 31.05.2026,01.06.2026 – 07.06.2026,08.06.2026 – 14.06.2026,15.06.2026 – 21.06.2026,22.06.2026 – 28.06.2026,29.06.2026 – 05.07.2026,06.07.2026 – 12.07.2026,13.07.2026 – 19.07.2026,20.07.2026 – 26.07.2026,27.07.2026 – 02.08.2026,03.08.2026 – 09.08.2026,10.08.2026 – 16.08.2026,17.08.2026 – 23.08.2026,24.08.2026 – 30.08.2026,31.08.2026 – 06.09.2026,07.09.2026 – 13.09.2026,14.09.2026 – 20.09.2026,21.09.2026 – 27.09.2026,УКУПНО
ЈАГОДИНА - ГРАД,Брисање боравишта интерно расељеног лица,0,113,122,190,25,0,0,0,0,0,1,1,1,0,3,1,4,0,0,0,0,0,0,0,1,1,0,0,0,1,7,77,548
ЈАГОДИНА - ГРАД,Брисање по основу губитка пословне способности,0,0,0,0,1,0,0,1,0,0,2,0,0,0,0,0,0,0,0,0,0,0,1,0,1,0,0,0,0,2,0,0,8
ЈАГОДИНА - ГРАД,Брисање по основу одјаве пребивалишта,12,10,15,5,9,6,13,18,13,7,6,11,8,16,10,9,13,9,17,9,6,8,10,12,12,7,10,8,6,22,35,12,364
ЈАГОДИНА - ГРАД,Брисање по основу смрти лица,15,27,18,15,21,28,23,14,17,15,12,13,17,19,22,20,17,13,23,15,17,15,18,14,15,19,13,15,16,18,16,15,555
ЈАГОДИНА - ГРАД,Брисање по службеној дужности,0,6,9,2,2,0,0,0,0,0,0,1,2,10,0,1,1,12,23,1,0,5,1,7,0,1,5,9,6,9,4,2,119
ЈАГОДИНА - ГРАД,Потврда о изборном праву,0,0,0,0,0,0,0,0,0,0,0,0,0,0,0,0,0,0,0,0,0,0,0,0,0,0,0,0,0,1,1,0,2
ЈАГОДИНА - ГРАД,Потврда о упису у бирачки списак,0,0,0,0,0,0,0,0,0,0,0,0,0,0,0,0,0,0,0,0,0,0,0,0,0,0,0,0,0,2,4,0,6
ЈАГОДИНА - ГРАД,Промена адресе боравишта интерно расељеног лица,1,2,2,1,2,1,0,2,1,0,2,1,0,0,2,0,0,0,3,1,0,0,2,0,0,1,0,0,2,1,1,1,29
ЈАГОДИНА - ГРАД,Промена адресе пребивалишта,153,321,119,172,180,155,149,168,117,160,194,208,135,150,130,105,135,147,148,97,116,118,119,140,125,124,126,120,83,130,136,103,4583
ЈАГОДИНА - ГРАД,Промена гласања по месту боравишта у иностранству,0,0,0,0,0,0,0,0,0,0,0,0,0,0,0,0,0,0,0,0,0,0,0,0,0,0,0,0,0,0,1,0,1
ЈАГОДИНА - ГРАД,Промена личних података,5,1,3,3,6,7,4,7,7,7,9,7,13,8,10,9,7,3,6,4,8,6,12,8,11,9,10,3,10,461,422,92,1178
ЈАГОДИНА - ГРАД,Упис за гласање по месту боравишта у земљи,0,0,0,0,0,0,0,0,0,0,0,0,0,0,0,0,0,0,0,0,0,0,0,0,0,0,0,0,0,0,8,6,14
ЈАГОДИНА - ГРАД,Упис за гласање по месту боравишта у иностранству,0,0,0,0,0,0,0,0,0,0,0,0,0,0,0,0,0,0,0,0,0,0,0,0,0,0,0,0,0,0,117,180,297
ЈАГОДИНА - ГРАД,Упис по основу последњег пребивалишта,0,0,0,0,0,0,0,0,0,0,0,0,0,0,0,0,0,0,0,0,0,0,0,0,0,0,0,0,0,0,1,2,3
ЈАГОДИНА - ГРАД,Упис по основу пријаве боравишта интерно расељеног лица,1,1,1,7,5,3,2,0,1,2,2,0,1,3,0,1,4,1,1,2,4,1,4,2,2,0,2,1,0,2,2,0,58
ЈАГОДИНА - ГРАД,Упис по основу пријаве пребивалишта,15,23,30,17,15,15,16,11,14,22,34,16,7,13,16,19,11,7,9,9,16,19,18,19,15,15,13,8,5,25,78,9,559
ЈАГОДИНА - ГРАД,Упис по основу пријема у држављанство,0,0,0,0,0,0,1,0,1,0,0,0,0,1,0,0,0,0,0,0,0,0,0,0,1,0,1,0,0,0,0,1,6
ЈАГОДИНА - ГРАД,Упис по основу стицања пунолетства,16,9,14,15,11,9,12,8,13,18,11,18,15,13,21,12,13,9,15,11,16,19,13,15,20,25,24,15,14,17,119,0,560
ЉИГ,Брисање боравишта интерно расељеног лица,0,0,1,0,0,0,0,0,0,0,0,0,0,0,0,0,0,0,0,0,0,0,0,0,0,0,0,0,0,0,0,6,7
ЉИГ,Брисање по основу губитка пословне способности,0,0,0,0,0,0,0,0,0,0,0,0,0,0,0,0,0,0,0,0,0,0,0,0,0,0,0,0,0,0,1,0,1
ЉИГ,Брисање по основу одјаве пребивалишта,3,1,3,1,2,6,1,4,4,4,3,2,4,2,0,5,3,2,0,2,0,1,2,0,4,0,2,1,2,6,4,2,76
ЉИГ,Брисање по основу смрти лица,5,3,4,6,2,8,0,1,2,4,2,1,4,3,2,2,3,4,2,6,3,4,2,1,3,2,1,2,5,2,5,1,95
ЉИГ,Исправка техничке грешке,0,0,0,0,0,0,0,0,0,0,0,0,1,0,0,0,1,0,0,0,0,0,0,0,0,0,0,0,0,0,0,0,2
ЉИГ,Промена адресе пребивалишта,9,21,29,22,22,9,22,11,17,17,12,10,15,10,10,13,11,8,3,3,9,16,7,14,12,8,0,27,13,12,19,14,425
ЉИГ,Промена личних података,2,0,0,1,0,0,0,0,0,1,1,2,2,1,1,2,2,0,0,0,1,1,3,1,1,0,0,1,0,0,7,4,34
ЉИГ,Упис за гласање по месту боравишта у земљи,0,0,0,0,0,0,0,0,0,0,0,0,0,0,0,0,0,0,0,0,0,0,0,0,0,0,0,0,0,0,0,7,7
ЉИГ,Упис за гласање по месту боравишта у иностранству,0,0,0,0,0,0,0,0,0,0,0,0,0,0,0,0,0,0,0,0,0,0,0,0,0,0,0,0,0,0,14,10,24
ЉИГ,Упис по основу пријаве пребивалишта,0,0,16,0,5,4,10,0,0,0,0,0,0,10,1,4,1,0,0,2,0,0,0,1,0,0,0,17,0,1,14,1,87
ЉИГ,Упис по основу стицања пунолетства,0,4,3,1,3,5,1,1,1,2,0,5,6,2,1,0,2,0,0,0,0,0,7,3,4,4,0,9,0,0,8,0,72
ЉУБОВИЈА,Брисање по основу губитка пословне способности,0,0,0,0,0,0,0,0,0,0,0,0,0,0,0,0,0,0,0,0,0,0,0,0,0,5,0,0,0,0,0,0,5
ЉУБОВИЈА,Брисање по основу дуплог уписа,0,0,0,0,0,0,0,0,0,0,0,0,1,0,0,2,0,0,0,0,0,0,0,0,0,0,0,0,0,0,0,0,3
ЉУБОВИЈА,Брисање по основу одјаве пребивалишта,6,4,11,3,1,6,3,4,7,2,3,2,4,5,5,2,8,4,4,4,1,5,3,5,6,2,2,1,0,9,10,3,135
ЉУБОВИЈА,Брисање по основу смрти лица,3,4,3,2,5,4,4,0,6,2,2,4,0,2,4,1,2,1,2,2,3,3,2,4,7,3,3,1,3,3,3,3,91
ЉУБОВИЈА,Брисање по службеној дужности,0,1,2,1,0,7,0,5,0,27,26,10,0,0,2,1,0,0,4,0,1,0,0,0,0,0,0,0,0,15,2,0,104
ЉУБОВИЈА,Исправка техничке грешке,0,0,0,0,0,0,0,0,0,0,0,0,0,0,0,0,0,0,0,0,0,0,0,0,1,0,0,0,0,0,0,0,1
ЉУБОВИЈА,Потврда о изборном праву,0,0,0,0,0,0,0,0,0,0,0,0,0,0,0,0,0,0,0,0,0,0,0,0,0,0,0,0,0,1,0,0,1
ЉУБОВИЈА,Потврда о упису у бирачки списак,0,0,0,0,0,0,0,0,0,0,0,0,0,0,0,0,0,0,0,0,0,0,0,0,0,0,0,0,0,1,0,0,1
ЉУБОВИЈА,Промена адресе пребивалишта,19,41,24,25,26,16,23,23,17,20,11,5,22,18,11,14,14,9,10,11,9,15,3,6,35,14,20,3,0,42,32,22,560
ЉУБОВИЈА,Промена личних података,1,2,0,1,0,1,1,1,1,3,1,0,3,1,1,0,5,1,0,0,1,1,0,0,2,0,0,0,0,5,9,5,46
ЉУБОВИЈА,Упис за гласање по месту боравишта у земљи,0,0,0,0,0,0,0,0,0,0,0,0,0,0,0,0,0,0,0,0,0,0,0,0,0,0,0,0,0,0,3,10,13
ЉУБОВИЈА,Упис за гласање по месту боравишта у иностранству,0,0,0,0,0,0,0,0,0,0,0,0,0,0,0,0,0,0,0,0,0,0,0,0,0,0,0,0,0,0,64,150,214
ЉУБОВИЈА,Упис по основу последњег пребивалишта,0,0,0,0,0,0,0,0,0,0,0,0,0,0,0,0,0,0,0,0,0,0,0,0,0,0,0,0,0,1,0,0,1
ЉУБОВИЈА,Упис по основу пријаве пребивалишта,7,4,6,5,2,3,4,4,4,3,6,0,2,2,5,3,3,2,0,6,3,0,5,1,16,3,5,1,4,13,8,24,154
ЉУБОВИЈА,Упис по основу пријема у држављанство,0,0,0,0,0,0,0,0,0,0,0,0,0,0,0,0,0,0,0,0,0,0,0,0,0,1,0,0,0,0,0,0,1
ЉУБОВИЈА,Упис по основу стицања пунолетства,0,0,6,1,3,2,3,1,1,3,2,4,2,3,4,1,2,3,3,3,2,0,1,2,3,8,3,2,1,7,10,0,86
ЋИЋЕВАЦ,Брисање боравишта интерно расељеног лица,0,0,0,0,0,0,0,0,0,0,0,0,0,0,0,0,0,0,0,0,0,0,0,0,0,0,0,0,0,1,0,16,17
ЋИЋЕВАЦ,Брисање по основу губитка пословне способности,0,0,0,0,1,0,0,0,0,0,0,0,0,0,0,0,0,0,0,0,0,0,0,0,0,0,0,0,0,0,0,0,1
ЋИЋЕВАЦ,Брисање по основу одјаве пребивалишта,1,1,1,0,1,0,0,1,1,3,1,1,3,0,1,3,3,1,1,0,2,1,1,1,2,3,1,1,0,6,7,5,53
ЋИЋЕВАЦ,Брисање по основу смрти лица,0,2,9,3,3,1,2,1,4,2,1,0,3,1,4,3,5,2,2,2,2,3,1,1,4,2,2,2,3,4,4,0,78
ЋИЋЕВАЦ,Брисање по службеној дужности,0,1,0,0,0,0,0,0,0,0,0,0,0,0,1,0,0,0,0,0,0,0,0,0,0,0,0,0,0,1,0,0,3
ЋИЋЕВАЦ,Потврда о изборном праву,0,0,0,1,0,0,0,0,0,0,0,0,0,0,0,0,0,0,0,0,0,0,0,0,0,0,0,0,0,0,0,0,1
ЋИЋЕВАЦ,Потврда о упису у бирачки списак,0,0,0,0,0,0,0,0,0,0,0,0,0,0,1,0,0,0,0,0,0,0,0,0,0,0,0,0,0,0,0,0,1
ЋИЋЕВАЦ,Промена адресе пребивалишта,0,2,0,0,0,4,1,0,1,2,0,1,0,0,0,0,2,2,2,0,1,1,0,3,2,3,0,2,0,1,0,2,32
ЋИЋЕВАЦ,Промена личних података,0,1,0,0,2,1,1,1,0,0,0,1,1,2,0,0,0,2,0,0,1,0,0,1,2,2,0,1,1,1,6,0,27
ЋИЋЕВАЦ,Упис за гласање по месту боравишта у земљи,0,0,0,0,0,0,0,0,0,0,0,0,0,0,0,0,0,0,0,0,0,0,0,0,0,0,0,0,0,0,2,0,2
ЋИЋЕВАЦ,Упис за гласање по месту боравишта у иностранству,0,0,0,0,0,0,0,0,0,0,0,0,0,0,0,0,0,0,0,0,0,0,0,0,0,0,0,0,0,0,3,20,23
ЋИЋЕВАЦ,Упис по основу пријаве пребивалишта,1,3,0,0,5,3,1,2,3,4,0,2,1,0,2,2,1,0,2,1,0,3,2,3,3,0,1,2,0,4,18,3,72
ЋИЋЕВАЦ,Упис по основу стицања пунолетства,0,2,3,1,1,4,0,2,1,0,2,0,1,2,3,0,2,0,1,1,0,2,3,3,0,2,1,2,0,1,7,0,47
ЋУПРИЈА,Брисање боравишта интерно расељеног лица,0,0,0,0,4,0,0,0,0,0,0,0,0,1,0,0,8,1,0,0,0,0,0,0,0,0,0,0,0,0,0,3,17
ЋУПРИЈА,Брисање по основу губитка пословне способности,0,0,2,0,1,0,0,0,0,0,0,2,0,0,0,0,0,0,0,0,0,0,0,0,0,0,1,0,0,0,0,0,6
ЋУПРИЈА,Брисање по основу одјаве пребивалишта,4,11,12,5,4,6,6,7,6,3,6,6,8,5,2,5,5,7,2,2,4,4,8,4,10,5,5,6,0,14,24,6,202
ЋУПРИЈА,Брисање по основу отпуста из држављанства,0,0,0,0,0,0,1,0,0,0,0,0,0,0,0,0,0,0,1,0,0,0,0,0,0,0,0,0,0,0,0,0,2
ЋУПРИЈА,Брисање по основу смрти лица,9,11,6,8,12,3,17,12,13,9,7,13,9,9,12,8,8,3,5,3,9,6,7,9,3,0,22,8,13,7,10,5,276
ЋУПРИЈА,Брисање по службеној дужности,0,0,4,0,0,0,12,0,0,0,0,2,1,1,0,0,0,0,0,0,0,0,0,0,0,0,0,0,4,0,0,0,24
ЋУПРИЈА,Исправка техничке грешке,0,0,0,1,0,0,0,1,0,0,0,0,0,0,0,1,0,0,0,0,2,0,0,0,0,0,0,0,0,3,1,2,11
ЋУПРИЈА,Промена адресе боравишта интерно расељеног лица,0,0,0,0,0,1,0,2,0,0,0,0,0,0,0,0,0,0,0,0,0,0,0,0,0,0,0,0,0,0,0,0,3
ЋУПРИЈА,Промена адресе пребивалишта,39,77,69,68,63,21,72,63,0,0,0,113,128,147,36,86,43,50,41,38,44,49,58,66,59,0,106,32,111,52,63,55,1849
ЋУПРИЈА,Промена гласања по месту боравишта у иностранству,0,0,0,0,0,0,0,0,0,0,0,0,0,0,0,0,0,0,0,0,0,0,0,0,0,0,0,0,0,0,1,0,1
ЋУПРИЈА,Промена личних података,3,10,11,8,14,5,12,2,0,0,0,22,14,13,4,13,8,3,6,10,4,9,11,12,16,0,10,4,19,86,14,13,356
ЋУПРИЈА,Упис за гласање по месту боравишта у земљи,0,0,0,0,0,0,0,0,0,0,0,0,0,0,0,0,0,0,0,0,0,0,0,0,0,0,0,0,0,1,1,2,4
ЋУПРИЈА,Упис за гласање по месту боравишта у иностранству,0,0,0,0,0,0,0,0,0,0,0,0,0,0,0,0,0,0,0,0,0,0,0,0,0,0,0,0,0,1,66,125,192
ЋУПРИЈА,Упис по основу последњег пребивалишта,0,0,0,0,0,0,0,0,0,0,0,0,0,0,0,0,0,0,0,0,0,0,0,0,0,0,0,0,0,0,0,1,1
ЋУПРИЈА,Упис по основу пријаве боравишта интерно расељеног лица,1,0,0,1,0,0,0,0,0,0,0,1,0,1,0,0,0,0,1,0,0,2,0,0,1,0,1,0,0,0,0,0,9
ЋУПРИЈА,Упис по основу пријаве пребивалишта,9,7,12,4,8,4,9,4,0,1,0,24,13,14,6,4,5,12,8,2,4,10,9,9,6,0,19,5,10,24,17,9,268
ЋУПРИЈА,Упис по основу пријема у држављанство,0,0,0,0,0,0,0,0,0,0,0,0,0,0,0,0,0,0,0,0,0,0,0,0,0,0,0,1,1,0,0,0,2
ЋУПРИЈА,Упис по основу стицања пунолетства,5,2,13,4,0,4,12,2,0,0,0,10,13,8,5,7,3,8,8,8,10,9,7,9,5,0,12,5,15,6,43,0,233
АДА,Брисање боравишта интерно расељеног лица,0,0,0,0,0,0,0,0,0,0,0,0,0,0,0,0,0,0,0,0,0,0,0,0,0,0,0,0,0,0,1,0,1
АДА,Брисање по основу губитка пословне способности,0,0,0,0,0,0,0,0,0,0,0,0,0,2,0,0,0,0,0,0,0,0,0,0,0,0,0,0,0,0,0,0,2
АДА,Брисање по основу дуплог уписа,0,0,0,0,0,0,0,0,0,0,0,0,0,1,0,0,0,0,0,0,0,0,0,0,0,0,0,0,0,0,0,0,1
АДА,Брисање по основу одјаве пребивалишта,3,2,3,3,2,0,1,1,0,2,2,5,1,2,2,0,3,7,0,2,2,1,1,3,0,0,0,4,0,3,3,2,60
АДА,Брисање по основу смрти лица,6,8,4,6,3,5,2,4,3,10,3,5,1,5,0,0,9,6,0,0,12,2,0,0,10,0,0,18,0,15,0,10,147
АДА,Брисање по службеној дужности,0,0,5,0,0,0,0,2,1,1,0,0,0,1,0,0,2,1,0,0,2,0,0,0,0,0,0,0,0,3,1,0,19
АДА,Промена адресе пребивалишта,1,8,2,4,3,3,2,6,4,4,2,7,11,6,0,0,18,11,0,0,15,2,0,0,12,0,0,24,1,18,13,5,182
АДА,Промена личних података,0,0,1,0,0,1,0,5,3,0,2,1,1,1,0,0,5,2,0,0,5,1,0,0,5,0,0,8,1,5,31,4,82
АДА,Упис за гласање по месту боравишта у земљи,0,0,0,0,0,0,0,0,0,0,0,0,0,0,0,0,0,0,0,0,0,0,0,0,0,0,0,0,0,0,1,1,2
АДА,Упис за гласање по месту боравишта у иностранству,0,0,0,0,0,0,0,0,0,0,0,0,0,0,0,0,0,0,0,0,0,0,0,0,0,0,0,0,0,0,7,15,22
АДА,Упис по основу пријаве пребивалишта,0,4,1,3,3,3,0,3,4,2,3,4,9,0,0,1,1,1,0,0,1,0,0,0,13,0,0,8,1,2,15,2,84
АДА,Упис по основу стицања пунолетства,1,3,4,4,6,3,3,1,7,1,1,19,0,0,0,0,1,3,0,0,4,5,0,0,13,0,0,11,1,9,15,0,115
АЛЕКСАНДРОВАЦ,Брисање боравишта интерно расељеног лица,0,0,0,0,0,0,0,0,10,0,0,0,0,0,0,0,0,0,0,0,0,0,0,0,0,2,0,0,0,0,0,0,12
АЛЕКСАНДРОВАЦ,Брисање по основу губитка пословне способности,0,0,0,0,0,0,0,0,1,0,0,0,0,0,0,0,0,1,0,0,0,0,0,0,0,0,0,0,0,0,0,1,3
АЛЕКСАНДРОВАЦ,Брисање по основу дуплог уписа,0,0,0,0,0,0,0,0,0,0,0,0,0,0,0,0,0,0,0,0,0,0,0,0,0,0,0,0,0,0,3,5,8
АЛЕКСАНДРОВАЦ,Брисање по основу одјаве пребивалишта,4,4,2,6,6,3,4,1,7,1,2,4,5,6,3,2,4,5,7,3,1,4,3,2,1,2,1,3,0,5,8,8,117
АЛЕКСАНДРОВАЦ,Брисање по основу смрти лица,5,6,4,8,5,5,3,6,7,4,3,10,9,7,6,6,5,6,6,5,11,6,12,8,4,10,6,1,10,3,9,9,205
АЛЕКСАНДРОВАЦ,Брисање по службеној дужности,0,1,48,0,3,0,0,0,0,2,1,0,0,0,1,0,0,2,0,1,0,1,0,3,0,0,0,0,1,0,0,0,64
АЛЕКСАНДРОВАЦ,Исправка техничке грешке,0,0,0,0,0,0,0,0,0,0,0,0,0,0,0,3,0,0,0,0,0,0,0,0,0,0,1,0,0,0,0,0,4
АЛЕКСАНДРОВАЦ,Потврда о изборном праву,0,0,0,0,0,0,0,0,0,0,0,0,0,0,0,0,0,0,0,0,0,0,0,0,0,0,0,0,0,0,2,0,2
АЛЕКСАНДРОВАЦ,Потврда о упису у бирачки списак,0,0,0,0,0,0,0,0,0,0,0,0,0,0,0,0,0,0,0,0,0,0,0,0,0,0,0,0,0,0,5,2,7
АЛЕКСАНДРОВАЦ,Промена адресе пребивалишта,8,22,8,6,6,0,24,0,7,9,8,4,5,11,9,27,29,18,12,2,213,242,526,43,13,33,9,4,3,9,9,21,1340
АЛЕКСАНДРОВАЦ,Промена гласања по месту боравишта у земљи,0,0,0,0,0,0,0,0,0,0,0,0,0,0,0,0,0,0,0,0,0,0,0,0,0,0,0,0,0,0,3,1,4
АЛЕКСАНДРОВАЦ,Промена личних података,1,2,0,0,2,0,0,1,1,2,3,1,1,4,5,0,7,2,0,1,1,1,5,5,3,1,3,0,5,335,213,38,643
АЛЕКСАНДРОВАЦ,Упис за гласање по месту боравишта у земљи,0,0,0,0,0,0,0,0,0,0,0,0,0,0,0,0,0,0,0,0,0,0,0,0,0,0,0,0,0,0,4,5,9
АЛЕКСАНДРОВАЦ,Упис за гласање по месту боравишта у иностранству,0,0,0,0,0,0,0,0,0,0,0,0,0,0,0,0,0,0,0,0,0,0,0,0,0,0,0,0,0,0,35,46,81
АЛЕКСАНДРОВАЦ,Упис по основу последњег пребивалишта,0,0,0,0,0,0,0,0,0,1,1,0,0,0,0,0,0,0,0,0,0,0,0,0,0,0,1,1,0,0,1,2,7
АЛЕКСАНДРОВАЦ,Упис по основу пријаве боравишта интерно расељеног лица,0,0,0,0,0,0,0,0,2,0,0,0,0,0,0,0,0,0,0,0,0,0,0,0,0,0,0,0,0,0,0,0,2
АЛЕКСАНДРОВАЦ,Упис по основу пријаве пребивалишта,1,5,2,0,3,0,1,0,3,2,1,0,0,0,0,2,7,7,1,5,0,0,5,1,0,3,3,1,1,2,18,1,75
АЛЕКСАНДРОВАЦ,Упис по основу стицања пунолетства,3,5,5,4,5,2,7,4,4,5,1,2,4,3,3,4,2,5,4,4,0,0,6,14,1,4,3,6,4,4,0,37,155
АЛЕКСИНАЦ,Брисање боравишта интерно расељеног лица,0,0,0,0,0,0,0,0,1,0,1,0,0,0,0,0,0,0,0,1,0,1,0,0,83,0,1,0,0,0,0,0,88
АЛЕКСИНАЦ,Брисање по основу губитка пословне способности,0,0,0,0,0,0,0,0,0,0,0,0,0,0,0,0,0,0,0,0,0,0,0,0,0,0,9,0,0,0,0,0,9
АЛЕКСИНАЦ,Брисање по основу одјаве пребивалишта,14,13,15,8,7,4,5,4,6,5,5,12,3,5,9,10,4,8,8,3,9,4,6,10,8,2,5,6,7,11,28,7,251
АЛЕКСИНАЦ,Брисање по основу отпуста из држављанства,0,0,0,1,0,0,0,0,0,0,0,0,0,0,0,0,0,0,0,0,1,0,0,0,0,0,0,0,0,0,0,0,2
АЛЕКСИНАЦ,Брисање по основу смрти лица,12,15,15,20,17,12,11,15,17,15,10,18,18,20,11,20,8,11,9,17,13,9,14,8,10,15,15,12,22,17,9,15,450
АЛЕКСИНАЦ,Брисање по службеној дужности,0,0,0,11,5,0,0,0,1,0,6,3,0,0,0,0,0,0,0,0,0,0,0,0,0,0,0,1,0,0,0,0,27
АЛЕКСИНАЦ,Исправка техничке грешке,0,0,1,2,0,1,1,0,1,0,0,1,0,1,1,0,0,0,1,1,0,0,0,0,2,1,1,0,0,2,1,0,18
АЛЕКСИНАЦ,Промена адресе боравишта интерно расељеног лица,0,0,0,0,0,1,0,0,0,0,1,0,1,0,0,0,0,0,0,0,0,0,0,0,0,0,0,0,0,0,0,0,3
АЛЕКСИНАЦ,Промена адресе пребивалишта,29,40,56,68,46,59,55,37,31,67,20,43,49,44,40,29,47,49,31,43,35,45,56,38,43,52,39,44,39,49,50,48,1421
АЛЕКСИНАЦ,Промена личних података,5,5,3,5,4,1,0,3,6,10,3,3,8,10,2,6,7,4,3,5,2,7,8,8,9,8,5,6,2,8,12,14,182
АЛЕКСИНАЦ,Упис за гласање по месту боравишта у земљи,0,0,0,0,0,0,0,0,0,0,0,0,0,0,0,0,0,0,0,0,0,0,0,0,0,0,0,0,0,0,4,6,10
АЛЕКСИНАЦ,Упис за гласање по месту боравишта у иностранству,0,0,0,0,0,0,0,0,0,0,0,0,0,0,0,0,0,0,0,0,0,0,0,0,0,0,0,0,0,0,47,116,163
АЛЕКСИНАЦ,Упис по основу последњег пребивалишта,0,0,0,0,0,0,0,0,0,0,0,0,0,0,0,0,0,0,0,0,0,0,0,0,0,0,0,0,0,0,0,1,1
АЛЕКСИНАЦ,Упис по основу пријаве боравишта интерно расељеног лица,0,0,0,0,0,0,0,0,0,0,0,0,0,0,0,0,0,0,0,0,0,0,0,0,1,1,0,1,0,1,4,0,8
АЛЕКСИНАЦ,Упис по основу пријаве пребивалишта,18,12,12,5,7,7,6,6,12,9,8,10,4,4,5,7,10,3,9,6,4,7,8,9,12,12,4,10,3,11,33,2,275
АЛЕКСИНАЦ,Упис по основу стицања пунолетства,7,10,10,1,9,3,9,3,3,9,5,5,12,6,8,6,11,7,10,5,11,14,5,15,8,5,8,8,12,11,55,0,291
АЛИБУНАР,Брисање по основу губитка пословне способности,0,2,0,0,1,0,0,0,0,0,0,0,0,0,0,0,0,3,0,0,0,0,0,0,0,0,0,0,1,0,1,0,8
АЛИБУНАР,Брисање по основу одјаве пребивалишта,2,6,6,5,3,2,1,4,4,7,6,3,2,2,4,2,4,5,3,2,1,3,6,1,1,2,4,2,2,5,5,5,110
АЛИБУНАР,Брисање по основу отпуста из држављанства,0,1,0,0,0,0,0,0,0,0,0,0,0,0,0,0,0,0,0,0,0,0,0,0,0,0,0,0,0,0,0,0,1
АЛИБУНАР,Брисање по основу смрти лица,5,10,3,7,8,13,4,6,5,3,6,7,6,5,6,6,8,4,7,6,7,7,6,0,7,2,9,6,5,6,7,10,197
АЛИБУНАР,Исправка техничке грешке,0,0,0,0,0,0,0,0,0,1,0,0,0,0,0,0,0,0,0,0,0,0,1,0,1,0,0,0,0,0,0,0,3
АЛИБУНАР,Потврда о изборном праву,0,0,0,0,0,0,0,0,0,0,0,0,0,0,0,0,0,0,0,0,0,0,0,0,0,0,0,0,0,0,4,2,6
АЛИБУНАР,Промена адресе пребивалишта,3,2,6,2,2,6,5,0,3,7,3,2,4,3,3,3,3,2,1,3,3,8,1,0,8,0,11,4,6,3,4,7,118
АЛИБУНАР,Промена личних података,1,3,1,0,6,3,0,0,0,2,4,2,5,1,4,5,0,4,0,3,1,1,0,0,4,0,2,1,3,2,5,6,69
АЛИБУНАР,Упис за гласање по месту боравишта у земљи,0,0,0,0,0,0,0,0,0,0,0,0,0,0,0,0,0,0,0,0,0,0,0,0,0,0,0,0,0,1,0,0,1
АЛИБУНАР,Упис за гласање по месту боравишта у иностранству,0,0,0,0,0,0,0,0,0,0,0,0,0,0,0,0,0,0,0,0,0,0,0,0,0,0,0,0,0,0,15,43,58
АЛИБУНАР,Упис по основу пријаве пребивалишта,0,6,10,2,5,1,7,4,3,4,13,4,5,4,11,7,3,2,6,1,2,0,6,0,7,2,6,5,1,4,13,0,144
АЛИБУНАР,Упис по основу пријема у држављанство,0,0,0,0,0,0,0,0,0,0,0,0,1,0,0,0,0,0,0,0,0,0,0,0,0,0,0,0,0,0,0,0,1
АЛИБУНАР,Упис по основу стицања пунолетства,5,3,4,5,9,2,1,0,3,2,2,8,5,3,3,0,3,8,2,4,2,3,2,0,8,2,9,5,2,5,13,0,123
АПАТИН,Брисање по основу губитка пословне способности,0,0,0,0,0,0,0,0,0,0,0,0,0,0,0,0,0,0,0,0,0,0,0,0,0,0,0,0,0,0,0,13,13
АПАТИН,Брисање по основу одјаве пребивалишта,9,3,11,6,2,4,3,2,2,4,2,4,7,3,2,1,3,2,8,1,0,5,4,31,19,7,14,3,3,17,18,5,205
АПАТИН,Брисање по основу отпуста из држављанства,0,0,0,0,0,1,0,1,0,0,0,0,0,0,0,0,0,0,0,0,0,0,2,0,0,0,0,0,0,0,0,0,4
АПАТИН,Брисање по основу смрти лица,9,13,8,9,10,6,5,9,9,9,7,7,6,10,6,13,9,6,2,9,12,5,5,2,14,12,10,11,15,7,6,10,271
АПАТИН,Брисање по службеној дужности,0,0,0,0,0,0,0,0,0,0,0,0,0,0,0,0,5,11,0,0,0,0,0,0,0,0,0,0,0,0,0,0,16
АПАТИН,Потврда о изборном праву,0,0,0,0,0,0,0,0,0,0,0,0,0,0,0,0,0,0,0,0,0,0,0,0,0,0,0,0,0,1,0,0,1
АПАТИН,Промена адресе пребивалишта,4,2,4,9,11,5,7,10,4,7,2,4,6,9,9,17,128,12,20,9,0,0,12,21,7,11,4,8,11,7,11,10,381
АПАТИН,Промена личних података,2,3,2,2,1,2,4,5,4,4,9,4,2,8,3,6,4,4,3,4,0,0,11,3,3,5,2,3,1,13,1,17,135
АПАТИН,Упис за гласање по месту боравишта у земљи,0,0,0,0,0,0,0,0,0,0,0,0,0,0,0,0,0,0,0,0,0,0,0,0,0,0,0,0,0,0,1,1,2
АПАТИН,Упис за гласање по месту боравишта у иностранству,0,0,0,0,0,0,0,0,0,0,0,0,0,0,0,0,0,0,0,0,0,0,0,0,0,0,0,0,0,0,41,66,107
АПАТИН,Упис по основу враћања пословне способности,0,0,0,0,0,0,0,0,0,0,0,0,0,0,0,0,0,0,0,0,0,0,0,0,0,0,0,0,0,0,0,3,3
АПАТИН,Упис по основу пријаве пребивалишта,5,7,5,1,2,8,5,2,3,3,8,3,2,7,2,8,1,8,4,4,0,0,5,6,6,5,2,4,2,4,5,21,148
АПАТИН,Упис по основу стицања пунолетства,4,1,3,5,3,7,7,3,9,2,5,3,7,4,4,9,4,8,5,7,0,0,13,14,4,0,7,5,6,2,21,15,187
АРАНЂЕЛОВАЦ,Брисање боравишта интерно расељеног лица,1,1,1,0,0,0,1,0,0,0,0,0,13,0,0,9,3,0,0,0,0,0,1,0,0,0,0,0,0,2,0,1,33
АРАНЂЕЛОВАЦ,Брисање гласања по месту боравишта у земљи,0,0,0,0,0,0,0,0,0,0,0,0,0,0,0,0,0,0,0,0,0,0,0,0,0,0,0,0,0,0,0,1,1
АРАНЂЕЛОВАЦ,Брисање по основу губитка пословне способности,0,0,0,0,0,0,0,0,0,0,0,0,0,0,0,0,0,0,0,0,0,0,0,0,0,0,0,0,0,0,2,0,2
АРАНЂЕЛОВАЦ,Брисање по основу дуплог уписа,0,0,0,0,0,0,1,0,0,0,0,0,0,0,0,0,0,0,0,0,0,0,0,0,0,0,0,0,0,0,0,1,2
АРАНЂЕЛОВАЦ,Брисање по основу одјаве пребивалишта,4,8,9,4,7,2,7,11,4,8,4,4,6,8,11,7,7,6,7,3,4,7,3,3,3,9,7,5,3,11,15,13,210
АРАНЂЕЛОВАЦ,Брисање по основу отпуста из држављанства,0,0,0,0,0,0,0,0,0,0,0,0,0,0,0,0,0,0,0,0,0,0,1,0,0,0,0,0,0,1,0,0,2
АРАНЂЕЛОВАЦ,Брисање по основу смрти лица,14,11,10,8,0,0,36,10,14,5,18,11,12,10,6,17,12,9,11,11,16,9,10,21,10,10,0,0,0,36,8,15,360
АРАНЂЕЛОВАЦ,Брисање по службеној дужности,0,6,0,1,0,0,4,2,1,0,0,0,1,0,0,0,0,0,0,0,0,0,0,0,0,0,0,0,0,1,2,1,19
АРАНЂЕЛОВАЦ,Исправка техничке грешке,0,0,2,0,0,0,2,1,2,0,0,1,0,0,0,0,1,1,0,0,0,0,0,0,1,0,0,0,0,2,1,1,15
АРАНЂЕЛОВАЦ,Потврда о упису у бирачки списак,0,0,0,0,0,2,1,0,0,0,0,0,0,0,0,0,0,0,0,0,0,0,0,0,0,0,0,0,0,0,1,0,4
АРАНЂЕЛОВАЦ,Промена адресе боравишта интерно расељеног лица,0,0,0,0,0,0,0,0,0,0,0,1,0,0,0,3,0,0,0,0,0,0,0,0,0,0,0,0,0,3,1,1,9
АРАНЂЕЛОВАЦ,Промена адресе пребивалишта,39,40,53,25,1,0,89,41,29,25,29,17,29,18,11,13,23,23,0,39,11,14,26,16,11,18,0,0,0,80,19,25,764
АРАНЂЕЛОВАЦ,Промена личних података,3,8,12,7,0,1,12,8,2,10,6,9,9,6,3,3,7,7,0,8,4,5,5,6,2,6,0,0,0,18,14,13,194
АРАНЂЕЛОВАЦ,Упис за гласање по месту боравишта у земљи,0,0,0,0,0,0,0,0,0,0,0,0,0,0,0,0,0,0,0,0,0,0,0,0,0,0,0,0,0,0,4,16,20
АРАНЂЕЛОВАЦ,Упис за гласање по месту боравишта у иностранству,0,0,0,0,0,0,0,0,0,0,0,0,0,0,0,0,0,0,0,0,0,0,0,0,0,0,0,0,0,0,58,106,164
АРАНЂЕЛОВАЦ,Упис по основу пријаве боравишта интерно расељеног лица,0,0,1,0,0,0,0,0,0,0,0,1,0,0,0,2,1,0,0,0,0,0,1,2,1,0,0,0,0,0,1,0,10
АРАНЂЕЛОВАЦ,Упис по основу пријаве пребивалишта,1,2,46,6,4,4,11,0,20,15,5,11,5,13,15,4,7,8,0,23,10,1,12,9,3,6,0,0,0,43,6,26,316
АРАНЂЕЛОВАЦ,Упис по основу стицања пунолетства,11,11,38,0,0,0,6,11,11,6,5,6,8,11,4,14,10,13,0,21,9,12,9,8,9,16,0,0,0,40,23,41,353
АРИЉЕ,Брисање боравишта интерно расељеног лица,0,0,0,0,0,0,0,0,0,0,0,0,0,0,0,0,0,0,0,0,0,0,0,0,0,0,0,0,0,0,3,0,3
АРИЉЕ,Брисање по основу одјаве пребивалишта,3,4,5,3,3,3,7,3,2,1,1,2,1,2,1,3,1,0,2,2,0,2,2,4,4,3,2,6,0,2,6,7,87
АРИЉЕ,Брисање по основу смрти лица,1,6,4,2,4,3,2,4,10,2,7,6,0,8,2,1,3,7,3,5,2,3,3,3,3,0,10,0,5,3,5,4,121
АРИЉЕ,Брисање по службеној дужности,0,0,0,0,0,0,0,0,0,0,1,0,0,1,0,0,1,0,1,0,0,0,0,1,0,0,0,0,0,0,0,1,6
АРИЉЕ,Потврда о упису у бирачки списак,0,0,0,0,1,0,0,0,0,0,0,0,0,0,1,2,0,0,0,0,0,0,0,0,0,0,0,0,0,0,0,0,4
АРИЉЕ,Промена адресе пребивалишта,18,61,17,68,57,44,0,45,43,43,19,1,68,26,16,27,31,14,29,28,13,0,50,42,67,0,0,0,14,87,117,32,1077
АРИЉЕ,Промена личних података,2,0,1,0,0,3,2,0,0,1,2,2,3,1,3,1,2,1,1,1,0,0,0,0,2,0,2,0,4,8,19,12,73
АРИЉЕ,Упис за гласање по месту боравишта у земљи,0,0,0,0,0,0,0,0,0,0,0,0,0,0,0,0,0,0,0,0,0,0,0,0,0,0,0,0,0,0,2,2,4
АРИЉЕ,Упис за гласање по месту боравишта у иностранству,0,0,0,0,0,0,0,0,0,0,0,0,0,0,0,0,0,0,0,0,0,0,0,0,0,0,0,0,0,0,13,51,64
АРИЉЕ,Упис по основу пријаве пребивалишта,0,1,0,0,1,8,0,1,3,2,4,0,19,1,2,0,0,0,0,0,1,1,2,10,3,0,0,0,2,4,9,3,77
АРИЉЕ,Упис по основу пријема у држављанство,0,0,0,0,0,0,0,0,0,0,0,0,0,0,0,0,1,0,1,0,0,0,0,0,0,0,0,0,0,0,0,0,2
АРИЉЕ,Упис по основу стицања пунолетства,0,4,1,8,2,3,0,4,7,6,1,0,11,2,3,2,2,3,3,3,0,0,4,5,3,0,0,0,7,15,20,15,134
БАЈИНА БАШТА,Брисање боравишта интерно расељеног лица,0,0,0,0,0,0,0,0,0,0,3,0,0,0,0,0,0,0,0,0,0,0,0,0,0,0,0,0,0,0,0,0,3
БАЈИНА БАШТА,Брисање по основу губитка пословне способности,0,0,9,3,0,0,0,0,0,0,0,0,1,0,0,1,0,0,0,0,0,0,0,1,0,0,0,0,0,0,0,0,15
БАЈИНА БАШТА,Брисање по основу одјаве пребивалишта,5,4,11,4,4,4,2,4,4,3,1,11,5,3,3,0,5,4,1,2,0,6,2,4,4,6,1,11,1,11,9,7,142
БАЈИНА БАШТА,Брисање по основу смрти лица,7,11,12,10,0,0,23,7,6,4,6,6,6,3,1,10,3,6,3,6,8,8,9,6,5,8,1,13,6,9,6,3,212
БАЈИНА БАШТА,Брисање по службеној дужности,0,1,5,2,0,0,1,3,0,0,1,0,0,2,2,1,0,0,0,0,0,0,0,0,0,0,0,0,0,0,1,4,23
БАЈИНА БАШТА,Промена адресе пребивалишта,29,29,18,13,0,2,19,9,4,20,55,84,35,44,25,9,32,36,55,56,27,8,8,102,9,1,0,26,0,85,47,106,993
БАЈИНА БАШТА,Промена личних података,3,9,6,7,0,0,10,3,3,5,5,2,8,7,12,6,2,5,4,3,2,6,2,1,1,1,1,2,1,39,2,3,161
БАЈИНА БАШТА,Упис за гласање по месту боравишта у земљи,0,0,0,0,0,0,0,0,0,0,0,0,0,0,0,0,0,0,0,0,0,0,0,0,0,0,0,0,0,0,5,10,15
БАЈИНА БАШТА,Упис за гласање по месту боравишта у иностранству,0,0,0,0,0,0,0,0,0,0,0,0,0,0,0,0,0,0,0,0,0,0,0,0,0,0,0,0,0,0,137,206,343
БАЈИНА БАШТА,Упис по основу последњег пребивалишта,0,0,0,0,0,0,0,0,0,0,0,0,0,0,0,0,0,0,0,0,0,0,0,0,0,0,0,0,0,0,0,1,1
БАЈИНА БАШТА,Упис по основу пријаве пребивалишта,12,13,24,4,0,6,9,4,0,0,8,8,5,4,6,2,5,5,6,5,1,3,2,3,0,0,7,7,0,8,9,17,183
БАЈИНА БАШТА,Упис по основу стицања пунолетства,20,5,18,0,0,0,0,0,0,0,0,1,5,2,2,0,6,7,9,9,4,2,3,9,0,0,0,1,0,9,37,13,162
БАБУШНИЦА,Брисање по основу губитка пословне способности,0,0,0,0,0,0,0,0,0,0,0,0,0,0,0,0,0,0,0,0,0,0,0,0,0,0,0,0,0,0,0,1,1
БАБУШНИЦА,Брисање по основу одјаве пребивалишта,2,1,8,0,0,3,1,1,7,2,2,0,2,3,2,2,0,3,3,0,1,4,3,2,3,1,1,2,0,2,8,0,69
БАБУШНИЦА,Брисање по основу смрти лица,3,5,3,3,3,3,1,5,0,8,5,0,5,3,3,2,8,2,2,2,6,5,4,3,1,3,6,3,4,5,3,3,112
БАБУШНИЦА,Промена адресе пребивалишта,3,10,13,14,19,14,9,5,7,7,5,12,13,8,5,9,8,11,4,11,5,14,10,12,6,5,6,14,3,7,9,7,285
БАБУШНИЦА,Промена личних података,0,0,1,0,0,1,0,1,0,3,0,0,1,1,2,1,0,0,0,0,1,1,0,0,0,0,0,1,1,17,0,1,33
БАБУШНИЦА,Упис за гласање по месту боравишта у земљи,0,0,0,0,0,0,0,0,0,0,0,0,0,0,0,0,0,0,0,0,0,0,0,0,0,0,0,0,0,0,1,0,1
БАБУШНИЦА,Упис за гласање по месту боравишта у иностранству,0,0,0,0,0,0,0,0,0,0,0,0,0,0,0,0,0,0,0,0,0,0,0,0,0,0,0,0,0,0,4,10,14
БАБУШНИЦА,Упис по основу пријаве пребивалишта,1,3,4,1,0,3,1,1,2,3,0,2,1,1,1,1,1,0,2,0,1,0,2,0,3,0,0,3,1,4,4,0,46
БАБУШНИЦА,Упис по основу пријема у држављанство,0,0,0,0,0,0,0,0,0,0,0,0,0,0,0,0,0,0,0,0,0,0,0,0,0,0,0,0,0,0,0,2,2
БАБУШНИЦА,Упис по основу стицања пунолетства,2,2,1,0,2,0,2,1,0,1,1,0,1,1,3,1,0,2,1,1,1,0,3,2,2,3,2,1,2,0,4,0,42
БАТОЧИНА,Брисање боравишта интерно расељеног лица,0,0,0,1,0,1,0,0,0,0,0,1,0,0,0,0,0,0,0,0,1,0,0,0,0,0,0,0,0,0,0,55,59
БАТОЧИНА,Брисање по основу губитка пословне способности,0,0,0,0,0,0,1,0,0,0,0,0,0,0,0,0,0,0,0,0,0,0,0,0,0,0,0,0,0,0,0,0,1
БАТОЧИНА,Брисање по основу одјаве пребивалишта,3,2,2,1,1,2,0,2,0,0,3,2,3,3,3,1,1,2,0,3,0,2,1,3,1,2,2,3,2,3,10,1,64
БАТОЧИНА,Брисање по основу смрти лица,1,3,3,10,4,2,1,2,7,2,3,1,2,2,1,1,4,5,2,4,1,1,5,1,1,2,4,3,0,1,1,0,80
БАТОЧИНА,Брисање по службеној дужности,0,0,1,1,0,0,0,0,0,0,0,0,0,0,0,0,0,1,0,0,0,0,0,0,0,0,0,0,0,0,0,0,3
БАТОЧИНА,Исправка техничке грешке,0,0,0,0,0,0,0,0,0,0,0,0,0,0,0,0,0,0,0,0,0,0,0,0,0,0,1,0,0,0,0,0,1
БАТОЧИНА,Промена адресе боравишта интерно расељеног лица,0,1,0,0,0,0,0,0,1,0,0,0,0,1,0,0,1,0,0,0,0,0,0,0,0,0,0,0,1,0,0,0,5
БАТОЧИНА,Промена адресе пребивалишта,8,15,6,17,12,8,9,6,9,16,6,5,12,14,9,9,12,6,10,11,4,15,11,6,13,16,12,14,6,11,19,5,332
БАТОЧИНА,Промена личних података,1,0,0,0,0,2,0,3,1,1,3,2,1,2,0,1,1,1,0,3,1,1,4,0,4,1,0,5,2,29,4,3,76
БАТОЧИНА,Упис за гласање по месту боравишта у земљи,0,0,0,0,0,0,0,0,0,0,0,0,0,0,0,0,0,0,0,0,0,0,0,0,0,0,0,0,0,0,0,2,2
БАТОЧИНА,Упис за гласање по месту боравишта у иностранству,0,0,0,0,0,0,0,0,0,0,0,0,0,0,0,0,0,0,0,0,0,0,0,0,0,0,0,0,0,0,15,42,57
БАТОЧИНА,Упис по основу пријаве боравишта интерно расељеног лица,0,0,0,0,0,0,0,0,0,0,0,0,0,0,0,0,0,1,0,0,0,0,0,0,0,0,0,0,0,1,0,0,2
БАТОЧИНА,Упис по основу пријаве пребивалишта,3,2,5,5,5,6,3,3,3,5,4,1,3,2,2,1,3,1,2,1,0,4,3,5,7,2,3,4,0,2,12,0,102
БАТОЧИНА,Упис по основу пријема у држављанство,0,0,0,0,0,1,0,0,0,0,0,0,0,0,0,0,0,0,0,0,0,0,0,0,0,0,0,0,0,0,0,0,1
БАТОЧИНА,Упис по основу стицања пунолетства,1,2,5,3,2,1,1,2,1,1,3,1,1,0,2,0,2,3,3,3,3,3,0,3,2,1,3,5,0,5,14,0,76
БАЧ,Брисање по основу одјаве пребивалишта,2,4,8,3,4,2,6,2,1,4,1,4,0,4,0,2,4,0,1,0,3,2,1,0,5,3,2,1,0,2,9,1,81
БАЧ,Брисање по основу смрти лица,5,7,2,2,3,0,1,4,5,2,2,7,5,4,4,8,4,5,6,5,6,2,2,3,1,6,3,5,1,3,2,4,119
БАЧ,Исправка техничке грешке,0,0,0,0,0,0,0,0,0,0,0,0,0,0,0,0,0,0,0,1,0,0,0,0,0,0,0,0,0,0,0,0,1
БАЧ,Потврда о изборном праву,0,0,0,0,0,0,0,0,0,0,0,0,0,0,0,0,0,0,0,0,0,0,0,0,0,0,0,0,0,0,1,0,1
БАЧ,Промена адресе пребивалишта,3,1,3,3,0,0,0,4,1,9,4,3,6,2,3,5,5,2,1,0,5,5,1,4,4,5,5,4,1,6,4,4,103
БАЧ,Промена личних података,0,0,0,1,0,0,1,2,2,1,2,0,3,3,1,3,0,1,0,3,3,0,3,1,1,2,3,1,1,0,2,3,43
БАЧ,Упис за гласање по месту боравишта у земљи,0,0,0,0,0,0,0,0,0,0,0,0,0,0,0,0,0,0,0,0,0,0,0,0,0,0,0,0,0,0,1,1,2
БАЧ,Упис за гласање по месту боравишта у иностранству,0,0,0,0,0,0,0,0,0,0,0,0,0,0,0,0,0,0,0,0,0,0,0,0,0,0,0,0,0,0,30,52,82
БАЧ,Упис по основу пријаве пребивалишта,9,0,0,0,8,0,4,3,0,2,0,1,5,2,3,0,3,0,0,4,1,0,1,3,1,1,6,1,0,2,4,11,75
БАЧ,Упис по основу стицања пунолетства,3,3,1,2,3,1,1,3,4,2,2,1,4,1,2,1,4,2,1,3,5,1,0,3,1,2,7,4,1,2,14,0,84
БАЧКА ПАЛАНКА,Брисање по основу губитка пословне способности,0,0,1,0,0,0,0,0,0,0,0,0,0,0,0,0,0,0,0,0,0,0,0,0,0,0,0,0,0,0,0,3,4
БАЧКА ПАЛАНКА,Брисање по основу дуплог уписа,0,0,0,0,0,1,0,0,0,0,0,0,0,0,0,0,0,0,0,0,0,0,0,0,0,0,0,0,0,0,0,0,1
БАЧКА ПАЛАНКА,Брисање по основу одјаве пребивалишта,12,4,19,5,6,12,12,7,5,7,4,6,11,11,2,11,9,10,6,8,5,8,8,3,10,19,8,6,5,15,39,7,300
БАЧКА ПАЛАНКА,Брисање по основу отпуста из држављанства,0,0,0,0,0,0,1,0,0,0,0,0,0,0,0,0,0,0,0,0,0,0,0,0,0,0,0,0,0,0,0,0,1
БАЧКА ПАЛАНКА,Брисање по основу смрти лица,16,10,13,14,15,13,13,14,15,16,13,20,12,14,17,13,10,4,17,13,20,16,14,17,16,13,13,12,15,7,11,13,439
БАЧКА ПАЛАНКА,Брисање по службеној дужности,8,0,15,1,2,2,0,6,1,4,5,0,14,2,0,0,0,7,0,0,0,9,1,0,0,3,5,0,7,2,3,0,97
БАЧКА ПАЛАНКА,Исправка техничке грешке,1,0,0,0,0,0,0,0,0,0,0,0,0,0,0,0,0,0,0,0,0,0,0,0,0,0,0,0,0,0,0,0,1
БАЧКА ПАЛАНКА,Потврда о изборном праву,0,0,0,0,0,0,0,0,0,0,0,0,0,0,0,0,0,0,0,0,0,0,0,0,0,0,0,0,1,0,0,0,1
БАЧКА ПАЛАНКА,Промена адресе пребивалишта,16,14,7,12,18,10,11,13,19,22,12,17,18,29,31,15,18,11,10,5,15,24,18,22,18,11,13,9,17,19,19,19,512
БАЧКА ПАЛАНКА,Промена личних података,4,2,3,4,2,5,2,3,1,3,8,1,8,6,3,10,12,4,4,4,3,5,3,5,3,8,3,4,9,17,12,16,177
БАЧКА ПАЛАНКА,Упис за гласање по месту боравишта у земљи,0,0,0,0,0,0,0,0,0,0,0,0,0,0,0,0,0,0,0,0,0,0,0,0,0,0,0,0,0,0,2,4,6
БАЧКА ПАЛАНКА,Упис за гласање по месту боравишта у иностранству,0,0,0,0,0,0,0,0,0,0,0,0,0,0,0,0,0,0,0,0,0,0,0,0,0,0,0,0,0,0,138,147,285
БАЧКА ПАЛАНКА,Упис по основу последњег пребивалишта,0,0,0,0,0,0,0,0,0,0,0,0,0,0,0,0,0,0,0,0,0,0,0,0,0,0,0,0,0,0,1,0,1
БАЧКА ПАЛАНКА,Упис по основу пријаве пребивалишта,12,9,15,10,3,19,5,4,14,12,17,7,9,11,12,10,5,4,9,1,1,9,10,14,9,10,10,12,9,13,49,6,340
БАЧКА ПАЛАНКА,Упис по основу стицања пунолетства,8,17,8,11,6,4,8,3,12,12,4,8,10,10,7,12,6,9,11,18,12,13,9,9,15,10,8,10,7,30,56,17,380
БАЧКА ТОПОЛА,Брисање боравишта интерно расељеног лица,0,0,0,0,0,0,0,0,0,0,0,0,0,0,0,0,0,0,0,0,0,0,0,1,0,0,0,0,0,0,0,0,1
БАЧКА ТОПОЛА,Брисање по основу губитка пословне способности,0,0,0,0,0,0,1,0,0,0,0,0,0,0,0,0,0,0,0,1,0,0,0,0,0,1,0,0,0,0,0,1,4
БАЧКА ТОПОЛА,Брисање по основу дуплог уписа,0,1,2,4,2,0,0,0,0,0,0,1,1,1,3,2,5,1,0,0,1,1,0,0,0,0,0,0,0,0,0,0,25
БАЧКА ТОПОЛА,Брисање по основу одјаве пребивалишта,3,4,9,4,3,4,8,5,3,6,3,6,4,8,4,7,4,4,3,4,1,2,5,6,3,5,8,5,2,18,8,7,166
БАЧКА ТОПОЛА,Брисање по основу отпуста из држављанства,0,0,0,0,0,0,0,0,0,0,0,0,0,0,0,0,0,0,0,0,0,0,0,0,0,1,0,0,0,1,0,0,2
БАЧКА ТОПОЛА,Брисање по основу смрти лица,12,13,9,8,15,13,7,15,8,13,5,11,8,18,9,9,7,11,14,7,14,12,5,7,4,16,10,7,7,10,8,11,323
БАЧКА ТОПОЛА,Брисање по службеној дужности,0,1,2,0,0,0,0,14,4,0,0,0,0,15,2,1,1,0,0,0,18,0,0,1,0,0,0,0,1,39,0,0,99
БАЧКА ТОПОЛА,Промена адресе пребивалишта,9,1,25,15,17,16,15,8,6,9,7,19,14,9,17,24,29,11,8,6,8,12,17,11,10,14,6,12,11,15,45,17,443
БАЧКА ТОПОЛА,Промена личних података,4,1,50,42,20,4,31,4,11,6,2,29,28,17,58,56,89,15,9,10,7,5,5,0,12,7,7,3,10,172,37,15,766
БАЧКА ТОПОЛА,Упис за гласање по месту боравишта у земљи,0,0,0,0,0,0,0,0,0,0,0,0,0,0,0,0,0,0,0,0,0,0,0,0,0,0,0,0,0,0,1,2,3
БАЧКА ТОПОЛА,Упис за гласање по месту боравишта у иностранству,0,0,0,0,0,0,0,0,0,0,0,0,0,0,0,0,0,0,0,0,0,0,0,0,0,0,0,0,0,1,19,25,45
БАЧКА ТОПОЛА,Упис по основу пријаве пребивалишта,9,4,7,4,12,12,1,2,9,8,10,8,2,5,2,3,3,4,3,4,3,5,8,4,4,1,4,4,1,1,29,3,179
БАЧКА ТОПОЛА,Упис по основу стицања пунолетства,8,7,7,4,5,1,3,2,4,4,1,8,5,8,1,7,2,7,7,3,5,3,7,6,10,12,7,3,4,8,36,0,195
БАЧКИ ПЕТРОВАЦ,Брисање по основу одјаве пребивалишта,2,2,1,1,2,2,1,2,1,4,0,2,2,3,0,0,0,1,1,1,0,1,3,1,2,5,2,0,1,3,6,1,53
БАЧКИ ПЕТРОВАЦ,Брисање по основу отпуста из држављанства,0,0,0,0,0,0,0,0,0,0,0,0,0,0,0,0,0,0,0,0,0,0,0,2,0,0,0,0,0,0,0,0,2
БАЧКИ ПЕТРОВАЦ,Брисање по основу смрти лица,3,3,7,2,2,4,1,5,3,4,3,5,4,4,7,2,4,2,4,0,3,1,2,2,3,4,4,1,6,4,3,5,107
БАЧКИ ПЕТРОВАЦ,Брисање по службеној дужности,0,0,0,0,0,0,0,0,0,0,3,0,0,0,0,0,0,0,0,0,0,0,0,0,0,0,0,0,0,0,0,0,3
БАЧКИ ПЕТРОВАЦ,Потврда о изборном праву,0,0,0,0,0,0,0,0,0,0,0,0,0,0,0,0,0,0,0,0,0,0,0,0,0,0,0,0,0,0,4,0,4
БАЧКИ ПЕТРОВАЦ,Промена адресе пребивалишта,2,1,1,2,4,6,5,0,3,0,0,5,7,1,5,2,2,5,2,1,4,1,2,6,9,4,0,4,0,5,5,3,97
БАЧКИ ПЕТРОВАЦ,Промена личних података,1,1,2,1,0,2,0,1,1,1,0,0,5,2,1,2,8,2,0,1,0,3,0,0,0,0,1,3,3,3,2,1,47
БАЧКИ ПЕТРОВАЦ,Упис за гласање по месту боравишта у земљи,0,0,0,0,0,0,0,0,0,0,0,0,0,0,0,0,0,0,0,0,0,0,0,0,0,0,0,0,0,0,0,1,1
БАЧКИ ПЕТРОВАЦ,Упис за гласање по месту боравишта у иностранству,0,0,0,0,0,0,0,0,0,0,0,0,0,0,0,0,0,0,0,0,0,0,0,0,0,0,0,0,0,0,38,39,77
БАЧКИ ПЕТРОВАЦ,Упис по основу последњег пребивалишта,0,0,0,0,0,0,0,0,0,0,0,0,0,0,0,0,0,0,0,0,0,0,0,0,0,0,0,0,0,0,0,1,1
БАЧКИ ПЕТРОВАЦ,Упис по основу пријаве пребивалишта,4,9,1,0,0,1,20,5,3,1,0,3,3,4,4,1,3,2,1,1,0,3,2,1,3,0,0,1,1,1,3,21,102
БАЧКИ ПЕТРОВАЦ,Упис по основу пријема у држављанство,0,0,0,0,0,0,0,0,0,0,0,0,0,0,1,1,0,0,0,0,0,0,0,0,0,0,0,0,0,0,0,0,2
БАЧКИ ПЕТРОВАЦ,Упис по основу стицања пунолетства,1,1,4,3,3,1,0,3,3,1,2,4,1,2,2,3,3,4,5,1,3,3,2,4,2,1,2,3,5,3,3,24,102
БЕЛА ПАЛАНКА,Брисање по основу губитка пословне способности,0,0,0,0,0,0,0,0,0,0,0,0,0,0,0,0,0,0,0,0,0,0,0,0,0,0,0,1,0,0,0,0,1
БЕЛА ПАЛАНКА,Брисање по основу одјаве пребивалишта,3,1,3,5,2,1,1,3,3,4,0,3,1,2,6,1,2,1,4,4,0,2,2,3,0,0,0,1,0,7,7,3,75
БЕЛА ПАЛАНКА,Брисање по основу смрти лица,6,1,4,2,4,3,2,5,2,6,2,4,3,6,6,3,2,3,2,6,6,3,3,2,1,1,3,3,7,7,4,2,114
БЕЛА ПАЛАНКА,Промена адресе пребивалишта,1,9,10,14,4,2,1,0,10,8,8,12,9,3,6,5,0,10,7,5,3,9,3,9,12,6,7,3,1,3,8,10,198
БЕЛА ПАЛАНКА,Промена личних података,1,0,0,1,1,1,1,0,0,1,0,0,2,0,0,1,0,1,1,1,0,0,1,1,2,1,0,1,0,1,0,0,19
БЕЛА ПАЛАНКА,Упис за гласање по месту боравишта у земљи,0,0,0,0,0,0,0,0,0,0,0,0,0,0,0,0,0,0,0,0,0,0,0,0,0,0,0,0,0,0,1,6,7
БЕЛА ПАЛАНКА,Упис за гласање по месту боравишта у иностранству,0,0,0,0,0,0,0,0,0,0,0,0,0,0,0,0,0,0,0,0,0,0,0,0,0,0,0,0,0,0,3,12,15
БЕЛА ПАЛАНКА,Упис по основу последњег пребивалишта,0,0,0,0,0,0,0,0,0,0,0,0,0,0,0,0,0,0,0,0,0,0,0,0,0,0,0,0,0,0,1,0,1
БЕЛА ПАЛАНКА,Упис по основу пријаве пребивалишта,1,0,3,1,2,1,1,0,3,2,1,2,0,2,3,1,0,8,4,2,1,1,3,2,2,1,3,1,0,4,1,2,58
БЕЛА ПАЛАНКА,Упис по основу стицања пунолетства,4,4,3,0,2,1,2,0,4,0,0,3,1,1,3,0,0,2,1,1,1,0,4,3,1,1,3,1,0,5,2,4,57
БЕЛА ЦРКВА,Брисање боравишта интерно расељеног лица,0,0,0,0,0,0,0,0,0,0,3,0,0,0,0,0,0,0,0,0,0,0,0,0,0,0,0,0,0,0,0,0,3
БЕЛА ЦРКВА,Брисање по основу губитка пословне способности,0,0,0,0,0,0,0,0,0,0,0,0,0,0,0,1,0,0,0,0,0,0,0,0,0,0,0,0,0,0,0,1,2
БЕЛА ЦРКВА,Брисање по основу дуплог уписа,0,0,0,0,0,0,0,0,0,0,0,0,0,0,0,0,0,0,0,0,0,0,0,0,1,5,0,11,0,0,0,0,17
БЕЛА ЦРКВА,Брисање по основу одјаве пребивалишта,3,9,9,6,2,4,3,2,1,4,1,3,7,4,1,2,4,1,1,4,5,2,3,3,9,6,10,15,26,16,6,3,175
БЕЛА ЦРКВА,Брисање по основу отпуста из држављанства,0,0,0,0,0,1,0,0,0,0,1,0,0,0,0,0,0,0,0,0,0,0,0,0,1,0,0,0,0,0,0,0,3
БЕЛА ЦРКВА,Брисање по основу смрти лица,4,3,9,6,3,11,10,5,7,5,3,7,4,3,5,5,7,2,1,5,8,4,4,8,4,4,7,6,6,7,5,7,175
БЕЛА ЦРКВА,Брисање по службеној дужности,0,0,0,0,0,0,0,0,0,0,0,0,0,0,0,0,0,0,0,0,0,0,0,0,1,2,0,0,0,0,0,0,3
БЕЛА ЦРКВА,Исправка техничке грешке,0,0,0,0,0,0,0,0,1,0,0,0,0,0,0,1,0,0,0,0,0,1,0,0,0,0,0,0,0,0,0,0,3
БЕЛА ЦРКВА,Промена адресе пребивалишта,6,2,5,5,2,2,2,1,3,2,10,5,8,5,3,3,1,4,6,4,83,2,1,7,309,44,219,387,201,90,9,1,1432
БЕЛА ЦРКВА,Промена гласања по месту боравишта у иностранству,0,0,0,0,0,0,0,0,0,0,0,0,0,0,0,0,0,0,0,0,0,0,0,0,0,0,0,0,0,0,1,0,1
БЕЛА ЦРКВА,Промена личних података,2,2,0,0,1,0,0,2,0,1,8,0,2,2,3,0,6,0,0,3,13,1,1,2,78,248,9,342,323,2,2,3,1056
БЕЛА ЦРКВА,Упис за гласање по месту боравишта у земљи,0,0,0,0,0,0,0,0,0,0,0,0,0,0,0,0,0,0,0,0,0,0,0,0,0,0,0,0,0,0,1,4,5
БЕЛА ЦРКВА,Упис за гласање по месту боравишта у иностранству,0,0,0,0,0,0,0,0,0,0,0,0,0,0,0,0,0,0,0,0,0,0,0,0,0,0,0,0,0,0,20,100,120
БЕЛА ЦРКВА,Упис по основу пријаве пребивалишта,3,2,7,1,4,0,2,3,4,2,7,3,2,2,5,1,9,2,2,1,3,5,4,4,6,5,5,3,5,6,24,2,134
БЕЛА ЦРКВА,Упис по основу стицања пунолетства,7,3,4,1,1,2,4,1,7,1,1,1,1,3,5,3,4,0,3,6,2,3,4,4,5,4,3,4,4,6,26,0,123
БЕОГРАД-БАРАЈЕВО,Брисање боравишта интерно расељеног лица,0,0,0,1,0,0,0,2,0,0,0,2,1,1,0,1,0,0,0,0,0,0,0,0,0,0,0,0,0,1,0,3,12
БЕОГРАД-БАРАЈЕВО,Брисање по основу дуплог уписа,0,0,0,0,0,0,0,0,0,0,0,0,1,0,0,0,0,0,0,0,0,0,0,0,0,0,0,0,0,0,0,0,1
БЕОГРАД-БАРАЈЕВО,Брисање по основу одјаве пребивалишта,7,12,13,8,9,10,6,5,9,11,7,13,4,7,11,8,6,7,9,10,5,4,8,13,3,8,2,2,6,21,11,24,279
БЕОГРАД-БАРАЈЕВО,Брисање по основу смрти лица,2,4,4,6,8,9,5,5,3,4,10,7,10,12,6,6,10,6,8,14,9,3,3,9,7,8,13,7,8,7,7,7,227
БЕОГРАД-БАРАЈЕВО,Потврда о изборном праву,0,0,0,0,0,0,0,0,0,0,0,0,0,0,0,0,0,0,0,0,0,0,0,0,0,0,0,0,0,1,0,0,1
БЕОГРАД-БАРАЈЕВО,Потврда о изборном праву кандидата за одборнике,0,0,0,0,0,0,0,0,0,0,0,0,0,0,0,0,0,0,0,0,0,0,0,0,0,0,0,0,0,1,0,0,1
БЕОГРАД-БАРАЈЕВО,Потврда о упису у бирачки списак,0,0,0,0,0,0,0,0,0,0,0,0,0,0,0,0,0,0,0,0,0,0,0,0,0,0,0,0,0,1,0,0,1
БЕОГРАД-БАРАЈЕВО,Промена адресе боравишта интерно расељеног лица,0,0,0,0,0,0,0,0,0,0,0,1,0,0,0,1,0,0,0,0,0,1,0,0,0,0,0,0,0,1,1,1,6
БЕОГРАД-БАРАЈЕВО,Промена адресе пребивалишта,0,17,3,0,21,2,21,24,27,26,23,6,2,16,0,5,14,7,3,9,1,11,11,7,0,0,0,0,12,16,16,26,326
БЕОГРАД-БАРАЈЕВО,Промена личних података,0,3,1,0,5,0,3,28,8,6,9,12,43,10,0,1,16,8,1,0,3,4,5,2,1,0,0,0,3,14,4,15,205
БЕОГРАД-БАРАЈЕВО,Упис за гласање по месту боравишта у земљи,0,0,0,0,0,0,0,0,0,0,0,0,0,0,0,0,0,0,0,0,0,0,0,0,0,0,0,0,0,0,1,0,1
БЕОГРАД-БАРАЈЕВО,Упис за гласање по месту боравишта у иностранству,0,0,0,0,0,0,0,0,0,0,0,0,0,0,0,0,0,0,0,0,0,0,0,0,0,0,0,0,0,0,27,71,98
БЕОГРАД-БАРАЈЕВО,Упис по основу враћања пословне способности,0,0,0,0,0,0,0,0,0,0,0,0,0,1,0,0,0,0,0,0,0,0,0,0,0,0,0,0,0,0,0,0,1
БЕОГРАД-БАРАЈЕВО,Упис по основу последњег пребивалишта,0,0,0,0,0,0,0,0,0,0,0,0,0,0,0,0,0,0,0,0,0,0,0,0,0,0,0,0,0,0,0,1,1
БЕОГРАД-БАРАЈЕВО,Упис по основу пријаве боравишта интерно расељеног лица,0,0,0,0,0,0,0,3,2,1,0,1,0,0,0,0,0,1,0,2,0,0,1,1,0,0,0,0,0,0,1,1,14
БЕОГРАД-БАРАЈЕВО,Упис по основу пријаве пребивалишта,0,8,0,0,4,2,2,126,3,23,25,19,51,14,0,2,14,25,0,26,8,2,16,3,0,0,0,0,9,1,9,62,454
БЕОГРАД-БАРАЈЕВО,Упис по основу пријема у држављанство,0,0,0,0,0,0,0,0,0,0,0,0,0,0,0,0,0,0,0,0,0,0,0,0,0,0,0,0,0,0,2,0,2
БЕОГРАД-БАРАЈЕВО,Упис по основу стицања пунолетства,0,14,0,0,12,3,4,6,9,8,6,5,7,1,0,3,9,2,0,13,4,4,9,6,0,0,0,0,6,8,9,46,194
БЕОГРАД-ВОЖДОВАЦ,Брисање боравишта интерно расељеног лица,1,0,1,2,0,1,0,3,3,1,0,0,1,0,2,7,2,1,2,0,0,1,2,2,4,1,1,2,1,2,3,3,49
БЕОГРАД-ВОЖДОВАЦ,Брисање по основу дуплог уписа,0,0,0,0,0,0,0,0,0,0,0,0,1,0,0,0,0,0,0,0,0,0,0,1,0,0,0,0,0,0,0,0,2
БЕОГРАД-ВОЖДОВАЦ,Брисање по основу одјаве пребивалишта,72,118,114,73,54,41,59,66,82,55,44,97,64,72,61,39,84,66,68,47,29,72,70,62,84,56,38,76,20,129,188,170,2370
БЕОГРАД-ВОЖДОВАЦ,Брисање по основу отпуста из држављанства,0,0,0,0,0,0,0,0,0,0,0,0,0,1,0,0,0,0,0,0,0,0,0,0,0,0,0,0,0,0,0,0,1
БЕОГРАД-ВОЖДОВАЦ,Брисање по основу смрти лица,48,47,33,30,43,54,41,20,45,23,34,38,35,41,41,39,51,28,38,42,65,46,34,35,25,43,27,42,38,39,45,37,1247
БЕОГРАД-ВОЖДОВАЦ,Брисање по службеној дужности,0,2,5,5,7,6,2,3,11,11,32,4,60,5,0,2,3,5,0,6,6,4,6,2,1,47,38,10,11,3,87,55,439
БЕОГРАД-ВОЖДОВАЦ,Исправка техничке грешке,2,0,0,0,1,0,0,0,0,0,0,2,1,0,1,0,0,1,0,2,0,2,0,0,1,1,1,1,1,1,2,4,24
БЕОГРАД-ВОЖДОВАЦ,Потврда о изборном праву,0,0,0,0,0,0,0,0,0,0,0,0,0,0,1,0,0,0,0,0,0,0,0,0,0,0,0,0,0,0,0,0,1
БЕОГРАД-ВОЖДОВАЦ,Потврда о упису у бирачки списак,0,0,0,0,0,0,0,0,0,0,0,0,0,0,1,0,0,0,0,0,0,0,0,0,0,0,0,0,0,0,0,0,1
БЕОГРАД-ВОЖДОВАЦ,Промена адресе боравишта интерно расељеног лица,0,1,3,0,0,2,0,1,1,1,0,0,0,0,2,1,4,0,2,0,0,1,0,0,1,2,0,1,1,0,0,0,24
БЕОГРАД-ВОЖДОВАЦ,Промена адресе пребивалишта,32,52,33,84,62,56,54,38,41,62,58,47,58,46,45,44,38,52,38,34,47,30,35,43,39,53,41,44,26,36,35,49,1452
БЕОГРАД-ВОЖДОВАЦ,Промена гласања по месту боравишта у земљи,0,0,0,0,0,0,0,0,0,0,0,0,0,0,0,0,0,0,0,0,0,0,0,0,0,0,0,0,0,0,0,1,1
БЕОГРАД-ВОЖДОВАЦ,Промена гласања по месту боравишта у иностранству,0,0,0,0,0,0,0,0,0,0,0,0,0,0,0,0,0,0,0,0,0,0,0,0,0,0,0,0,0,0,4,6,10
БЕОГРАД-ВОЖДОВАЦ,Промена личних података,35,135,139,267,208,170,62,30,35,53,49,43,55,46,51,37,38,40,35,31,17,29,33,36,41,38,22,46,37,42,91,120,2111
БЕОГРАД-ВОЖДОВАЦ,Упис за гласање по месту боравишта у земљи,0,0,0,0,0,0,0,0,0,0,0,0,0,0,0,0,0,0,0,0,0,0,0,0,0,0,0,0,0,4,29,106,139
БЕОГРАД-ВОЖДОВАЦ,Упис за гласање по месту боравишта у иностранству,0,0,0,0,0,0,0,0,0,0,0,0,0,0,0,0,0,0,0,0,0,0,0,0,0,0,0,0,0,0,1021,1141,2162
БЕОГРАД-ВОЖДОВАЦ,Упис по основу последњег пребивалишта,0,0,0,0,0,0,0,0,0,0,0,0,0,0,0,0,0,0,0,0,0,0,0,0,0,0,0,0,0,0,9,13,22
БЕОГРАД-ВОЖДОВАЦ,Упис по основу пријаве боравишта интерно расељеног лица,0,1,0,1,2,5,2,1,2,1,3,5,6,0,1,2,1,2,0,0,1,1,1,1,1,0,0,0,2,0,1,2,45
БЕОГРАД-ВОЖДОВАЦ,Упис по основу пријаве пребивалишта,86,168,108,91,102,95,74,119,117,100,101,97,90,92,114,109,91,76,115,74,36,94,110,108,108,117,66,122,34,129,168,403,3514
БЕОГРАД-ВОЖДОВАЦ,Упис по основу пријема у држављанство,0,1,0,0,0,0,0,1,0,0,0,0,0,0,0,0,0,0,0,0,0,0,1,0,0,0,0,1,0,0,0,0,4
БЕОГРАД-ВОЖДОВАЦ,Упис по основу стицања пунолетства,28,32,24,27,29,25,31,25,29,30,28,38,24,30,30,30,33,26,33,30,48,31,38,38,35,40,32,35,32,30,174,58,1173
БЕОГРАД-ВРАЧАР,Брисање боравишта интерно расељеног лица,0,0,0,0,0,0,0,2,0,0,0,0,0,0,0,1,0,0,0,0,0,1,0,0,0,0,0,0,0,0,0,0,4
БЕОГРАД-ВРАЧАР,Брисање по основу губитка пословне способности,0,0,0,0,0,0,0,0,0,0,0,0,1,0,0,0,0,0,0,0,0,0,1,0,0,0,0,0,0,0,0,1,3
БЕОГРАД-ВРАЧАР,Брисање по основу дуплог уписа,0,0,0,0,0,0,0,0,0,0,0,0,0,0,0,0,0,0,0,0,0,0,0,0,0,1,0,0,0,0,0,0,1
БЕОГРАД-ВРАЧАР,Брисање по основу одјаве пребивалишта,28,59,68,24,24,23,33,33,40,33,27,34,29,37,47,26,37,23,31,27,14,34,42,31,40,34,27,28,7,70,105,81,1196
БЕОГРАД-ВРАЧАР,Брисање по основу отпуста из држављанства,0,0,0,0,0,0,0,0,0,0,0,0,0,0,0,0,1,0,0,0,0,0,0,0,0,0,0,0,0,0,0,0,1
БЕОГРАД-ВРАЧАР,Брисање по основу смрти лица,14,20,15,13,17,17,16,6,16,14,13,20,11,13,13,10,20,17,8,18,21,15,14,15,10,14,11,18,13,8,19,12,461
БЕОГРАД-ВРАЧАР,Брисање по службеној дужности,12,5,5,4,4,0,6,2,5,8,4,3,2,2,8,6,4,6,6,9,5,2,0,1,4,7,1,1,1,7,11,3,144
БЕОГРАД-ВРАЧАР,Исправка техничке грешке,0,0,0,0,0,0,0,0,0,1,0,0,0,0,0,0,1,0,0,0,0,0,0,0,0,0,0,0,0,0,0,0,2
БЕОГРАД-ВРАЧАР,Потврда о упису у бирачки списак,0,0,1,0,0,0,1,0,0,0,0,0,0,0,0,0,0,0,0,0,0,0,0,0,0,0,0,0,0,0,4,4,10
БЕОГРАД-ВРАЧАР,Промена адресе боравишта интерно расељеног лица,0,0,0,0,0,0,0,2,0,0,0,0,0,0,0,0,0,0,0,0,0,0,0,0,0,0,0,0,0,0,0,0,2
БЕОГРАД-ВРАЧАР,Промена адресе пребивалишта,9,9,9,10,7,11,13,10,5,7,10,11,8,10,9,11,7,11,6,7,7,5,10,3,9,5,13,5,6,15,14,11,283
БЕОГРАД-ВРАЧАР,Промена гласања по месту боравишта у земљи,0,0,0,0,0,0,0,0,0,0,0,0,0,0,0,0,0,0,0,0,0,0,0,0,0,0,0,0,0,0,0,1,1
БЕОГРАД-ВРАЧАР,Промена гласања по месту боравишта у иностранству,0,0,0,0,0,0,0,0,0,0,0,0,0,0,0,0,0,0,0,0,0,0,0,0,0,0,0,0,0,0,6,3,9
БЕОГРАД-ВРАЧАР,Промена личних података,6,6,6,5,22,250,533,316,81,195,33,136,94,76,70,51,18,108,40,67,64,85,15,12,20,16,19,10,17,12,26,30,2439
БЕОГРАД-ВРАЧАР,Упис за гласање по месту боравишта у земљи,0,0,0,0,0,0,0,0,0,0,0,0,0,0,0,0,0,0,0,0,0,0,0,0,0,0,0,0,0,1,20,66,87
БЕОГРАД-ВРАЧАР,Упис за гласање по месту боравишта у иностранству,0,0,0,0,0,0,0,0,0,0,0,0,0,0,0,0,0,0,0,0,0,0,0,0,0,0,0,0,0,0,595,753,1348
БЕОГРАД-ВРАЧАР,Упис по основу последњег пребивалишта,0,0,0,0,0,0,0,0,0,0,0,0,0,0,0,0,0,0,0,0,0,0,0,0,0,0,0,0,0,0,10,9,19
БЕОГРАД-ВРАЧАР,Упис по основу пријаве боравишта интерно расељеног лица,0,0,1,0,0,0,0,0,0,1,0,0,0,0,0,0,0,0,0,0,0,1,1,0,0,0,0,0,0,1,0,0,5
БЕОГРАД-ВРАЧАР,Упис по основу пријаве пребивалишта,31,71,61,40,38,32,39,50,31,59,32,76,35,39,43,11,45,50,34,27,18,29,37,35,34,54,21,32,15,46,70,47,1282
БЕОГРАД-ВРАЧАР,Упис по основу пријема у држављанство,0,1,1,0,0,0,1,0,0,0,0,0,0,0,0,0,2,0,0,0,0,0,0,0,0,0,0,0,1,0,0,0,6
БЕОГРАД-ВРАЧАР,Упис по основу стицања пунолетства,15,6,12,6,7,10,10,7,10,20,18,14,17,14,7,14,12,6,12,9,15,15,11,4,10,15,8,8,14,17,17,30,390
БЕОГРАД-ГРОЦКА,Брисање боравишта интерно расељеног лица,0,2,1,4,2,1,1,0,2,1,9,3,1,2,1,0,3,2,1,2,0,1,0,0,2,2,1,4,2,2,5,0,57
БЕОГРАД-ГРОЦКА,Брисање по основу губитка пословне способности,0,0,0,0,0,0,0,0,0,0,0,0,0,0,0,0,0,0,0,0,0,0,0,0,0,0,0,0,0,0,0,7,7
БЕОГРАД-ГРОЦКА,Брисање по основу одјаве пребивалишта,24,28,25,15,9,15,17,12,12,23,23,29,14,14,11,12,17,11,13,14,8,17,17,17,7,12,17,20,2,32,43,36,566
БЕОГРАД-ГРОЦКА,Брисање по основу смрти лица,21,23,12,15,20,21,18,20,20,17,17,20,13,21,21,13,21,13,16,15,24,17,23,21,13,18,12,19,19,19,16,28,586
БЕОГРАД-ГРОЦКА,Брисање по службеној дужности,0,2,5,2,1,9,14,0,7,0,5,8,1,11,6,12,1,1,4,4,15,12,6,2,5,6,5,1,0,0,6,3,154
БЕОГРАД-ГРОЦКА,Исправка техничке грешке,0,1,0,0,1,0,0,1,2,0,1,0,0,0,0,0,0,0,0,0,1,1,0,0,0,0,0,0,0,0,1,0,9
БЕОГРАД-ГРОЦКА,Промена адресе боравишта интерно расељеног лица,1,1,1,2,1,0,2,0,3,1,1,0,1,1,0,0,2,0,5,0,0,1,1,1,0,0,4,0,2,2,2,0,35
БЕОГРАД-ГРОЦКА,Промена адресе пребивалишта,17,23,21,32,22,27,23,16,26,25,20,30,22,31,26,21,31,37,11,16,15,19,32,19,23,17,19,19,27,25,31,16,739
БЕОГРАД-ГРОЦКА,Промена гласања по месту боравишта у иностранству,0,0,0,0,0,0,0,0,0,0,0,0,0,0,0,0,0,0,0,0,0,0,0,0,0,0,0,0,0,0,3,0,3
БЕОГРАД-ГРОЦКА,Промена личних података,17,17,23,23,16,23,24,8,15,16,17,24,21,21,23,21,18,26,17,7,17,10,18,17,22,19,16,17,20,22,21,26,602
БЕОГРАД-ГРОЦКА,Упис за гласање по месту боравишта у земљи,0,0,0,0,0,0,0,0,0,0,0,0,0,0,0,0,0,0,0,0,0,0,0,0,0,0,0,0,0,0,0,4,4
БЕОГРАД-ГРОЦКА,Упис за гласање по месту боравишта у иностранству,0,0,0,0,0,0,0,0,0,0,0,0,0,0,0,0,0,0,0,0,0,0,0,0,0,0,0,0,0,0,150,216,366
БЕОГРАД-ГРОЦКА,Упис по основу враћања пословне способности,0,0,0,0,0,0,0,0,0,0,0,0,0,0,0,0,0,0,0,0,0,0,0,0,0,0,0,0,0,0,0,3,3
БЕОГРАД-ГРОЦКА,Упис по основу пријаве боравишта интерно расељеног лица,1,2,1,2,0,2,3,0,3,0,0,3,0,2,2,3,5,1,1,2,1,1,3,1,2,2,3,4,1,1,2,4,58
БЕОГРАД-ГРОЦКА,Упис по основу пријаве пребивалишта,32,50,43,38,35,32,27,18,39,36,44,42,17,32,21,26,27,25,31,28,15,26,45,24,40,34,22,32,19,30,47,30,1007
БЕОГРАД-ГРОЦКА,Упис по основу пријема у држављанство,0,0,0,0,0,0,0,0,1,0,0,0,0,0,0,1,0,0,0,0,0,0,0,0,0,0,0,0,0,0,1,0,3
БЕОГРАД-ГРОЦКА,Упис по основу стицања пунолетства,20,19,17,13,15,16,13,12,26,13,13,23,19,17,13,21,15,20,19,27,17,21,22,34,19,25,35,21,24,13,129,10,721
БЕОГРАД-ЗВЕЗДАРА,Брисање боравишта интерно расељеног лица,2,7,0,1,1,1,2,2,0,1,3,1,2,0,0,4,2,1,0,1,0,1,0,2,0,0,0,6,0,1,0,1,42
БЕОГРАД-ЗВЕЗДАРА,Брисање по основу дуплог уписа,0,1,0,0,0,0,0,0,0,0,0,0,0,0,0,0,0,0,0,0,0,0,0,0,0,0,0,0,0,0,0,0,1
БЕОГРАД-ЗВЕЗДАРА,Брисање по основу одјаве пребивалишта,100,125,142,99,77,74,92,83,83,79,95,87,92,85,84,73,91,74,79,49,45,56,113,72,117,71,57,64,32,148,229,196,2963
БЕОГРАД-ЗВЕЗДАРА,Брисање по основу отпуста из држављанства,0,0,0,0,0,0,1,0,0,1,0,0,0,0,0,0,0,0,0,0,1,0,0,0,0,0,0,0,0,0,0,0,3
БЕОГРАД-ЗВЕЗДАРА,Брисање по основу смрти лица,37,43,38,34,28,41,35,30,43,35,32,33,46,27,38,35,35,40,30,36,58,26,33,36,29,36,27,42,42,43,46,21,1155
БЕОГРАД-ЗВЕЗДАРА,Брисање по службеној дужности,0,0,0,0,0,0,1,0,0,0,0,0,0,0,0,0,0,0,0,0,0,0,0,0,0,0,0,0,0,0,0,0,1
БЕОГРАД-ЗВЕЗДАРА,Исправка техничке грешке,0,0,0,0,0,0,0,0,0,1,0,0,0,0,0,0,0,0,0,0,0,0,0,0,0,0,0,0,0,1,0,0,2
БЕОГРАД-ЗВЕЗДАРА,Потврда о изборном праву,0,0,0,0,0,0,0,0,0,0,0,0,0,0,0,0,0,0,0,3,0,0,0,0,0,0,0,0,3,1,4,6,17
БЕОГРАД-ЗВЕЗДАРА,Потврда о изборном праву кандидата за одборнике,0,0,0,0,0,0,0,0,0,0,0,0,0,0,0,0,0,0,0,0,0,0,0,0,0,0,0,0,0,0,1,0,1
БЕОГРАД-ЗВЕЗДАРА,Потврда о упису у бирачки списак,0,0,0,0,0,0,0,0,0,0,0,0,0,0,0,0,0,0,0,0,0,0,0,0,0,0,0,3,0,0,1,1,5
БЕОГРАД-ЗВЕЗДАРА,Промена адресе боравишта интерно расељеног лица,0,1,3,1,0,0,1,0,1,4,0,4,2,2,0,2,7,3,2,0,1,0,0,1,0,0,0,0,0,0,0,1,36
БЕОГРАД-ЗВЕЗДАРА,Промена адресе пребивалишта,28,54,65,103,86,3,109,33,42,80,40,63,52,60,69,41,64,44,31,26,62,55,49,44,32,33,22,10,58,20,115,57,1650
БЕОГРАД-ЗВЕЗДАРА,Промена гласања по месту боравишта у иностранству,0,0,0,0,0,0,0,0,0,0,0,0,0,0,0,0,0,0,0,0,0,0,0,0,0,0,0,0,0,0,6,2,8
БЕОГРАД-ЗВЕЗДАРА,Промена личних података,170,61,250,406,226,266,165,83,53,137,144,132,128,101,190,193,170,125,201,206,289,152,252,201,52,26,204,270,235,88,98,119,5393
БЕОГРАД-ЗВЕЗДАРА,Упис за гласање по месту боравишта у земљи,0,0,0,0,0,0,0,0,0,0,0,0,0,0,0,0,0,0,0,0,0,0,0,0,0,0,0,0,0,2,36,120,158
БЕОГРАД-ЗВЕЗДАРА,Упис за гласање по месту боравишта у иностранству,0,0,0,0,0,0,0,0,0,0,0,0,0,0,0,0,0,0,0,0,0,0,0,0,0,0,0,0,0,0,1310,1275,2585
БЕОГРАД-ЗВЕЗДАРА,Упис по основу последњег пребивалишта,0,0,0,0,0,0,0,0,0,0,0,0,0,0,0,0,0,0,0,0,0,0,0,0,0,0,0,0,0,0,11,4,15
БЕОГРАД-ЗВЕЗДАРА,Упис по основу пријаве боравишта интерно расељеног лица,0,0,2,0,2,0,1,5,2,1,3,4,5,3,3,0,7,3,1,1,2,1,1,1,1,1,1,0,1,1,2,0,55
БЕОГРАД-ЗВЕЗДАРА,Упис по основу пријаве пребивалишта,145,196,205,125,122,92,168,124,145,147,144,162,104,114,110,84,156,96,109,60,66,99,114,126,98,83,94,103,59,143,134,440,4167
БЕОГРАД-ЗВЕЗДАРА,Упис по основу пријема у држављанство,0,2,0,0,0,0,0,0,0,0,0,1,0,0,0,0,0,0,0,0,0,0,0,0,0,0,0,0,0,0,1,1,5
БЕОГРАД-ЗВЕЗДАРА,Упис по основу стицања пунолетства,45,33,40,24,25,26,25,33,39,20,21,32,44,36,40,21,22,33,16,33,53,30,32,38,41,36,12,29,54,39,233,2,1207
БЕОГРАД-ЗЕМУН,Брисање боравишта интерно расељеног лица,0,1,0,0,0,0,1,0,1,1,1,0,1,0,0,0,0,0,2,1,0,0,1,1,0,1,0,0,0,0,0,5,17
БЕОГРАД-ЗЕМУН,Брисање по основу губитка пословне способности,0,0,0,0,0,0,0,0,0,0,0,0,0,0,0,0,0,0,50,0,0,0,0,0,0,0,0,0,1,0,0,0,51
БЕОГРАД-ЗЕМУН,Брисање по основу дуплог уписа,0,0,0,0,0,0,0,0,0,0,0,0,0,0,0,0,0,0,0,0,15,1,0,0,1,0,0,0,0,0,0,0,17
БЕОГРАД-ЗЕМУН,Брисање по основу одјаве пребивалишта,55,88,72,46,34,56,31,59,52,58,50,60,40,40,40,39,49,43,53,33,26,38,54,51,49,47,30,45,10,81,156,136,1721
БЕОГРАД-ЗЕМУН,Брисање по основу смрти лица,44,45,39,41,44,41,37,26,45,34,29,39,43,37,37,37,38,39,33,41,76,26,43,30,11,36,31,33,37,55,58,41,1246
БЕОГРАД-ЗЕМУН,Брисање по службеној дужности,15,9,35,7,5,13,11,14,25,12,3,13,21,18,7,10,9,23,16,18,60,22,16,9,14,11,7,5,3,25,10,10,476
БЕОГРАД-ЗЕМУН,Потврда о изборном праву,0,0,0,0,0,0,0,0,0,0,0,0,0,0,0,0,0,0,0,0,0,0,0,0,0,0,1,0,0,0,0,0,1
БЕОГРАД-ЗЕМУН,Потврда о упису у бирачки списак,0,0,0,0,0,0,0,0,0,0,0,0,0,0,0,0,0,0,0,0,0,0,0,0,0,1,0,0,0,0,0,0,1
БЕОГРАД-ЗЕМУН,Промена адресе боравишта интерно расељеног лица,0,0,0,0,0,0,0,0,1,0,0,0,0,1,0,0,0,0,0,0,1,0,0,0,0,0,0,0,0,0,0,0,3
БЕОГРАД-ЗЕМУН,Промена адресе пребивалишта,43,24,70,67,71,61,59,47,49,77,81,48,42,65,53,38,50,41,41,42,45,63,50,49,60,39,55,53,42,35,49,67,1676
БЕОГРАД-ЗЕМУН,Промена гласања по месту боравишта у иностранству,0,0,0,0,0,0,0,0,0,0,0,0,0,0,0,0,0,0,0,0,0,0,0,0,0,0,0,0,0,0,3,4,7
БЕОГРАД-ЗЕМУН,Промена личних података,13,19,18,12,14,15,20,17,14,28,27,19,27,35,15,27,39,19,14,17,15,31,25,23,17,9,10,24,25,261,52,78,979
БЕОГРАД-ЗЕМУН,Упис за гласање по месту боравишта у земљи,0,0,0,0,0,0,0,0,0,0,0,0,0,0,0,0,0,0,0,0,0,0,0,0,0,0,0,0,0,0,25,163,188
БЕОГРАД-ЗЕМУН,Упис за гласање по месту боравишта у иностранству,0,0,0,0,0,0,0,0,0,0,0,0,0,0,0,0,0,0,0,0,0,0,0,0,0,0,0,0,0,0,817,906,1723
БЕОГРАД-ЗЕМУН,Упис по основу враћања пословне способности,0,0,0,0,0,0,0,0,0,0,0,0,0,0,0,0,0,0,1,0,0,0,0,0,0,0,0,0,0,0,0,0,1
БЕОГРАД-ЗЕМУН,Упис по основу последњег пребивалишта,0,0,0,0,0,0,0,0,0,0,0,0,0,0,0,0,0,0,0,0,0,0,0,0,0,0,0,0,0,0,6,13,19
БЕОГРАД-ЗЕМУН,Упис по основу пријаве боравишта интерно расељеног лица,0,1,2,0,1,0,1,0,0,0,0,0,0,3,1,1,0,0,1,0,0,0,1,1,0,0,0,2,1,0,0,0,16
БЕОГРАД-ЗЕМУН,Упис по основу пријаве пребивалишта,75,155,107,74,73,77,78,68,101,103,116,95,66,84,85,76,73,89,97,53,54,105,107,109,88,87,72,73,39,108,112,409,3108
БЕОГРАД-ЗЕМУН,Упис по основу пријема у држављанство,0,0,0,0,0,0,0,0,2,0,0,0,1,0,0,0,0,0,0,0,0,0,0,0,0,0,0,0,0,0,0,1,4
БЕОГРАД-ЗЕМУН,Упис по основу стицања пунолетства,47,38,37,37,31,18,43,29,39,40,32,36,39,29,31,40,41,36,39,34,42,52,42,44,45,40,46,44,41,44,173,86,1415
БЕОГРАД-ЛАЗАРЕВАЦ,Брисање боравишта интерно расељеног лица,2,2,1,1,1,0,1,0,0,2,0,3,0,0,0,0,0,0,3,1,0,3,1,0,0,0,1,1,0,0,3,0,26
БЕОГРАД-ЛАЗАРЕВАЦ,Брисање по основу дуплог уписа,0,2,0,0,0,0,0,0,0,0,0,0,0,0,0,0,0,0,0,0,0,0,0,0,0,0,0,0,0,0,0,0,2
БЕОГРАД-ЛАЗАРЕВАЦ,Брисање по основу одјаве пребивалишта,8,12,18,7,6,5,9,12,7,6,8,14,8,15,5,8,10,9,9,5,3,5,13,5,8,7,3,9,3,19,23,14,293
БЕОГРАД-ЛАЗАРЕВАЦ,Брисање по основу отпуста из држављанства,0,0,1,0,0,0,0,0,0,0,0,0,0,0,0,0,0,0,0,0,0,0,0,0,0,0,0,0,0,0,0,0,1
БЕОГРАД-ЛАЗАРЕВАЦ,Брисање по основу смрти лица,16,15,9,17,14,23,16,16,13,11,13,11,16,12,17,8,12,13,17,19,14,13,15,10,14,10,12,9,15,17,9,12,438
БЕОГРАД-ЛАЗАРЕВАЦ,Брисање по службеној дужности,3,9,4,9,1,1,8,0,1,6,3,3,1,0,1,0,5,8,1,4,2,2,5,1,9,4,2,1,1,5,3,6,109
БЕОГРАД-ЛАЗАРЕВАЦ,Исправка техничке грешке,0,0,0,3,0,0,0,0,0,0,0,0,1,0,0,0,0,0,0,0,0,0,0,0,0,0,0,0,0,0,0,0,4
БЕОГРАД-ЛАЗАРЕВАЦ,Потврда о упису у бирачки списак,0,0,0,0,0,0,0,0,0,0,0,0,0,0,0,0,0,0,0,0,0,0,0,0,0,0,0,0,1,0,6,0,7
БЕОГРАД-ЛАЗАРЕВАЦ,Промена адресе боравишта интерно расељеног лица,0,0,1,0,0,0,0,0,0,1,1,0,0,0,1,0,2,0,0,0,0,0,0,0,0,0,1,1,1,0,0,0,9
БЕОГРАД-ЛАЗАРЕВАЦ,Промена адресе пребивалишта,24,58,78,79,56,56,45,58,30,28,42,31,63,39,34,49,44,41,33,42,39,30,37,36,34,19,40,35,41,47,37,31,1356
БЕОГРАД-ЛАЗАРЕВАЦ,Промена личних података,11,5,8,2,2,3,9,12,2,6,15,8,2,2,24,12,11,8,6,4,9,9,6,7,3,3,10,4,3,10,15,14,245
БЕОГРАД-ЛАЗАРЕВАЦ,Упис за гласање по месту боравишта у земљи,0,0,0,0,0,0,0,0,0,0,0,0,0,0,0,0,0,0,0,0,0,0,0,0,0,0,0,0,0,1,7,9,17
БЕОГРАД-ЛАЗАРЕВАЦ,Упис за гласање по месту боравишта у иностранству,0,0,0,0,0,0,0,0,0,0,0,0,0,0,0,0,0,0,0,0,0,0,0,0,0,0,0,0,0,3,80,118,201
БЕОГРАД-ЛАЗАРЕВАЦ,Упис по основу пријаве боравишта интерно расељеног лица,1,0,2,1,1,1,2,4,2,1,3,0,3,2,0,0,0,1,1,0,4,0,2,0,0,0,1,0,1,0,1,1,35
БЕОГРАД-ЛАЗАРЕВАЦ,Упис по основу пријаве пребивалишта,17,12,14,14,8,15,13,7,11,15,12,15,13,10,22,9,8,7,13,9,5,13,12,19,8,16,4,13,3,24,51,4,416
БЕОГРАД-ЛАЗАРЕВАЦ,Упис по основу пријема у држављанство,0,1,0,0,0,0,0,0,0,0,0,0,0,0,0,0,0,0,0,0,0,0,0,0,0,0,0,0,0,0,0,0,1
БЕОГРАД-ЛАЗАРЕВАЦ,Упис по основу стицања пунолетства,9,13,17,10,14,15,11,5,15,8,14,14,8,16,10,12,9,3,8,10,14,17,7,13,16,7,9,14,13,11,86,0,428
БЕОГРАД-МЛАДЕНОВАЦ,Брисање боравишта интерно расељеног лица,2,4,3,3,0,3,2,1,3,1,1,1,0,0,2,5,1,1,0,1,0,5,0,1,2,0,0,0,0,5,6,0,53
БЕОГРАД-МЛАДЕНОВАЦ,Брисање по основу губитка пословне способности,0,0,11,2,0,0,0,0,0,0,0,0,0,0,0,0,0,1,0,0,0,0,0,0,0,0,0,0,0,0,0,0,14
БЕОГРАД-МЛАДЕНОВАЦ,Брисање по основу одјаве пребивалишта,6,10,12,4,3,9,5,6,8,6,4,7,6,6,6,3,6,6,7,2,4,3,5,8,6,8,6,3,3,5,24,10,207
БЕОГРАД-МЛАДЕНОВАЦ,Брисање по основу смрти лица,16,24,13,14,14,14,10,7,11,14,12,17,15,9,10,8,12,11,12,7,12,14,16,9,9,11,13,14,16,10,17,12,403
БЕОГРАД-МЛАДЕНОВАЦ,Брисање по службеној дужности,1,3,2,5,10,1,15,0,2,3,0,3,3,0,4,7,3,1,0,0,3,1,2,0,0,8,2,7,1,1,0,1,89
БЕОГРАД-МЛАДЕНОВАЦ,Исправка техничке грешке,0,0,0,0,0,0,0,0,0,0,1,1,0,0,0,0,0,0,1,0,0,0,0,0,0,0,0,0,0,0,0,0,3
БЕОГРАД-МЛАДЕНОВАЦ,Потврда о изборном праву,0,0,0,0,0,0,0,0,0,0,0,0,0,0,0,0,0,0,0,0,0,0,0,0,0,0,0,0,0,0,4,6,10
БЕОГРАД-МЛАДЕНОВАЦ,Потврда о упису у бирачки списак,0,0,0,0,0,0,0,0,0,0,0,0,0,0,0,0,0,0,0,0,0,0,0,0,0,0,2,0,0,0,0,0,2
БЕОГРАД-МЛАДЕНОВАЦ,Промена адресе боравишта интерно расељеног лица,0,0,0,3,1,1,0,1,0,1,1,1,1,1,0,0,0,0,1,0,0,0,2,1,1,0,1,1,0,0,0,0,18
БЕОГРАД-МЛАДЕНОВАЦ,Промена адресе пребивалишта,33,28,29,37,32,37,23,35,21,34,20,34,29,20,15,19,24,26,19,10,22,36,25,23,24,27,17,28,20,19,25,21,812
БЕОГРАД-МЛАДЕНОВАЦ,Промена личних података,20,23,15,28,17,17,12,19,43,31,56,22,36,13,70,73,92,99,51,72,54,144,129,54,14,17,54,80,15,18,39,62,1489
БЕОГРАД-МЛАДЕНОВАЦ,Упис за гласање по месту боравишта у земљи,0,0,0,0,0,0,0,0,0,0,0,0,0,0,0,0,0,0,0,0,0,0,0,0,0,0,0,0,0,0,2,114,116
БЕОГРАД-МЛАДЕНОВАЦ,Упис за гласање по месту боравишта у иностранству,0,0,0,0,0,0,0,0,0,0,0,0,0,0,0,0,0,0,0,0,0,0,0,0,0,0,0,0,0,9,78,154,241
БЕОГРАД-МЛАДЕНОВАЦ,Упис по основу враћања пословне способности,0,0,5,1,0,0,0,0,0,0,0,0,0,0,0,0,0,0,0,0,0,0,0,0,0,0,0,0,0,0,0,0,6
БЕОГРАД-МЛАДЕНОВАЦ,Упис по основу пријаве боравишта интерно расељеног лица,0,0,0,2,2,0,0,0,1,2,0,0,1,1,3,0,0,2,0,2,0,0,1,0,0,1,0,0,1,1,0,1,21
БЕОГРАД-МЛАДЕНОВАЦ,Упис по основу пријаве пребивалишта,24,14,20,19,12,19,6,15,22,20,16,19,14,12,15,25,14,8,7,6,4,15,10,13,23,12,11,13,8,30,70,8,524
БЕОГРАД-МЛАДЕНОВАЦ,Упис по основу пријема у држављанство,0,0,0,0,0,0,0,0,0,0,0,0,0,0,0,0,0,0,0,0,0,0,0,1,0,0,0,0,0,0,0,0,1
БЕОГРАД-МЛАДЕНОВАЦ,Упис по основу стицања пунолетства,9,7,10,15,12,9,9,3,16,7,4,10,12,10,6,8,15,10,17,7,15,11,15,15,14,11,13,9,10,17,12,55,393
БЕОГРАД-НОВИ БЕОГРАД,Брисање боравишта интерно расељеног лица,0,1,0,0,3,1,2,0,0,1,0,1,0,2,0,1,2,0,0,1,0,2,0,0,1,0,0,0,1,1,0,3,23
БЕОГРАД-НОВИ БЕОГРАД,Брисање по основу губитка пословне способности,0,0,0,0,0,0,0,0,0,0,0,0,0,0,0,0,0,0,1,0,0,0,0,0,0,0,0,0,0,0,0,2,3
БЕОГРАД-НОВИ БЕОГРАД,Брисање по основу дуплог уписа,0,0,0,0,0,0,1,0,0,0,0,0,0,0,0,0,0,0,0,0,0,0,0,0,0,0,0,0,0,0,0,0,1
БЕОГРАД-НОВИ БЕОГРАД,Брисање по основу одјаве пребивалишта,75,117,107,68,53,58,69,77,85,84,50,61,71,60,64,64,78,87,69,43,57,60,88,78,78,61,64,78,36,161,239,210,2650
БЕОГРАД-НОВИ БЕОГРАД,Брисање по основу отпуста из држављанства,0,0,1,0,2,0,1,0,0,0,1,2,3,0,0,0,0,0,6,0,0,0,0,0,1,2,0,2,1,0,0,0,22
БЕОГРАД-НОВИ БЕОГРАД,Брисање по основу смрти лица,57,49,55,56,45,49,55,33,51,44,34,48,46,58,55,44,44,51,54,57,75,30,42,55,36,45,43,44,44,57,69,28,1553
БЕОГРАД-НОВИ БЕОГРАД,Брисање по службеној дужности,0,28,42,10,19,0,17,0,6,16,10,0,18,23,2,0,0,28,4,0,43,8,10,17,53,17,5,0,9,13,29,1,428
БЕОГРАД-НОВИ БЕОГРАД,Исправка техничке грешке,0,1,0,0,0,0,0,0,1,1,0,2,0,0,0,0,0,0,0,1,0,0,0,0,0,0,0,0,0,0,0,5,11
БЕОГРАД-НОВИ БЕОГРАД,Потврда о изборном праву,0,0,0,0,0,0,0,0,0,0,0,0,0,0,0,0,0,0,0,0,0,0,0,0,0,0,0,0,0,1,0,0,1
БЕОГРАД-НОВИ БЕОГРАД,Потврда о упису у бирачки списак,0,0,0,0,0,0,0,0,0,0,0,0,0,0,0,0,0,0,0,0,1,0,0,0,3,0,0,0,0,2,0,0,6
БЕОГРАД-НОВИ БЕОГРАД,Промена адресе боравишта интерно расељеног лица,0,0,0,0,0,0,0,0,0,0,0,0,0,0,0,0,0,0,1,0,0,0,0,0,2,0,0,1,0,0,0,0,4
БЕОГРАД-НОВИ БЕОГРАД,Промена адресе пребивалишта,35,45,57,59,53,50,44,45,32,52,47,37,37,60,62,40,37,52,50,52,42,45,30,49,39,46,41,44,45,47,49,63,1486
БЕОГРАД-НОВИ БЕОГРАД,Промена гласања по месту боравишта у иностранству,0,0,0,0,0,0,0,0,0,0,0,0,0,0,0,0,0,0,0,0,0,0,0,0,0,0,0,0,0,0,3,7,10
БЕОГРАД-НОВИ БЕОГРАД,Промена личних података,17,28,23,15,17,22,25,19,18,47,42,36,34,45,31,31,44,28,31,29,18,16,31,35,35,34,26,23,33,65,59,81,1038
БЕОГРАД-НОВИ БЕОГРАД,Упис за гласање по месту боравишта у земљи,0,0,0,0,0,0,0,0,0,0,0,0,0,0,0,0,0,0,0,0,0,0,0,0,0,0,0,0,0,1,35,78,114
БЕОГРАД-НОВИ БЕОГРАД,Упис за гласање по месту боравишта у иностранству,0,0,0,0,0,0,0,0,0,0,0,0,0,0,0,0,0,0,0,0,0,0,0,0,0,0,0,0,0,29,1446,1622,3097
БЕОГРАД-НОВИ БЕОГРАД,Упис по основу последњег пребивалишта,0,0,0,0,0,0,0,0,0,0,0,0,0,0,0,0,0,0,0,0,0,0,0,0,0,0,0,0,0,0,14,32,46
БЕОГРАД-НОВИ БЕОГРАД,Упис по основу пријаве боравишта интерно расељеног лица,0,1,1,1,1,0,0,0,1,0,3,0,1,0,1,1,1,0,0,0,0,1,0,0,1,0,3,1,0,0,1,0,19
БЕОГРАД-НОВИ БЕОГРАД,Упис по основу пријаве пребивалишта,78,159,99,91,78,94,67,69,100,96,105,111,73,73,88,75,111,57,71,60,48,62,79,84,83,96,56,70,21,97,125,398,2974
БЕОГРАД-НОВИ БЕОГРАД,Упис по основу пријема у држављанство,0,0,1,1,0,4,1,0,1,2,0,1,2,0,1,2,0,0,0,1,0,0,0,2,0,0,1,0,0,0,1,1,22
БЕОГРАД-НОВИ БЕОГРАД,Упис по основу стицања пунолетства,35,40,46,34,43,36,36,19,35,34,22,56,45,37,43,37,43,40,44,41,46,50,46,43,57,50,46,50,35,53,122,156,1520
БЕОГРАД-ОБРЕНОВАЦ,Брисање боравишта интерно расељеног лица,0,0,0,0,1,1,0,2,0,3,0,1,0,2,0,0,0,0,0,1,0,2,0,0,0,2,0,1,88,4,2,22,132
БЕОГРАД-ОБРЕНОВАЦ,Брисање по основу губитка пословне способности,0,0,0,0,0,0,0,0,0,0,0,0,0,0,0,0,0,0,0,0,0,0,0,0,1,0,0,0,0,0,0,0,1
БЕОГРАД-ОБРЕНОВАЦ,Брисање по основу одјаве пребивалишта,5,9,13,8,8,12,5,9,5,12,6,7,4,3,8,10,5,5,8,10,7,4,7,5,6,5,6,9,2,11,21,12,247
БЕОГРАД-ОБРЕНОВАЦ,Брисање по основу отпуста из држављанства,0,0,0,0,0,0,0,0,0,0,0,0,0,0,0,0,0,0,1,0,0,0,0,0,0,0,0,0,0,0,0,0,1
БЕОГРАД-ОБРЕНОВАЦ,Брисање по основу смрти лица,15,15,24,22,15,20,15,17,20,17,6,15,12,20,22,18,20,14,20,14,32,17,11,16,16,11,19,19,16,21,21,17,557
БЕОГРАД-ОБРЕНОВАЦ,Брисање по службеној дужности,7,7,1,6,0,2,0,1,0,0,23,12,1,0,0,0,16,0,1,12,7,12,2,0,0,4,0,0,1,4,7,11,137
БЕОГРАД-ОБРЕНОВАЦ,Исправка техничке грешке,0,0,0,1,0,0,0,0,0,0,0,0,0,0,0,0,0,0,1,0,0,0,0,1,0,0,0,0,1,0,1,0,5
БЕОГРАД-ОБРЕНОВАЦ,Потврда о изборном праву,0,0,0,0,0,0,0,0,0,0,0,0,0,0,0,0,0,0,0,0,0,0,0,0,0,0,0,0,0,1,0,0,1
БЕОГРАД-ОБРЕНОВАЦ,Потврда о изборном праву кандидата за одборнике,0,0,0,0,0,0,0,0,0,0,0,0,0,0,0,0,0,0,0,0,0,0,0,0,0,0,0,0,0,1,0,0,1
БЕОГРАД-ОБРЕНОВАЦ,Промена адресе боравишта интерно расељеног лица,1,1,0,0,0,2,0,0,0,0,0,0,0,0,0,1,0,0,0,1,0,0,1,0,2,0,1,1,3,0,0,2,16
БЕОГРАД-ОБРЕНОВАЦ,Промена адресе пребивалишта,48,78,55,97,64,68,48,43,38,61,47,58,53,50,43,52,55,43,52,46,66,51,60,45,61,50,44,54,40,43,49,52,1714
БЕОГРАД-ОБРЕНОВАЦ,Промена личних података,8,9,9,4,10,6,7,5,3,14,6,12,12,14,17,11,10,3,7,9,6,6,6,10,10,14,11,9,12,17,17,9,303
БЕОГРАД-ОБРЕНОВАЦ,Упис за гласање по месту боравишта у земљи,0,0,0,0,0,0,0,0,0,0,0,0,0,0,0,0,0,0,0,0,0,0,0,0,0,0,0,0,0,2,2,10,14
БЕОГРАД-ОБРЕНОВАЦ,Упис за гласање по месту боравишта у иностранству,0,0,0,0,0,0,0,0,0,0,0,0,0,0,0,0,0,0,0,0,0,0,0,0,0,0,0,0,0,8,125,168,301
БЕОГРАД-ОБРЕНОВАЦ,Упис по основу последњег пребивалишта,0,0,0,0,0,0,0,0,0,0,0,0,0,0,0,0,0,0,0,0,0,0,0,0,0,0,0,0,0,0,1,4,5
БЕОГРАД-ОБРЕНОВАЦ,Упис по основу пријаве боравишта интерно расељеног лица,0,0,0,0,0,0,0,0,0,0,0,0,0,0,0,0,0,0,1,0,0,0,3,0,0,0,0,0,0,0,0,1,5
БЕОГРАД-ОБРЕНОВАЦ,Упис по основу пријаве пребивалишта,5,33,22,16,20,11,20,13,24,12,35,23,12,26,9,8,11,5,26,23,18,18,20,27,19,24,15,26,8,29,30,7,595
БЕОГРАД-ОБРЕНОВАЦ,Упис по основу пријема у држављанство,0,0,0,0,0,0,0,0,0,0,0,0,0,0,0,0,0,0,0,0,0,0,0,0,0,1,1,0,0,0,0,0,2
БЕОГРАД-ОБРЕНОВАЦ,Упис по основу стицања пунолетства,8,22,13,10,17,12,10,11,14,11,10,18,14,20,16,12,17,13,11,25,15,9,11,16,22,20,24,17,14,19,27,77,555
БЕОГРАД-ПАЛИЛУЛА,Брисање боравишта интерно расељеног лица,1,1,1,22,51,0,0,0,0,0,0,1,0,0,0,0,0,1,0,0,0,0,0,0,1,0,1,0,0,0,3,1,84
БЕОГРАД-ПАЛИЛУЛА,Брисање по основу губитка пословне способности,0,0,0,0,0,0,0,0,0,0,0,0,1,0,0,0,0,0,0,0,0,0,0,0,0,0,0,0,0,0,0,10,11
БЕОГРАД-ПАЛИЛУЛА,Брисање по основу дуплог уписа,0,0,0,0,0,0,0,0,0,0,0,0,0,0,0,0,0,0,0,0,0,0,0,0,0,0,0,0,0,0,1,0,1
БЕОГРАД-ПАЛИЛУЛА,Брисање по основу одјаве пребивалишта,56,113,104,56,61,65,53,58,69,67,60,65,48,71,49,56,66,58,52,100,39,60,58,72,84,78,60,88,23,154,168,197,2408
БЕОГРАД-ПАЛИЛУЛА,Брисање по основу отпуста из држављанства,0,0,0,0,0,0,0,0,0,0,0,0,0,0,0,0,2,0,0,0,0,0,0,0,0,0,0,0,0,0,0,0,2
БЕОГРАД-ПАЛИЛУЛА,Брисање по основу смрти лица,34,42,43,38,50,49,37,41,59,30,27,41,43,56,44,59,42,39,49,46,44,32,37,44,41,40,36,43,41,65,41,41,1374
БЕОГРАД-ПАЛИЛУЛА,Потврда о изборном праву,0,0,0,0,0,0,0,0,0,0,0,0,0,1,0,0,0,0,0,0,0,0,0,0,0,0,0,0,0,0,0,0,1
БЕОГРАД-ПАЛИЛУЛА,Промена адресе боравишта интерно расељеног лица,0,0,0,2,0,0,0,0,0,0,0,0,0,0,0,0,0,0,0,0,0,0,0,0,0,0,0,0,0,0,0,0,2
БЕОГРАД-ПАЛИЛУЛА,Промена адресе пребивалишта,55,60,76,103,73,74,71,44,66,76,64,51,58,61,40,42,52,64,41,49,47,37,34,43,48,42,51,54,42,58,56,78,1810
БЕОГРАД-ПАЛИЛУЛА,Промена личних података,230,378,367,35,36,34,367,296,278,322,321,321,414,394,380,328,230,209,455,464,535,507,462,25,91,363,241,358,366,332,141,136,9416
БЕОГРАД-ПАЛИЛУЛА,Упис за гласање по месту боравишта у земљи,0,0,0,0,0,0,0,0,0,0,0,0,0,0,0,0,0,0,0,0,0,0,0,0,0,0,0,0,0,1,18,53,72
БЕОГРАД-ПАЛИЛУЛА,Упис за гласање по месту боравишта у иностранству,0,0,0,0,0,0,0,0,0,0,0,0,0,0,0,0,0,0,0,0,0,0,0,0,0,0,0,0,0,108,643,888,1639
БЕОГРАД-ПАЛИЛУЛА,Упис по основу последњег пребивалишта,0,0,0,0,0,0,0,0,0,0,0,0,0,0,0,0,0,0,0,0,0,0,0,0,0,0,0,0,0,0,5,6,11
БЕОГРАД-ПАЛИЛУЛА,Упис по основу пријаве пребивалишта,89,177,157,78,34,79,123,102,93,166,124,46,213,11,8,7,156,74,105,58,21,9,175,45,186,35,67,104,31,86,426,237,3322
БЕОГРАД-ПАЛИЛУЛА,Упис по основу пријема у држављанство,0,0,0,0,0,0,1,0,0,0,0,0,0,0,0,0,0,0,0,0,0,0,0,0,0,0,0,0,0,0,0,0,1
БЕОГРАД-ПАЛИЛУЛА,Упис по основу стицања пунолетства,15,12,6,43,69,52,15,25,111,45,18,83,27,27,31,0,7,149,52,38,46,40,54,48,46,46,45,35,52,31,38,226,1532
БЕОГРАД-РАКОВИЦА,Брисање боравишта интерно расељеног лица,1,0,1,0,1,0,0,2,3,3,1,1,0,2,0,1,2,2,1,1,0,3,1,2,1,3,0,0,0,3,3,4,42
БЕОГРАД-РАКОВИЦА,Брисање по основу губитка пословне способности,0,0,0,0,0,0,0,0,0,0,0,0,0,0,0,0,0,0,0,0,0,0,0,0,0,0,0,0,0,0,0,20,20
БЕОГРАД-РАКОВИЦА,Брисање по основу одјаве пребивалишта,42,58,63,38,30,39,27,54,40,37,24,33,36,44,31,35,38,39,47,29,17,24,55,50,38,34,22,40,12,85,80,82,1323
БЕОГРАД-РАКОВИЦА,Брисање по основу отпуста из држављанства,0,0,0,2,1,0,0,0,0,1,0,0,0,0,0,0,0,2,1,0,0,0,1,1,0,0,0,2,1,0,0,0,12
БЕОГРАД-РАКОВИЦА,Брисање по основу смрти лица,39,20,30,26,20,26,21,16,36,35,29,23,26,33,20,12,49,28,26,24,35,20,28,28,22,27,25,32,27,26,23,20,852
БЕОГРАД-РАКОВИЦА,Брисање по службеној дужности,0,1,24,17,11,1,26,20,0,0,0,31,0,2,0,0,0,38,0,4,16,9,1,0,0,24,6,0,6,12,4,1,254
БЕОГРАД-РАКОВИЦА,Потврда о изборном праву,0,0,0,0,0,0,0,0,0,0,0,0,0,0,0,0,0,0,0,0,0,0,0,0,0,0,0,0,0,2,0,0,2
БЕОГРАД-РАКОВИЦА,Промена адресе боравишта интерно расељеног лица,2,0,1,0,0,0,0,1,0,0,1,0,0,0,0,0,0,0,0,0,0,0,0,0,0,0,1,0,0,1,0,0,7
БЕОГРАД-РАКОВИЦА,Промена адресе пребивалишта,35,22,36,47,42,23,31,17,28,59,24,29,27,16,24,8,34,24,36,19,18,26,28,25,3,32,25,19,15,30,11,26,839
БЕОГРАД-РАКОВИЦА,Промена личних података,14,25,20,21,20,7,12,30,6,22,19,19,45,32,21,2,9,50,21,19,5,12,8,31,1,19,34,5,16,20,10,57,632
БЕОГРАД-РАКОВИЦА,Упис за гласање по месту боравишта у земљи,0,0,0,0,0,0,0,0,0,0,0,0,0,0,0,0,0,0,0,0,0,0,0,0,0,0,0,0,0,2,7,19,28
БЕОГРАД-РАКОВИЦА,Упис за гласање по месту боравишта у иностранству,0,0,0,0,0,0,0,0,0,0,0,0,0,0,0,0,0,0,0,0,0,0,0,0,0,0,0,0,0,39,83,460,582
БЕОГРАД-РАКОВИЦА,Упис по основу последњег пребивалишта,0,0,0,0,0,0,0,0,0,0,0,0,0,0,0,0,0,0,0,0,0,0,0,0,0,0,0,0,0,0,0,2,2
БЕОГРАД-РАКОВИЦА,Упис по основу пријаве боравишта интерно расељеног лица,1,1,2,0,2,0,1,0,0,2,0,5,5,0,4,0,0,1,0,1,0,1,1,0,2,0,2,0,0,0,0,1,32
БЕОГРАД-РАКОВИЦА,Упис по основу пријаве пребивалишта,53,83,77,45,41,50,36,32,59,73,67,58,30,65,67,29,78,49,64,38,19,58,45,94,0,92,42,39,16,59,34,214,1806
БЕОГРАД-РАКОВИЦА,Упис по основу пријема у држављанство,0,0,1,0,0,0,1,0,0,0,0,1,0,1,0,0,0,0,1,0,0,0,0,0,0,0,0,0,0,0,0,0,5
БЕОГРАД-РАКОВИЦА,Упис по основу стицања пунолетства,20,17,33,26,24,14,15,9,20,31,17,17,24,7,27,5,31,29,29,14,23,16,20,32,6,19,40,19,14,33,16,125,772
БЕОГРАД-САВСКИ ВЕНАЦ,Брисање по основу дуплог уписа,0,1,0,0,0,0,0,0,0,0,0,0,0,0,0,0,0,0,0,0,0,0,0,0,0,0,0,0,0,0,0,0,1
БЕОГРАД-САВСКИ ВЕНАЦ,Брисање по основу одјаве пребивалишта,25,31,22,23,29,11,13,28,23,29,25,25,22,21,19,19,22,20,19,19,7,15,31,18,18,21,17,21,4,39,59,72,767
БЕОГРАД-САВСКИ ВЕНАЦ,Брисање по основу отпуста из држављанства,0,0,0,0,0,0,0,0,0,0,0,0,0,1,0,0,0,0,0,0,0,0,0,0,0,0,1,0,0,0,0,0,2
БЕОГРАД-САВСКИ ВЕНАЦ,Брисање по основу смрти лица,9,13,7,7,12,10,9,8,11,7,3,10,9,11,7,8,7,11,10,1,13,7,12,8,8,11,7,8,6,14,9,13,286
БЕОГРАД-САВСКИ ВЕНАЦ,Потврда о изборном праву,0,0,0,0,0,0,0,0,0,0,0,0,0,0,0,0,0,0,0,0,0,0,0,0,0,0,0,0,2,3,0,0,5
БЕОГРАД-САВСКИ ВЕНАЦ,Потврда о изборном праву кандидата за одборнике,0,0,0,0,0,0,0,0,0,0,0,0,0,0,0,0,0,0,0,0,0,0,0,0,0,0,0,0,0,1,0,0,1
БЕОГРАД-САВСКИ ВЕНАЦ,Потврда о упису у бирачки списак,0,0,0,0,0,2,0,0,0,0,0,0,0,0,0,0,0,0,0,0,0,0,0,0,0,0,0,0,0,0,0,0,2
БЕОГРАД-САВСКИ ВЕНАЦ,Промена адресе пребивалишта,7,5,6,7,4,6,7,9,4,6,10,7,7,8,6,5,4,9,8,12,7,6,8,5,5,4,3,7,9,9,10,5,215
БЕОГРАД-САВСКИ ВЕНАЦ,Промена личних података,0,7,19,34,6,15,16,26,21,9,28,5,32,18,15,13,41,4,10,6,15,9,7,7,9,1,13,4,9,20,74,77,570
БЕОГРАД-САВСКИ ВЕНАЦ,Упис за гласање по месту боравишта у земљи,0,0,0,0,0,0,0,0,0,0,0,0,0,0,0,0,0,0,0,0,0,0,0,0,0,0,0,0,0,1,6,25,32
БЕОГРАД-САВСКИ ВЕНАЦ,Упис за гласање по месту боравишта у иностранству,0,0,0,0,0,0,0,0,0,0,0,0,0,0,0,0,0,0,0,0,0,0,0,0,0,0,0,0,0,70,453,559,1082
БЕОГРАД-САВСКИ ВЕНАЦ,Упис по основу последњег пребивалишта,0,0,0,0,0,0,0,0,0,0,0,0,0,0,0,0,0,0,0,0,0,0,0,0,0,0,0,0,0,0,1,1,2
БЕОГРАД-САВСКИ ВЕНАЦ,Упис по основу пријаве пребивалишта,11,32,103,63,33,39,38,46,32,39,36,41,32,15,34,31,27,26,28,25,15,28,29,38,33,33,35,29,23,50,209,30,1283
БЕОГРАД-САВСКИ ВЕНАЦ,Упис по основу пријема у држављанство,0,0,0,1,0,0,0,0,0,0,0,0,1,1,1,0,0,0,0,0,0,0,0,0,0,1,0,0,0,0,2,1,8
БЕОГРАД-САВСКИ ВЕНАЦ,Упис по основу стицања пунолетства,4,10,11,6,1,9,4,6,2,5,6,12,9,6,12,10,9,10,7,10,6,11,9,12,10,13,5,4,5,8,60,0,292
БЕОГРАД-СОПОТ,Брисање боравишта интерно расељеног лица,0,0,0,1,0,0,0,0,0,0,0,2,0,0,0,0,0,2,0,1,0,0,0,0,0,0,0,0,0,0,1,0,7
БЕОГРАД-СОПОТ,Брисање по основу губитка пословне способности,0,0,0,0,0,0,0,0,0,0,0,0,0,0,0,0,0,5,0,0,0,0,0,0,0,0,0,0,0,0,0,0,5
БЕОГРАД-СОПОТ,Брисање по основу одјаве пребивалишта,4,7,10,10,3,2,7,5,5,9,7,7,3,7,5,1,7,8,14,2,1,5,5,0,8,5,1,8,2,8,20,8,194
БЕОГРАД-СОПОТ,Брисање по основу отпуста из држављанства,0,0,0,0,0,0,0,0,0,0,0,0,0,0,0,0,0,0,0,0,0,0,0,0,0,0,0,0,0,1,0,0,1
БЕОГРАД-СОПОТ,Брисање по основу смрти лица,7,8,6,4,7,5,6,7,5,9,5,8,6,9,3,6,3,7,5,5,7,2,2,3,2,6,3,8,8,8,3,2,175
БЕОГРАД-СОПОТ,Исправка техничке грешке,0,0,0,0,0,0,0,0,0,0,0,1,0,0,0,0,0,0,0,0,0,0,0,0,0,0,0,0,0,0,0,0,1
БЕОГРАД-СОПОТ,Промена адресе боравишта интерно расељеног лица,0,0,0,0,0,0,0,0,0,0,0,0,0,1,1,0,0,0,0,0,0,0,0,0,0,0,0,1,0,0,0,0,3
БЕОГРАД-СОПОТ,Промена адресе пребивалишта,7,13,4,14,1,5,10,6,9,7,5,4,3,10,12,7,3,7,7,1,7,7,1,6,10,7,7,10,3,8,7,11,219
БЕОГРАД-СОПОТ,Промена личних података,74,35,3,41,49,105,123,25,66,28,5,11,5,12,11,8,18,61,7,2,21,53,65,48,6,11,43,6,34,8,14,35,1033
БЕОГРАД-СОПОТ,Упис за гласање по месту боравишта у земљи,0,0,0,0,0,0,0,0,0,0,0,0,0,0,0,0,0,0,0,0,0,0,0,0,0,0,0,0,0,0,8,5,13
БЕОГРАД-СОПОТ,Упис за гласање по месту боравишта у иностранству,0,0,0,0,0,0,0,0,0,0,0,0,0,0,0,0,0,0,0,0,0,0,0,0,0,0,0,0,0,0,25,56,81
БЕОГРАД-СОПОТ,Упис по основу пријаве боравишта интерно расељеног лица,0,0,0,1,0,0,0,0,0,0,0,2,0,1,0,0,0,0,0,0,0,1,0,1,0,0,0,0,0,0,0,0,6
БЕОГРАД-СОПОТ,Упис по основу пријаве пребивалишта,1,31,8,0,2,29,2,2,0,5,4,33,0,2,24,3,1,22,11,7,0,0,32,6,3,3,20,13,1,3,27,15,310
БЕОГРАД-СОПОТ,Упис по основу пријема у држављанство,0,0,0,0,0,0,0,0,0,0,0,1,0,0,0,0,0,0,0,0,0,0,0,0,0,0,0,0,0,0,0,0,1
БЕОГРАД-СОПОТ,Упис по основу стицања пунолетства,6,9,3,3,1,5,3,3,3,5,4,2,5,2,7,1,2,5,0,4,6,7,4,5,6,4,6,4,2,1,23,0,141
БЕОГРАД-СТАРИ ГРАД,Брисање боравишта интерно расељеног лица,0,0,0,0,0,0,0,0,0,0,0,0,0,0,0,0,0,0,0,0,0,0,1,0,0,58,0,0,0,0,0,0,59
БЕОГРАД-СТАРИ ГРАД,Брисање по основу одјаве пребивалишта,25,47,54,24,39,31,20,27,36,24,25,30,28,30,21,32,27,16,24,15,25,30,28,33,24,24,32,24,8,38,54,56,951
БЕОГРАД-СТАРИ ГРАД,Брисање по основу отпуста из држављанства,0,0,0,0,0,0,0,0,0,0,0,0,0,0,0,0,0,0,0,1,0,0,0,0,0,0,0,0,0,0,0,0,1
БЕОГРАД-СТАРИ ГРАД,Брисање по основу смрти лица,7,12,16,11,20,14,10,11,13,7,7,15,17,14,7,10,11,7,10,9,40,9,12,16,10,10,7,12,14,15,18,8,399
БЕОГРАД-СТАРИ ГРАД,Брисање по службеној дужности,0,0,0,0,0,0,0,0,0,0,0,0,0,0,0,0,0,0,0,0,0,0,0,0,0,0,0,0,0,0,1,34,35
БЕОГРАД-СТАРИ ГРАД,Исправка техничке грешке,0,0,0,0,0,0,0,0,0,0,0,0,0,0,0,0,0,0,0,0,0,0,0,0,0,0,0,0,0,0,1,1,2
БЕОГРАД-СТАРИ ГРАД,Потврда о изборном праву,0,0,0,0,0,0,0,0,0,0,0,0,0,0,0,0,0,0,0,1,0,0,0,0,0,0,0,0,0,2,5,9,17
БЕОГРАД-СТАРИ ГРАД,Потврда о изборном праву кандидата за одборнике,0,0,0,0,0,0,0,0,0,0,0,0,0,0,0,0,0,0,0,1,0,0,0,0,0,0,0,0,0,0,0,0,1
БЕОГРАД-СТАРИ ГРАД,Потврда о упису у бирачки списак,0,0,0,0,0,0,0,0,0,0,0,0,0,0,0,0,0,0,0,1,0,0,0,0,0,0,0,0,0,4,1,4,10
БЕОГРАД-СТАРИ ГРАД,Промена адресе боравишта интерно расељеног лица,0,0,0,0,0,0,0,0,0,0,1,0,0,0,0,0,0,0,0,0,0,0,0,0,0,0,0,0,0,0,0,0,1
БЕОГРАД-СТАРИ ГРАД,Промена адресе пребивалишта,3,3,18,1,15,8,16,10,3,7,6,0,18,9,13,8,7,7,0,3,19,9,9,12,7,4,3,6,10,5,8,1,248
БЕОГРАД-СТАРИ ГРАД,Промена гласања по месту боравишта у иностранству,0,0,0,0,0,0,0,0,0,0,0,0,0,0,0,0,0,0,0,0,0,0,0,0,0,0,0,0,0,0,9,3,12
БЕОГРАД-СТАРИ ГРАД,Промена личних података,12,15,19,0,18,9,30,19,12,19,28,8,21,25,14,19,14,6,2,10,22,11,14,14,17,7,14,15,12,17,36,29,508
БЕОГРАД-СТАРИ ГРАД,Упис за гласање по месту боравишта у земљи,0,0,0,0,0,0,0,0,0,0,0,0,0,0,0,0,0,0,0,0,0,0,0,0,0,0,0,0,0,1,12,23,36
БЕОГРАД-СТАРИ ГРАД,Упис за гласање по месту боравишта у иностранству,0,0,0,0,0,0,0,0,0,0,0,0,0,0,0,0,0,0,0,0,0,0,0,0,0,0,0,0,0,13,743,792,1548
БЕОГРАД-СТАРИ ГРАД,Упис по основу последњег пребивалишта,0,0,0,0,0,0,0,0,0,0,0,0,0,0,0,0,0,0,0,0,0,0,0,0,0,0,0,0,0,0,8,14,22
БЕОГРАД-СТАРИ ГРАД,Упис по основу пријаве пребивалишта,33,64,51,1,35,6,55,43,30,34,34,1,13,84,30,23,28,24,0,9,62,23,23,42,29,9,38,38,12,34,148,37,1093
БЕОГРАД-СТАРИ ГРАД,Упис по основу пријема у држављанство,0,0,0,0,0,0,0,0,2,0,0,0,0,0,0,0,0,0,0,0,0,0,0,0,0,0,0,0,0,0,0,0,2
БЕОГРАД-СТАРИ ГРАД,Упис по основу стицања пунолетства,11,5,8,0,15,4,8,8,14,4,3,0,8,13,7,8,7,9,0,10,8,11,5,8,12,4,13,8,3,9,13,37,273
БЕОГРАД-СУРЧИН,Брисање боравишта интерно расељеног лица,0,0,0,0,0,0,0,0,0,0,0,0,0,0,0,0,0,0,0,0,0,0,0,0,0,0,0,0,1,1,0,0,2
БЕОГРАД-СУРЧИН,Брисање по основу дуплог уписа,0,0,0,0,0,0,0,0,0,0,0,0,0,0,0,0,0,0,0,0,0,0,0,0,0,0,0,0,1,0,0,0,1
БЕОГРАД-СУРЧИН,Брисање по основу одјаве пребивалишта,9,19,11,13,4,14,8,10,8,10,10,18,8,9,12,5,8,11,13,6,4,9,6,7,7,4,5,4,3,13,22,30,320
БЕОГРАД-СУРЧИН,Брисање по основу смрти лица,14,11,15,6,13,12,8,10,15,16,6,11,8,12,7,11,10,13,11,14,18,4,13,7,8,13,9,9,13,14,16,5,352
БЕОГРАД-СУРЧИН,Брисање по службеној дужности,3,4,2,2,3,4,0,9,0,4,6,1,1,2,4,1,7,3,2,6,0,4,7,1,14,11,2,3,0,8,3,11,128
БЕОГРАД-СУРЧИН,Промена адресе боравишта интерно расељеног лица,0,0,0,0,0,0,1,0,0,0,0,0,0,0,0,0,0,0,0,0,0,0,0,0,0,0,0,0,2,0,0,0,3
БЕОГРАД-СУРЧИН,Промена адресе пребивалишта,7,9,12,11,14,19,11,12,8,20,10,9,19,19,4,16,10,11,9,11,20,11,6,5,9,16,8,6,7,12,10,11,362
БЕОГРАД-СУРЧИН,Промена гласања по месту боравишта у иностранству,0,0,0,0,0,0,0,0,0,0,0,0,0,0,0,0,0,0,0,0,0,0,0,0,0,0,0,0,0,0,0,2,2
БЕОГРАД-СУРЧИН,Промена личних података,5,6,1,4,5,3,2,2,1,9,4,4,6,11,9,12,6,9,4,5,3,4,5,4,5,4,4,3,8,158,21,29,356
БЕОГРАД-СУРЧИН,Упис за гласање по месту боравишта у земљи,0,0,0,0,0,0,0,0,0,0,0,0,0,0,0,0,0,0,0,0,0,0,0,0,0,0,0,0,0,0,8,56,64
БЕОГРАД-СУРЧИН,Упис за гласање по месту боравишта у иностранству,0,0,0,0,0,0,0,0,0,0,0,0,0,0,0,0,0,0,0,0,0,0,0,0,0,0,0,0,0,0,86,162,248
БЕОГРАД-СУРЧИН,Упис по основу пријаве боравишта интерно расељеног лица,1,0,0,0,0,0,0,1,0,0,0,0,0,0,0,0,1,1,0,0,0,0,0,0,0,0,0,0,0,0,1,0,5
БЕОГРАД-СУРЧИН,Упис по основу пријаве пребивалишта,19,44,25,20,19,19,19,19,29,26,30,27,26,24,29,16,18,38,31,21,18,27,32,28,26,37,27,35,14,41,107,67,958
БЕОГРАД-СУРЧИН,Упис по основу стицања пунолетства,4,19,11,5,7,11,9,14,10,9,5,13,7,7,5,11,11,10,10,8,13,13,13,14,11,14,11,10,13,12,74,0,384
БЕОГРАД-ЧУКАРИЦА,Брисање боравишта интерно расељеног лица,1,1,1,2,1,1,2,13,2,3,3,4,3,4,1,3,0,6,1,2,0,4,1,2,1,0,20,5,4,0,1,2,94
БЕОГРАД-ЧУКАРИЦА,Брисање по основу дуплог уписа,0,0,0,0,0,0,0,0,0,0,0,0,1,0,0,1,0,0,0,0,0,0,0,0,0,0,0,0,0,0,0,0,2
БЕОГРАД-ЧУКАРИЦА,Брисање по основу одјаве пребивалишта,65,86,84,39,49,40,43,66,51,51,49,61,52,47,51,33,52,55,52,38,26,43,49,50,33,64,34,40,13,66,139,179,1800
БЕОГРАД-ЧУКАРИЦА,Брисање по основу отпуста из држављанства,0,0,0,1,0,0,0,0,0,0,0,0,0,0,0,0,0,0,0,0,0,0,0,0,0,0,0,0,0,0,0,0,1
БЕОГРАД-ЧУКАРИЦА,Брисање по основу смрти лица,36,41,39,41,28,40,34,30,49,37,40,45,49,52,39,39,32,48,44,44,76,29,32,36,39,46,49,44,37,45,28,45,1313
БЕОГРАД-ЧУКАРИЦА,Брисање по службеној дужности,8,15,2,1,4,15,1,14,15,8,5,12,12,21,7,12,11,11,9,6,7,10,6,25,10,8,2,8,4,7,8,32,316
БЕОГРАД-ЧУКАРИЦА,Исправка техничке грешке,0,0,0,0,0,0,0,0,0,0,0,0,0,0,0,0,1,0,1,1,0,1,0,0,0,0,0,0,0,0,0,0,4
БЕОГРАД-ЧУКАРИЦА,Потврда о изборном праву,0,0,0,0,0,0,0,0,0,0,0,0,0,0,0,0,0,0,0,0,0,0,0,0,0,0,0,0,1,2,0,2,5
БЕОГРАД-ЧУКАРИЦА,Потврда о упису у бирачки списак,0,0,0,0,0,0,0,0,0,0,0,0,0,0,0,0,0,0,0,0,0,0,0,1,0,0,0,0,1,0,0,0,2
БЕОГРАД-ЧУКАРИЦА,Промена адресе боравишта интерно расељеног лица,0,1,1,0,1,0,0,2,4,0,0,1,1,1,0,0,0,2,0,3,1,1,3,0,2,2,0,1,1,1,2,0,31
БЕОГРАД-ЧУКАРИЦА,Промена адресе пребивалишта,38,43,34,55,48,49,41,49,52,240,121,43,49,47,32,37,34,45,35,24,41,40,42,35,28,48,51,29,33,24,53,55,1595
БЕОГРАД-ЧУКАРИЦА,Промена гласања по месту боравишта у иностранству,0,0,0,0,0,0,0,0,0,0,0,0,0,0,0,0,0,0,0,0,0,0,0,0,0,0,0,0,0,0,12,10,22
БЕОГРАД-ЧУКАРИЦА,Промена личних података,13,22,17,10,13,26,22,20,13,30,30,32,36,34,30,24,27,21,16,25,19,18,17,25,26,21,16,19,32,711,53,55,1473
БЕОГРАД-ЧУКАРИЦА,Упис за гласање по месту боравишта у земљи,0,0,0,0,0,0,0,0,0,0,0,0,0,0,0,0,0,0,0,0,0,0,0,0,0,0,0,0,0,2,24,39,65
БЕОГРАД-ЧУКАРИЦА,Упис за гласање по месту боравишта у иностранству,0,0,0,0,0,0,0,0,0,0,0,0,0,0,0,0,0,0,0,0,0,0,0,0,0,0,0,0,0,36,756,974,1766
БЕОГРАД-ЧУКАРИЦА,Упис по основу последњег пребивалишта,0,0,0,0,0,0,0,0,0,0,0,0,0,0,0,0,0,0,0,0,0,0,0,0,0,0,0,0,0,0,10,15,25
БЕОГРАД-ЧУКАРИЦА,Упис по основу пријаве боравишта интерно расељеног лица,0,3,1,3,0,0,1,5,1,2,1,1,0,1,0,0,0,1,1,2,0,3,0,2,0,0,1,1,1,1,0,1,33
БЕОГРАД-ЧУКАРИЦА,Упис по основу пријаве пребивалишта,42,54,85,57,46,68,69,63,73,70,109,67,48,68,52,66,56,79,55,41,44,59,82,75,61,83,50,54,35,382,36,38,2267
БЕОГРАД-ЧУКАРИЦА,Упис по основу пријема у држављанство,0,0,0,0,0,0,1,0,0,0,0,0,0,1,0,0,0,0,0,0,0,0,0,0,0,0,0,0,0,0,1,1,4
БЕОГРАД-ЧУКАРИЦА,Упис по основу стицања пунолетства,31,38,45,36,26,36,45,25,23,39,23,39,37,34,29,28,46,29,41,48,44,52,38,42,41,55,51,49,40,53,229,1,1393
БЕОЧИН,Брисање боравишта интерно расељеног лица,0,0,0,0,0,0,0,0,0,0,0,0,0,0,7,0,0,0,0,0,0,0,0,0,0,0,0,0,0,0,0,0,7
БЕОЧИН,Брисање по основу губитка пословне способности,0,0,0,0,0,0,1,0,0,0,0,0,0,0,0,0,0,0,0,0,0,0,0,0,0,0,0,0,0,0,0,0,1
БЕОЧИН,Брисање по основу одјаве пребивалишта,3,4,7,6,2,4,4,6,11,3,8,6,0,3,3,6,4,4,8,5,3,2,1,2,5,4,0,4,3,6,23,3,153
БЕОЧИН,Брисање по основу отпуста из држављанства,0,0,0,0,0,0,0,1,0,0,0,0,0,0,0,0,0,0,0,0,0,0,0,0,0,0,0,0,0,0,0,0,1
БЕОЧИН,Брисање по основу смрти лица,1,3,6,4,4,2,4,3,3,3,3,4,6,0,1,7,5,2,0,8,3,3,4,1,3,4,4,4,2,5,2,3,107
БЕОЧИН,Брисање по службеној дужности,0,0,1,0,0,1,0,0,0,7,0,0,0,1,0,0,0,0,0,0,0,0,0,4,0,0,0,0,0,0,2,0,16
БЕОЧИН,Исправка техничке грешке,0,0,0,0,0,0,0,0,0,0,0,0,0,0,0,0,0,0,0,0,0,0,0,0,0,0,0,0,0,0,1,0,1
БЕОЧИН,Потврда о изборном праву,0,0,0,0,0,0,0,0,0,0,0,0,0,0,0,0,0,0,0,0,0,0,0,0,0,0,0,0,1,0,0,0,1
БЕОЧИН,Промена адресе пребивалишта,5,11,4,4,9,6,6,0,5,16,12,7,3,6,6,4,7,7,2,0,0,3,20,7,2,8,5,3,0,0,5,9,182
БЕОЧИН,Промена личних података,2,2,1,4,3,0,1,1,0,4,2,3,3,2,4,0,1,1,1,0,0,0,5,0,1,5,1,4,1,0,4,11,67
БЕОЧИН,Упис за гласање по месту боравишта у земљи,0,0,0,0,0,0,0,0,0,0,0,0,0,0,0,0,0,0,0,0,0,0,0,0,0,0,0,0,0,0,0,1,1
БЕОЧИН,Упис за гласање по месту боравишта у иностранству,0,0,0,0,0,0,0,0,0,0,0,0,0,0,0,0,0,0,0,0,0,0,0,0,0,0,0,0,0,5,28,31,64
БЕОЧИН,Упис по основу пријаве боравишта интерно расељеног лица,0,0,0,0,0,0,0,0,0,0,1,0,0,0,0,0,0,0,0,0,0,0,0,0,0,0,0,0,0,0,0,0,1
БЕОЧИН,Упис по основу пријаве пребивалишта,8,7,6,4,5,9,6,7,10,2,11,7,1,5,2,5,7,1,2,0,6,6,4,6,5,7,4,4,3,0,33,3,186
БЕОЧИН,Упис по основу пријема у држављанство,0,1,0,1,0,0,0,0,0,0,0,0,0,3,0,0,0,0,0,0,0,1,0,0,0,0,0,0,0,0,1,1,8
БЕОЧИН,Упис по основу стицања пунолетства,3,6,1,5,3,4,1,1,6,2,1,2,4,2,7,3,2,4,3,0,0,0,16,0,5,4,0,7,3,0,5,26,126
БЕЧЕЈ,Брисање боравишта интерно расељеног лица,0,0,1,0,0,0,0,0,0,0,0,0,0,0,0,0,0,0,0,0,0,0,0,0,0,0,0,0,0,0,0,0,1
БЕЧЕЈ,Брисање по основу губитка пословне способности,0,0,0,0,0,0,0,0,0,0,0,0,0,0,0,0,0,0,0,0,0,0,0,0,0,0,1,0,0,0,3,0,4
БЕЧЕЈ,Брисање по основу дуплог уписа,0,0,0,0,1,4,1,0,0,0,2,0,1,0,0,0,0,0,0,1,0,2,0,1,0,1,0,0,0,0,1,0,15
БЕЧЕЈ,Брисање по основу одјаве пребивалишта,6,7,9,3,4,10,4,4,21,7,11,6,12,3,7,7,4,7,3,2,4,4,4,5,9,3,8,11,5,7,16,11,224
БЕЧЕЈ,Брисање по основу отпуста из држављанства,0,0,0,1,0,0,0,0,0,0,0,1,0,0,0,0,0,0,0,0,0,0,0,0,0,0,0,0,0,0,0,0,2
БЕЧЕЈ,Брисање по основу смрти лица,15,13,14,9,9,8,12,10,14,4,10,10,10,9,10,16,6,8,10,10,10,10,5,7,9,13,10,8,15,6,11,11,322
БЕЧЕЈ,Брисање по службеној дужности,4,3,1,55,5,12,3,0,0,1,0,0,0,1,0,0,0,0,7,32,11,0,0,0,0,0,0,1,1,0,2,1,140
БЕЧЕЈ,Исправка техничке грешке,0,0,0,0,0,1,0,0,1,0,0,0,0,0,0,0,0,0,0,0,1,0,0,0,1,1,0,0,0,0,0,0,5
БЕЧЕЈ,Промена адресе боравишта интерно расељеног лица,0,0,0,0,0,0,0,0,0,0,0,0,0,0,0,0,0,0,0,0,0,1,0,0,0,0,0,0,0,0,0,0,1
БЕЧЕЈ,Промена адресе пребивалишта,6,14,19,16,23,22,8,9,6,13,30,14,22,23,9,16,14,12,22,14,18,20,21,27,26,27,23,21,10,19,23,11,558
БЕЧЕЈ,Промена личних података,11,35,44,18,51,27,6,16,12,3,32,7,35,30,25,74,22,26,42,16,35,20,25,38,38,51,44,50,51,164,11,24,1083
БЕЧЕЈ,Упис за гласање по месту боравишта у земљи,0,0,0,0,0,0,0,0,0,0,0,0,0,0,0,0,0,0,0,0,0,0,0,0,0,0,0,0,0,0,2,1,3
БЕЧЕЈ,Упис за гласање по месту боравишта у иностранству,0,0,0,0,0,0,0,0,0,0,0,0,0,0,0,0,0,0,0,0,0,0,0,0,0,0,0,0,0,3,38,75,116
БЕЧЕЈ,Упис по основу пријаве боравишта интерно расељеног лица,0,0,0,0,0,0,0,0,0,0,0,0,0,0,0,0,0,0,0,0,0,1,0,0,0,0,0,0,0,0,0,0,1
БЕЧЕЈ,Упис по основу пријаве пребивалишта,13,6,8,18,5,5,3,5,17,20,9,10,3,7,5,5,4,10,9,4,7,11,7,11,4,4,6,8,9,5,31,1,270
БЕЧЕЈ,Упис по основу стицања пунолетства,5,10,3,5,4,6,2,5,6,6,4,9,14,7,6,4,5,6,6,8,5,7,7,6,9,8,7,6,10,6,41,0,233
БЛАЦЕ,Брисање боравишта интерно расељеног лица,0,0,0,0,0,0,0,0,0,1,0,0,0,0,0,0,0,0,1,0,0,0,0,0,0,0,0,0,0,13,2,0,17
БЛАЦЕ,Брисање по основу губитка пословне способности,0,0,0,0,0,0,0,0,0,0,0,0,0,0,0,0,0,0,0,0,0,0,0,0,0,0,0,0,0,0,2,0,2
БЛАЦЕ,Брисање по основу одјаве пребивалишта,3,5,3,2,0,8,4,1,3,2,2,5,2,2,2,2,4,0,3,1,2,0,3,3,1,1,1,4,1,5,7,3,85
БЛАЦЕ,Брисање по основу отпуста из држављанства,0,0,0,0,0,0,0,0,0,0,0,0,0,0,0,0,0,0,0,0,0,0,0,0,0,0,0,0,0,1,0,0,1
БЛАЦЕ,Брисање по основу смрти лица,4,8,3,8,6,4,3,2,3,5,1,3,3,1,3,3,2,3,1,1,4,1,3,5,3,2,6,5,4,3,3,5,111
БЛАЦЕ,Брисање по службеној дужности,0,0,0,0,0,0,0,0,0,0,0,0,0,0,0,0,0,0,0,0,0,0,0,0,0,0,0,0,0,0,1,1,2
БЛАЦЕ,Исправка техничке грешке,0,0,0,0,0,1,0,0,0,1,0,0,0,0,0,0,0,0,0,0,0,0,0,0,0,0,0,0,0,0,0,0,2
БЛАЦЕ,Потврда о изборном праву,0,0,0,0,0,0,0,0,0,0,0,0,0,0,0,0,0,0,0,0,0,0,0,0,0,0,0,0,0,1,0,0,1
БЛАЦЕ,Промена адресе боравишта интерно расељеног лица,0,0,0,0,2,0,1,0,0,0,0,0,0,0,0,0,0,0,0,0,0,0,0,0,0,0,0,0,0,0,0,0,3
БЛАЦЕ,Промена адресе пребивалишта,3,5,1,13,5,5,7,4,4,6,5,3,2,3,6,6,4,0,17,2,2,4,5,4,6,6,8,2,7,8,6,8,167
БЛАЦЕ,Промена личних података,0,1,0,1,1,1,1,0,0,0,1,0,0,0,1,3,2,0,1,0,0,1,1,1,2,0,1,0,1,4,4,2,30
БЛАЦЕ,Упис за гласање по месту боравишта у земљи,0,0,0,0,0,0,0,0,0,0,0,0,0,0,0,0,0,0,0,0,0,0,0,0,0,0,0,0,0,0,3,17,20
БЛАЦЕ,Упис за гласање по месту боравишта у иностранству,0,0,0,0,0,0,0,0,0,0,0,0,0,0,0,0,0,0,0,0,0,0,0,0,0,0,0,0,0,0,6,12,18
БЛАЦЕ,Упис по основу пријаве пребивалишта,0,14,0,1,0,3,0,5,0,2,2,1,4,0,10,1,0,0,5,2,0,0,2,0,0,1,0,0,1,10,4,3,71
БЛАЦЕ,Упис по основу стицања пунолетства,0,0,4,3,2,1,2,1,1,2,0,0,2,1,3,2,0,0,3,0,1,2,1,1,4,2,2,1,6,1,14,0,62
БОЈНИК,Брисање боравишта интерно расељеног лица,0,0,0,0,0,0,0,0,0,0,0,0,0,0,0,0,0,0,0,2,0,0,0,0,0,0,0,0,0,2,0,0,4
БОЈНИК,Брисање по основу губитка пословне способности,0,0,0,0,0,0,0,0,0,0,0,0,0,0,0,0,0,0,0,0,0,0,0,1,0,0,0,0,0,0,0,0,1
БОЈНИК,Брисање по основу дуплог уписа,0,0,0,0,1,0,0,0,0,0,0,0,0,0,0,0,0,0,0,0,0,0,0,0,0,0,0,0,0,0,0,0,1
БОЈНИК,Брисање по основу одјаве пребивалишта,5,7,5,5,2,3,7,3,3,1,3,2,1,1,2,2,4,2,2,2,0,2,8,3,3,3,0,2,0,8,7,6,104
БОЈНИК,Брисање по основу смрти лица,4,2,4,1,5,3,1,4,0,3,5,6,7,4,5,1,3,0,3,2,2,3,5,1,5,4,3,1,3,1,4,2,97
БОЈНИК,Исправка техничке грешке,0,0,1,0,0,0,0,0,0,0,0,0,0,0,0,0,0,0,0,0,0,0,0,0,0,0,0,0,0,0,0,0,1
БОЈНИК,Промена адресе боравишта интерно расељеног лица,0,0,0,0,0,0,0,0,0,0,0,0,0,0,0,0,0,0,0,0,0,0,0,0,0,0,0,0,0,0,1,0,1
БОЈНИК,Промена адресе пребивалишта,6,1,15,15,9,9,7,9,0,22,11,16,14,6,12,6,10,0,19,2,10,12,10,14,20,8,9,6,8,5,7,8,306
БОЈНИК,Промена гласања по месту боравишта у земљи,0,0,0,0,0,0,0,0,0,0,0,0,0,0,0,0,0,0,0,0,0,0,0,0,0,0,0,0,0,0,0,1,1
БОЈНИК,Промена личних података,1,1,1,2,0,2,1,0,0,0,0,0,1,0,0,0,0,0,0,0,0,1,0,0,0,1,2,1,0,0,2,3,19
БОЈНИК,Упис за гласање по месту боравишта у земљи,0,0,0,0,0,0,0,0,0,0,0,0,0,0,0,0,0,0,0,0,0,0,0,0,0,0,0,0,0,0,1,4,5
БОЈНИК,Упис за гласање по месту боравишта у иностранству,0,0,0,0,0,0,0,0,0,0,0,0,0,0,0,0,0,0,0,0,0,0,0,0,0,0,0,0,0,0,6,10,16
БОЈНИК,Упис по основу последњег пребивалишта,0,0,0,0,0,0,0,0,0,0,0,0,0,0,0,0,0,0,0,0,0,0,0,5,0,0,0,0,0,0,0,1,6
БОЈНИК,Упис по основу пријаве пребивалишта,1,1,1,0,0,0,4,2,0,7,1,3,2,0,2,1,0,0,0,2,0,0,3,0,5,0,4,2,2,3,3,16,65
БОЈНИК,Упис по основу пријема у држављанство,0,0,0,0,0,0,1,0,0,1,1,0,0,0,0,0,0,0,0,0,0,0,0,0,0,0,0,0,0,0,0,0,3
БОЈНИК,Упис по основу стицања пунолетства,3,1,3,3,4,1,2,1,0,6,3,4,0,2,5,0,0,0,8,1,1,3,2,2,3,6,3,0,4,2,21,0,94
БОЉЕВАЦ,Брисање боравишта интерно расељеног лица,0,0,0,0,0,0,0,0,0,0,0,0,6,1,0,0,0,0,0,0,0,0,0,0,0,0,0,0,0,0,0,0,7
БОЉЕВАЦ,Брисање по основу одјаве пребивалишта,2,2,3,1,0,1,0,2,9,4,3,3,0,7,2,0,5,2,3,1,0,1,3,0,1,2,2,0,2,8,9,2,80
БОЉЕВАЦ,Брисање по основу отпуста из држављанства,0,0,0,0,0,0,0,0,0,0,0,0,0,0,0,0,0,0,0,0,0,0,0,0,0,0,0,1,0,0,0,0,1
БОЉЕВАЦ,Брисање по основу смрти лица,4,7,5,5,3,3,3,6,6,1,1,2,4,9,1,0,4,4,1,3,2,2,6,2,1,5,5,6,5,2,4,1,113
БОЉЕВАЦ,Брисање по службеној дужности,0,0,8,2,0,0,0,1,1,0,0,0,1,0,0,0,0,0,0,0,0,3,0,0,0,0,0,0,0,0,1,0,17
БОЉЕВАЦ,Потврда о изборном праву,0,0,0,0,0,0,0,0,0,0,0,0,0,0,0,0,0,0,0,0,0,0,0,0,0,0,0,0,0,0,0,1,1
БОЉЕВАЦ,Промена адресе пребивалишта,1,0,0,4,2,5,2,0,3,2,1,1,2,5,5,0,5,0,2,2,0,1,4,3,1,1,0,1,4,0,23,49,129
БОЉЕВАЦ,Промена личних података,1,1,0,0,1,0,0,1,1,0,1,1,0,1,1,1,2,0,2,1,1,1,2,0,2,4,1,0,4,0,182,393,605
БОЉЕВАЦ,Упис за гласање по месту боравишта у земљи,0,0,0,0,0,0,0,0,0,0,0,0,0,0,0,0,0,0,0,0,0,0,0,0,0,0,0,0,0,0,3,5,8
БОЉЕВАЦ,Упис за гласање по месту боравишта у иностранству,0,0,0,0,0,0,0,0,0,0,0,0,0,0,0,0,0,0,0,0,0,0,0,0,0,0,0,0,0,0,10,24,34
БОЉЕВАЦ,Упис по основу пријаве пребивалишта,3,2,4,0,0,1,2,1,3,1,4,1,1,1,0,2,1,0,1,1,2,0,3,3,1,2,3,3,1,1,13,2,63
БОЉЕВАЦ,Упис по основу пријема у држављанство,0,0,0,0,0,0,0,0,0,0,0,0,0,0,0,0,0,0,0,0,0,0,0,0,0,0,0,1,0,0,0,0,1
БОЉЕВАЦ,Упис по основу стицања пунолетства,1,3,4,2,3,3,4,0,1,1,1,3,2,1,1,4,2,3,4,3,1,1,2,3,0,3,3,1,1,2,15,0,78
БОГАТИЋ,Брисање по основу одјаве пребивалишта,2,6,8,3,4,15,4,10,7,5,2,6,4,4,6,9,3,2,3,4,1,4,3,7,7,5,9,4,1,7,17,7,179
БОГАТИЋ,Брисање по основу отпуста из држављанства,0,0,0,0,0,0,0,0,0,0,0,0,0,0,1,0,0,0,0,0,0,0,0,0,0,0,0,0,0,0,0,0,1
БОГАТИЋ,Брисање по основу смрти лица,9,4,9,13,2,6,6,2,11,2,3,7,8,3,5,10,7,4,6,3,9,7,5,8,5,13,8,7,8,10,6,4,210
БОГАТИЋ,Брисање по службеној дужности,0,0,0,8,0,0,0,0,0,0,0,0,0,0,1,0,0,0,0,0,0,2,0,0,0,0,0,0,0,0,0,0,11
БОГАТИЋ,Потврда о изборном праву,0,0,0,0,0,0,0,0,0,0,0,0,0,0,0,0,0,0,0,0,0,0,0,0,0,0,0,0,0,1,3,2,6
БОГАТИЋ,Промена адресе пребивалишта,1,2,0,7,2,4,3,0,10,10,10,8,0,10,7,0,11,5,3,4,4,7,4,5,10,5,4,0,0,2,34,9,181
БОГАТИЋ,Промена гласања по месту боравишта у иностранству,0,0,0,0,0,0,0,0,0,0,0,0,0,0,0,0,0,0,0,0,0,0,0,0,0,0,0,0,0,0,0,1,1
БОГАТИЋ,Промена личних података,2,1,2,3,1,3,2,1,4,1,1,1,0,6,7,1,7,3,1,1,2,4,5,4,5,3,2,0,0,133,8,85,299
БОГАТИЋ,Упис за гласање по месту боравишта у земљи,0,0,0,0,0,0,0,0,0,0,0,0,0,0,0,0,0,0,0,0,0,0,0,0,0,0,0,0,0,0,2,4,6
БОГАТИЋ,Упис за гласање по месту боравишта у иностранству,0,0,0,0,0,0,0,0,0,0,0,0,0,0,0,0,0,0,0,0,0,0,0,0,0,0,0,0,0,0,60,183,243
БОГАТИЋ,Упис по основу пријаве пребивалишта,5,3,6,5,2,10,3,2,4,3,7,11,0,13,7,0,8,4,3,10,2,7,1,6,16,4,4,0,0,6,39,6,197
БОГАТИЋ,Упис по основу пријема у држављанство,0,0,0,0,0,0,0,0,0,0,0,0,0,0,0,0,0,0,0,0,0,0,0,1,0,0,0,0,0,0,0,0,1
БОГАТИЋ,Упис по основу стицања пунолетства,4,2,0,7,8,6,5,2,4,9,1,5,0,12,1,0,5,7,6,5,6,5,3,9,9,6,11,0,0,0,29,22,189
БОР - ГРАД,Брисање боравишта интерно расељеног лица,0,0,0,0,0,0,0,0,0,0,0,2,0,0,0,0,0,0,0,0,0,0,0,0,0,0,0,26,51,25,16,1,121
БОР - ГРАД,Брисање по основу губитка пословне способности,0,0,1,0,0,0,0,0,0,0,0,0,0,0,0,0,0,0,0,0,0,0,0,0,2,0,0,0,0,0,2,0,5
БОР - ГРАД,Брисање по основу одјаве пребивалишта,20,26,12,15,14,7,14,14,10,12,11,9,7,10,10,4,6,13,13,6,8,9,8,6,8,4,9,15,8,20,28,15,371
БОР - ГРАД,Брисање по основу отпуста из држављанства,0,1,0,0,0,0,0,0,0,0,0,0,0,0,0,0,0,1,0,0,0,0,0,0,0,0,0,0,0,0,0,1,3
БОР - ГРАД,Брисање по основу смрти лица,10,13,16,13,0,0,39,12,20,19,16,14,14,16,13,11,11,11,14,14,19,13,14,12,15,11,12,20,7,12,8,18,437
БОР - ГРАД,Брисање по службеној дужности,2,2,1,3,0,0,17,0,10,3,5,6,5,8,1,4,3,0,5,2,0,1,0,3,2,0,2,4,24,13,1,6,133
БОР - ГРАД,Исправка техничке грешке,0,0,0,0,0,0,0,0,0,0,0,0,0,0,0,1,0,0,1,0,0,0,0,0,0,0,0,0,0,7,3,0,12
БОР - ГРАД,Промена адресе боравишта интерно расељеног лица,1,0,0,0,0,0,0,0,1,0,0,1,0,1,0,0,0,0,1,0,1,0,0,1,1,0,0,0,0,0,0,0,8
БОР - ГРАД,Промена адресе пребивалишта,21,20,19,17,0,0,57,13,11,24,14,15,14,18,11,20,16,11,6,14,15,17,15,13,17,12,10,19,18,96,82,23,658
БОР - ГРАД,Промена личних података,1,4,2,2,0,0,9,1,3,3,5,2,8,6,11,1,9,6,6,4,2,4,3,1,2,9,6,2,5,9,14,7,147
БОР - ГРАД,Упис за гласање по месту боравишта у земљи,0,0,0,0,0,0,0,0,0,0,0,0,0,0,0,0,0,0,0,0,0,0,0,0,0,0,0,0,0,0,2,5,7
БОР - ГРАД,Упис за гласање по месту боравишта у иностранству,0,0,0,0,0,0,0,0,0,0,0,0,0,0,0,0,0,0,0,0,0,0,0,0,0,0,0,0,0,2,60,109,171
БОР - ГРАД,Упис по основу последњег пребивалишта,0,0,0,0,0,0,0,0,0,0,0,0,0,0,0,0,0,0,0,0,0,0,0,0,0,0,0,0,0,0,1,0,1
БОР - ГРАД,Упис по основу пријаве боравишта интерно расељеног лица,0,0,0,0,0,0,1,0,0,0,0,1,0,0,0,0,0,0,0,0,0,0,0,0,0,0,0,0,0,1,0,0,3
БОР - ГРАД,Упис по основу пријаве пребивалишта,11,20,11,9,1,1,16,8,13,8,10,8,6,8,14,4,5,9,11,3,6,9,9,4,7,3,8,7,7,20,31,8,295
БОР - ГРАД,Упис по основу пријема у држављанство,0,0,1,0,0,0,0,0,0,0,0,0,0,0,0,0,0,2,0,0,0,0,0,0,0,1,0,0,0,0,0,0,4
БОР - ГРАД,Упис по основу стицања пунолетства,11,14,37,0,0,0,3,5,10,12,10,13,7,5,9,6,10,10,6,11,9,8,13,6,4,11,5,6,7,11,33,29,321
БОСИЛЕГРАД,Брисање по основу губитка пословне способности,0,0,0,0,0,0,0,0,0,0,0,0,0,0,0,0,0,0,0,0,0,0,0,0,0,1,0,0,0,0,0,0,1
БОСИЛЕГРАД,Брисање по основу одјаве пребивалишта,1,2,2,1,1,0,1,0,1,2,0,3,1,1,0,4,1,0,2,0,1,0,1,1,1,1,0,2,0,3,6,2,41
БОСИЛЕГРАД,Брисање по основу смрти лица,3,1,3,8,1,1,3,2,2,3,1,1,2,4,3,2,5,2,0,5,1,4,4,2,2,2,5,3,2,2,5,5,89
БОСИЛЕГРАД,Брисање по службеној дужности,0,0,0,0,0,0,0,0,1,0,0,0,0,0,0,0,0,0,0,0,0,0,0,0,0,2,0,0,0,0,0,0,3
БОСИЛЕГРАД,Исправка техничке грешке,0,0,0,0,0,0,0,0,0,0,0,0,0,0,0,0,0,0,0,0,0,0,0,0,0,0,0,1,0,0,0,0,1
БОСИЛЕГРАД,Промена адресе пребивалишта,14,32,20,32,27,20,20,23,25,17,21,24,13,12,15,8,13,9,15,12,16,16,9,16,12,18,13,20,17,13,10,22,554
БОСИЛЕГРАД,Промена личних података,0,0,0,0,0,4,0,0,1,0,0,0,0,0,1,0,0,0,0,0,1,0,1,1,0,3,0,2,1,7,1,1,24
БОСИЛЕГРАД,Упис за гласање по месту боравишта у земљи,0,0,0,0,0,0,0,0,0,0,0,0,0,0,0,0,0,0,0,0,0,0,0,0,0,0,0,0,0,0,1,0,1
БОСИЛЕГРАД,Упис за гласање по месту боравишта у иностранству,0,0,0,0,0,0,0,0,0,0,0,0,0,0,0,0,0,0,0,0,0,0,0,0,0,0,0,0,0,0,8,24,32
БОСИЛЕГРАД,Упис по основу пријаве пребивалишта,0,0,0,0,1,0,0,0,0,1,0,0,1,0,4,2,0,1,0,1,0,1,0,0,1,1,1,1,0,1,0,5,22
БОСИЛЕГРАД,Упис по основу пријема у држављанство,0,0,0,0,0,0,0,0,0,0,0,0,0,0,0,0,0,0,0,0,0,0,1,0,0,0,0,0,0,0,0,0,1
БОСИЛЕГРАД,Упис по основу стицања пунолетства,2,0,1,0,2,0,1,1,1,0,1,2,0,1,1,0,2,3,1,0,2,2,1,1,1,1,0,0,0,0,8,0,35
БРУС,Брисање по основу одјаве пребивалишта,1,7,8,0,1,4,7,6,8,4,1,2,3,1,0,2,6,8,4,3,1,6,4,2,5,3,0,3,2,4,11,8,125
БРУС,Брисање по основу смрти лица,7,4,3,6,1,3,2,2,4,2,0,4,4,2,3,6,3,3,2,6,3,3,5,2,2,6,4,3,3,4,3,4,109
БРУС,Брисање по службеној дужности,0,0,1,0,0,0,0,0,0,0,4,0,0,0,0,0,0,0,0,0,0,0,0,3,0,0,0,0,0,0,0,2,10
БРУС,Промена адресе пребивалишта,23,45,24,27,43,25,29,28,38,31,11,34,28,20,27,21,9,20,17,14,24,21,25,24,34,23,30,32,4,42,33,145,951
БРУС,Промена личних података,0,3,1,0,0,0,2,0,1,4,0,1,0,1,2,0,1,1,1,0,0,0,2,2,2,1,1,1,5,71,2,6,111
БРУС,Упис за гласање по месту боравишта у земљи,0,0,0,0,0,0,0,0,0,0,0,0,0,0,0,0,0,0,0,0,0,0,0,0,0,0,0,0,0,0,3,3,6
БРУС,Упис за гласање по месту боравишта у иностранству,0,0,0,0,0,0,0,0,0,0,0,0,0,0,0,0,0,0,0,0,0,0,0,0,0,0,0,0,0,0,14,18,32
БРУС,Упис по основу пријаве пребивалишта,1,2,1,5,1,3,3,1,0,3,0,0,0,2,0,4,2,2,1,1,1,2,3,1,1,1,0,1,3,16,0,0,61
БРУС,Упис по основу пријема у држављанство,0,0,0,0,0,0,1,0,0,0,0,0,0,0,0,0,0,0,0,0,0,0,0,0,0,0,0,0,0,0,0,0,1
БРУС,Упис по основу стицања пунолетства,1,2,2,1,1,2,2,3,3,3,1,3,2,1,1,3,1,4,4,1,1,1,3,2,4,1,1,2,3,0,18,0,77
БУЈАНОВАЦ,Брисање боравишта интерно расељеног лица,0,0,0,0,0,0,0,0,2,0,0,0,0,0,0,0,0,0,0,0,0,0,2,0,0,0,0,0,0,2,6,0,12
БУЈАНОВАЦ,Брисање по основу губитка пословне способности,0,0,0,0,0,0,0,0,0,0,0,0,0,0,0,0,0,0,0,0,3,0,0,0,0,0,0,0,0,0,0,0,3
БУЈАНОВАЦ,Брисање по основу дуплог уписа,0,0,0,0,0,0,0,0,0,0,0,0,0,0,0,0,0,0,0,0,0,0,0,0,0,0,0,0,0,1,0,2,3
БУЈАНОВАЦ,Брисање по основу одјаве пребивалишта,3,9,5,7,3,1,7,4,2,4,6,6,7,4,4,7,2,8,4,4,3,2,4,5,5,1,5,6,4,7,22,2,163
БУЈАНОВАЦ,Брисање по основу отпуста из држављанства,0,0,3,2,0,0,0,0,0,0,0,0,0,0,0,0,0,0,0,0,0,0,0,0,0,0,0,0,0,0,0,0,5
БУЈАНОВАЦ,Брисање по основу смрти лица,5,5,11,8,6,5,11,11,8,9,6,8,8,6,3,2,12,6,4,18,13,6,10,10,6,4,14,6,9,9,8,8,255
БУЈАНОВАЦ,Брисање по службеној дужности,0,0,0,0,0,0,0,0,0,0,0,0,0,1,0,0,0,0,0,0,0,0,0,0,0,0,2,0,0,0,0,0,3
БУЈАНОВАЦ,Исправка техничке грешке,0,2,3,1,0,3,6,2,2,0,1,2,2,1,0,3,1,1,2,0,1,2,0,0,1,1,3,1,1,9,4,8,63
БУЈАНОВАЦ,Потврда о изборном праву,0,0,0,0,0,0,0,0,0,0,0,0,0,0,0,0,0,0,0,0,0,0,0,0,0,0,0,0,0,0,2,2,4
БУЈАНОВАЦ,Потврда о упису у бирачки списак,0,0,0,0,0,0,0,0,0,0,0,0,0,0,0,0,0,0,0,0,0,0,0,0,0,0,0,0,0,0,5,0,5
БУЈАНОВАЦ,Промена адресе боравишта интерно расељеног лица,0,0,0,0,0,0,0,1,0,0,0,0,2,0,0,0,0,0,0,0,0,0,1,0,0,0,0,0,0,0,0,0,4
БУЈАНОВАЦ,Промена адресе пребивалишта,68,67,69,89,77,77,88,66,104,48,81,60,67,74,69,84,177,44,49,48,61,78,106,141,123,118,55,64,52,39,36,41,2420
БУЈАНОВАЦ,Промена личних података,52,74,109,112,76,48,68,27,58,29,59,29,37,76,30,172,42,25,13,14,28,47,44,70,60,43,25,25,23,274,115,365,2269
БУЈАНОВАЦ,Упис за гласање по месту боравишта у иностранству,0,0,0,0,0,0,0,0,0,0,0,0,0,0,0,0,0,0,0,0,0,0,0,0,0,0,0,0,0,0,19,32,51
БУЈАНОВАЦ,Упис по основу пријаве боравишта интерно расељеног лица,0,0,0,0,0,0,0,0,0,0,0,0,0,0,0,0,0,0,0,0,0,0,0,0,1,1,0,0,0,0,0,3,5
БУЈАНОВАЦ,Упис по основу пријаве пребивалишта,59,19,15,17,29,37,15,2,7,21,2,0,0,6,6,7,12,26,0,0,86,60,37,48,31,36,17,24,9,17,70,30,745
БУЈАНОВАЦ,Упис по основу пријема у држављанство,0,0,0,0,0,0,0,0,0,0,0,0,0,0,0,0,0,0,0,0,0,1,0,0,0,0,0,1,0,0,0,0,2
БУЈАНОВАЦ,Упис по основу стицања пунолетства,11,14,15,12,8,5,9,12,14,5,15,15,13,19,14,12,17,20,5,15,8,11,6,10,13,13,11,12,11,22,47,40,454
ВАЉЕВО - ГРАД,Брисање боравишта интерно расељеног лица,0,0,0,0,0,0,0,0,0,0,0,0,0,0,0,0,0,0,0,0,0,1,0,0,0,0,0,0,0,0,2,16,19
ВАЉЕВО - ГРАД,Брисање по основу губитка пословне способности,0,2,0,0,1,0,1,0,0,0,0,0,0,0,0,0,0,0,0,0,0,0,0,0,0,0,0,0,0,0,2,0,6
ВАЉЕВО - ГРАД,Брисање по основу дуплог уписа,0,0,0,0,0,0,0,0,0,0,0,0,0,0,0,0,1,0,0,0,0,0,0,0,0,0,0,0,0,1,0,0,2
ВАЉЕВО - ГРАД,Брисање по основу одјаве пребивалишта,12,15,16,11,9,12,10,9,9,15,9,14,13,10,7,12,14,9,3,4,6,7,10,8,15,12,6,16,0,16,29,26,364
ВАЉЕВО - ГРАД,Брисање по основу отпуста из држављанства,0,0,1,0,1,0,0,0,0,0,0,1,0,0,1,0,0,0,0,0,0,0,0,0,0,0,0,1,0,0,0,0,5
ВАЉЕВО - ГРАД,Брисање по основу смрти лица,14,20,20,33,22,28,20,16,25,26,21,25,25,16,25,36,25,23,26,16,18,15,17,21,25,21,21,30,24,22,21,17,714
ВАЉЕВО - ГРАД,Брисање по службеној дужности,0,0,0,2,0,2,1,0,0,0,7,4,5,0,2,2,8,0,0,0,3,0,6,4,0,0,0,5,2,2,0,0,55
ВАЉЕВО - ГРАД,Исправка техничке грешке,0,0,0,1,0,0,0,0,1,0,0,0,0,0,0,0,0,1,0,0,0,0,1,1,0,0,0,2,0,0,0,0,7
ВАЉЕВО - ГРАД,Потврда о упису у бирачки списак,0,0,0,0,0,0,0,0,0,0,0,0,0,0,0,0,0,0,0,0,0,0,0,0,0,0,0,1,0,0,0,0,1
ВАЉЕВО - ГРАД,Промена адресе пребивалишта,20,40,28,32,23,15,30,18,23,49,44,26,16,23,25,28,41,22,19,22,26,20,17,21,37,20,29,31,24,33,29,25,856
ВАЉЕВО - ГРАД,Промена гласања по месту боравишта у иностранству,0,0,0,0,0,0,0,0,0,0,0,0,0,0,0,0,0,0,0,0,0,0,0,0,0,0,0,0,0,0,1,1,2
ВАЉЕВО - ГРАД,Промена личних података,8,11,2,6,10,6,7,7,8,13,12,14,19,12,11,15,20,8,6,5,4,13,15,9,5,18,7,10,14,768,126,17,1206
ВАЉЕВО - ГРАД,Упис за гласање по месту боравишта у земљи,0,0,0,0,0,0,0,0,0,0,0,0,0,0,0,0,0,0,0,0,0,0,0,0,0,0,0,0,0,2,5,7,14
ВАЉЕВО - ГРАД,Упис за гласање по месту боравишта у иностранству,0,0,0,0,0,0,0,0,0,0,0,0,0,0,0,0,0,0,0,0,0,0,0,0,0,0,0,0,0,15,144,264,423
ВАЉЕВО - ГРАД,Упис по основу последњег пребивалишта,0,0,0,0,0,0,0,0,0,0,0,0,0,0,0,0,0,0,0,0,0,0,0,0,0,0,0,0,0,0,2,1,3
ВАЉЕВО - ГРАД,Упис по основу пријаве боравишта интерно расељеног лица,0,0,0,0,0,0,0,0,0,0,0,0,1,0,0,0,0,0,0,0,0,0,0,0,0,0,0,0,0,0,0,0,1
ВАЉЕВО - ГРАД,Упис по основу пријаве пребивалишта,7,11,15,21,7,14,8,15,14,8,22,17,4,9,9,13,10,11,3,1,15,25,10,9,1,13,13,8,5,71,6,7,402
ВАЉЕВО - ГРАД,Упис по основу пријема у држављанство,1,1,0,0,3,3,3,0,0,1,0,0,0,0,1,3,0,0,1,0,1,1,1,0,0,0,0,1,2,3,0,6,32
ВАЉЕВО - ГРАД,Упис по основу стицања пунолетства,11,12,19,10,13,13,33,13,17,12,20,13,17,17,11,12,13,16,20,23,22,15,22,15,14,15,21,21,21,22,108,0,611
ВАРВАРИН,Брисање боравишта интерно расељеног лица,0,0,0,0,0,0,0,0,0,0,0,0,0,0,3,0,0,0,0,0,0,0,0,0,0,0,0,0,0,0,0,0,3
ВАРВАРИН,Брисање по основу губитка пословне способности,0,0,0,0,0,0,0,0,0,0,0,0,0,0,0,0,1,0,0,0,0,0,0,0,0,0,0,0,0,0,0,1,2
ВАРВАРИН,Брисање по основу дуплог уписа,0,0,0,0,0,1,0,0,0,0,0,0,0,0,0,0,0,0,0,0,0,0,0,0,0,0,0,0,0,0,0,0,1
ВАРВАРИН,Брисање по основу одјаве пребивалишта,3,5,1,2,2,1,1,4,3,6,2,3,4,2,3,0,1,0,2,3,2,4,2,1,3,2,4,0,3,3,10,0,82
ВАРВАРИН,Брисање по основу отпуста из држављанства,0,1,0,0,0,0,0,0,0,0,0,0,0,0,0,0,0,0,0,0,1,0,0,0,1,0,0,0,0,0,0,0,3
ВАРВАРИН,Брисање по основу смрти лица,4,5,8,3,9,7,4,2,5,6,8,5,3,2,5,8,5,2,5,10,3,5,6,3,5,10,10,6,6,7,8,11,186
ВАРВАРИН,Брисање по службеној дужности,2,1,4,1,1,1,0,0,0,4,0,1,0,1,0,0,0,0,1,0,1,0,1,2,1,0,0,0,0,0,0,0,22
ВАРВАРИН,Исправка техничке грешке,1,0,1,0,0,0,0,0,0,0,0,0,0,0,0,0,0,0,0,1,0,1,0,0,0,0,0,0,0,0,0,0,4
ВАРВАРИН,Промена адресе боравишта интерно расељеног лица,0,0,0,0,0,0,0,0,0,0,0,0,0,0,0,0,0,0,0,0,0,0,0,0,0,0,0,0,0,1,0,0,1
ВАРВАРИН,Промена адресе пребивалишта,46,58,37,51,52,115,51,38,27,43,23,37,48,48,41,43,41,26,36,24,42,48,44,52,37,35,47,33,33,40,35,45,1376
ВАРВАРИН,Промена личних података,2,2,1,1,3,2,0,0,1,1,2,2,3,6,1,1,3,1,0,0,0,0,4,3,2,1,2,0,1,44,11,35,135
ВАРВАРИН,Упис за гласање по месту боравишта у земљи,0,0,0,0,0,0,0,0,0,0,0,0,0,0,0,0,0,0,0,0,0,0,0,0,0,0,0,0,0,0,0,2,2
ВАРВАРИН,Упис за гласање по месту боравишта у иностранству,0,0,0,0,0,0,0,0,0,0,0,0,0,0,0,0,0,0,0,0,0,0,0,0,0,0,0,0,0,0,16,34,50
ВАРВАРИН,Упис по основу последњег пребивалишта,0,0,0,0,0,0,0,0,0,0,0,0,0,0,0,0,0,0,0,0,0,0,0,0,0,0,0,0,0,0,1,0,1
ВАРВАРИН,Упис по основу пријаве боравишта интерно расељеног лица,0,0,0,0,0,0,0,0,0,0,0,0,0,0,1,0,0,0,0,0,0,0,0,0,0,0,0,0,0,0,0,0,1
ВАРВАРИН,Упис по основу пријаве пребивалишта,2,7,2,2,5,2,2,1,3,2,4,6,2,5,1,1,4,4,4,7,2,4,7,4,4,7,3,4,2,3,21,1,128
ВАРВАРИН,Упис по основу пријема у држављанство,0,0,0,0,0,0,1,0,0,0,0,0,0,0,0,0,0,0,0,0,0,0,0,0,0,0,0,1,0,1,0,0,3
ВАРВАРИН,Упис по основу стицања пунолетства,6,3,2,2,6,3,2,2,4,0,4,5,1,4,0,2,3,1,3,6,5,2,2,6,3,5,7,3,4,4,22,0,122
ВЕЛИКА ПЛАНА,Брисање боравишта интерно расељеног лица,1,0,0,2,0,0,2,12,0,2,0,1,0,0,1,0,0,0,0,0,3,1,0,0,0,4,0,0,0,3,4,172,208
ВЕЛИКА ПЛАНА,Брисање по основу губитка пословне способности,0,4,0,0,0,0,0,0,0,0,0,0,0,0,0,0,0,0,0,0,0,0,0,0,0,0,0,0,0,0,0,0,4
ВЕЛИКА ПЛАНА,Брисање по основу одјаве пребивалишта,14,17,6,4,3,4,1,4,6,4,0,3,8,3,6,2,4,9,5,2,3,5,6,6,8,7,2,3,3,5,17,8,178
ВЕЛИКА ПЛАНА,Брисање по основу смрти лица,12,16,13,16,16,15,21,6,13,10,12,18,10,10,12,10,5,15,10,2,22,9,6,0,0,29,10,6,7,13,12,8,364
ВЕЛИКА ПЛАНА,Брисање по службеној дужности,0,1,2,5,0,4,0,1,4,0,0,1,2,6,6,0,0,6,1,0,6,1,0,0,0,0,0,5,2,1,0,0,54
ВЕЛИКА ПЛАНА,Исправка техничке грешке,0,0,0,0,0,0,0,0,0,0,0,0,0,0,1,0,0,0,1,0,0,1,1,0,0,1,1,0,0,1,0,0,7
ВЕЛИКА ПЛАНА,Промена адресе боравишта интерно расељеног лица,0,1,4,2,0,4,0,0,0,2,0,0,0,0,0,1,0,0,0,0,0,1,1,0,0,1,1,0,0,0,0,0,18
ВЕЛИКА ПЛАНА,Промена адресе пребивалишта,10,22,13,16,13,23,18,15,7,13,8,11,18,11,23,13,2,15,4,2,5,14,15,0,0,26,32,22,10,11,8,14,414
ВЕЛИКА ПЛАНА,Промена личних података,3,2,0,3,6,6,0,0,1,6,1,6,5,6,1,1,7,6,1,1,5,3,3,0,0,6,1,11,6,32,7,9,145
ВЕЛИКА ПЛАНА,Упис за гласање по месту боравишта у земљи,0,0,0,0,0,0,0,0,0,0,0,0,0,0,0,0,0,0,0,0,0,0,0,0,0,0,0,0,0,2,0,5,7
ВЕЛИКА ПЛАНА,Упис за гласање по месту боравишта у иностранству,0,0,0,0,0,0,0,0,0,0,0,0,0,0,0,0,0,0,0,0,0,0,0,0,0,0,0,0,0,0,25,114,139
ВЕЛИКА ПЛАНА,Упис по основу последњег пребивалишта,0,0,0,0,0,0,0,0,0,0,0,0,0,0,0,0,0,0,0,0,0,0,0,0,0,0,0,0,0,0,1,2,3
ВЕЛИКА ПЛАНА,Упис по основу пријаве боравишта интерно расељеног лица,0,0,0,2,0,1,0,0,0,0,1,0,0,1,0,1,0,0,0,0,1,0,2,0,0,0,1,0,3,0,0,6,19
ВЕЛИКА ПЛАНА,Упис по основу пријаве пребивалишта,3,6,0,6,16,8,13,6,3,3,12,10,7,9,9,4,1,13,8,5,12,4,11,0,0,21,11,21,0,32,22,3,279
ВЕЛИКА ПЛАНА,Упис по основу пријема у држављанство,0,0,0,0,0,0,1,0,1,1,0,0,1,0,0,0,0,1,0,0,0,0,0,0,0,0,0,1,0,1,0,0,7
ВЕЛИКА ПЛАНА,Упис по основу стицања пунолетства,5,9,8,3,8,6,7,10,13,9,7,10,7,7,4,10,5,8,9,6,10,8,7,0,0,7,16,17,16,4,10,38,284
ВЕЛИКО ГРАДИШТЕ,Брисање боравишта интерно расељеног лица,0,0,0,0,0,0,0,0,0,0,0,0,0,9,0,0,0,0,0,0,0,0,0,0,0,0,0,0,1,0,0,0,10
ВЕЛИКО ГРАДИШТЕ,Брисање по основу губитка пословне способности,0,0,0,0,0,0,0,0,0,0,0,0,0,0,0,0,0,2,0,0,0,0,0,0,0,0,0,0,0,0,0,0,2
ВЕЛИКО ГРАДИШТЕ,Брисање по основу одјаве пребивалишта,9,7,3,8,4,5,5,3,3,2,1,1,2,2,1,2,4,3,5,0,2,7,1,2,1,1,0,8,0,5,7,15,119
ВЕЛИКО ГРАДИШТЕ,Брисање по основу отпуста из држављанства,0,0,0,0,0,0,0,0,0,0,0,0,3,0,0,0,2,0,0,0,0,3,0,0,0,0,0,0,0,0,0,0,8
ВЕЛИКО ГРАДИШТЕ,Брисање по основу смрти лица,4,6,7,3,5,11,10,9,7,6,3,7,7,2,5,1,10,4,9,4,5,5,13,8,6,3,3,7,10,14,5,6,205
ВЕЛИКО ГРАДИШТЕ,Брисање по службеној дужности,0,1,3,0,0,0,0,0,0,0,0,0,0,0,0,0,0,0,0,0,0,0,0,0,0,0,0,0,0,0,0,0,4
ВЕЛИКО ГРАДИШТЕ,Исправка техничке грешке,0,0,0,1,1,1,0,0,1,1,0,0,0,0,0,0,0,0,0,0,0,0,0,0,0,1,0,0,0,0,0,0,6
ВЕЛИКО ГРАДИШТЕ,Потврда о изборном праву,0,0,0,0,0,0,0,0,0,0,0,0,0,0,0,0,0,0,0,0,0,0,0,0,0,0,0,0,0,0,4,2,6
ВЕЛИКО ГРАДИШТЕ,Промена адресе боравишта интерно расељеног лица,0,0,0,0,0,0,0,0,1,0,0,0,0,0,0,0,0,0,0,0,0,0,0,0,0,0,0,0,0,0,0,0,1
ВЕЛИКО ГРАДИШТЕ,Промена адресе пребивалишта,12,13,13,23,22,11,13,12,17,23,10,12,23,19,10,9,20,15,10,13,9,22,15,15,13,29,28,19,8,23,15,22,518
ВЕЛИКО ГРАДИШТЕ,Промена гласања по месту боравишта у иностранству,0,0,0,0,0,0,0,0,0,0,0,0,0,0,0,0,0,0,0,0,0,0,0,0,0,0,0,0,0,0,1,1,2
ВЕЛИКО ГРАДИШТЕ,Промена личних података,4,5,1,1,0,4,3,0,5,7,2,3,4,2,5,4,1,3,1,3,1,6,5,37,1,16,42,25,22,57,20,7,297
ВЕЛИКО ГРАДИШТЕ,Упис за гласање по месту боравишта у земљи,0,0,0,0,0,0,0,0,0,0,0,0,0,0,0,0,0,0,0,0,0,0,0,0,0,0,0,0,0,0,7,7,14
ВЕЛИКО ГРАДИШТЕ,Упис за гласање по месту боравишта у иностранству,0,0,0,0,0,0,0,0,0,0,0,0,0,0,0,0,0,0,0,0,0,0,0,0,0,0,0,0,0,0,41,175,216
ВЕЛИКО ГРАДИШТЕ,Упис по основу пријаве боравишта интерно расељеног лица,0,0,0,0,0,0,0,0,0,0,0,0,0,2,1,1,0,0,0,0,0,0,0,0,0,0,0,0,0,0,0,0,4
ВЕЛИКО ГРАДИШТЕ,Упис по основу пријаве пребивалишта,13,10,7,2,2,9,2,5,4,5,5,4,7,3,5,6,7,3,4,6,0,2,6,6,0,14,4,1,4,6,8,16,176
ВЕЛИКО ГРАДИШТЕ,Упис по основу пријема у држављанство,0,0,0,0,1,0,0,0,0,0,0,0,0,1,0,0,0,0,0,1,0,0,0,1,0,1,1,0,0,0,0,0,6
ВЕЛИКО ГРАДИШТЕ,Упис по основу стицања пунолетства,4,4,9,3,2,5,2,4,5,4,1,5,2,5,7,5,4,3,1,5,5,5,4,7,4,5,5,5,7,1,10,24,162
ВИТИНА,Брисање по основу одјаве пребивалишта,0,2,5,3,3,0,0,1,1,1,3,1,1,0,2,2,0,1,1,1,0,1,2,1,2,3,0,1,1,4,9,2,54
ВИТИНА,Брисање по основу смрти лица,0,2,1,0,2,0,1,1,0,0,0,2,0,0,0,0,1,0,0,0,3,0,0,0,1,0,0,1,2,1,0,1,19
ВИТИНА,Упис за гласање по месту боравишта у иностранству,0,0,0,0,0,0,0,0,0,0,0,0,0,0,0,0,0,0,0,0,0,0,0,0,0,0,0,0,0,0,0,5,5
ВИТИНА,Упис по основу последњег пребивалишта,0,0,0,0,0,0,0,0,0,0,0,0,0,0,0,0,0,0,0,0,0,0,0,0,0,0,0,0,0,0,0,3,3
ВИТИНА,Упис по основу пријаве пребивалишта,0,0,0,0,0,0,0,0,0,0,0,0,0,0,0,0,0,0,0,0,0,0,0,0,0,0,0,0,0,0,2,3,5
ВЛАДИМИРЦИ,Брисање по основу губитка пословне способности,0,0,0,0,0,0,1,0,0,0,1,0,0,0,0,0,0,0,0,0,0,0,0,0,0,0,0,0,0,0,0,0,2
ВЛАДИМИРЦИ,Брисање по основу одјаве пребивалишта,1,3,6,4,3,3,3,5,9,2,9,4,1,4,3,8,2,2,3,1,1,4,5,4,2,3,4,0,1,7,8,0,115
ВЛАДИМИРЦИ,Брисање по основу отпуста из држављанства,0,0,0,0,0,1,0,0,0,0,0,0,0,0,0,0,0,0,0,0,0,0,0,0,0,0,0,0,0,0,0,0,1
ВЛАДИМИРЦИ,Брисање по основу смрти лица,3,4,4,5,5,0,6,5,4,2,4,4,3,2,2,7,3,5,4,2,5,5,4,6,5,8,5,8,2,2,3,4,131
ВЛАДИМИРЦИ,Брисање по службеној дужности,0,2,6,4,5,0,0,0,0,0,0,0,0,0,0,0,0,1,0,1,0,1,0,0,0,0,0,0,0,0,0,0,20
ВЛАДИМИРЦИ,Исправка техничке грешке,0,0,0,0,0,0,0,0,0,0,0,0,0,0,0,0,0,0,0,0,0,0,1,0,0,0,0,0,0,0,0,0,1
ВЛАДИМИРЦИ,Промена адресе пребивалишта,10,14,14,20,18,18,9,12,13,5,6,2,13,4,4,10,11,6,8,7,3,9,9,7,4,13,19,8,11,12,8,9,316
ВЛАДИМИРЦИ,Промена личних података,1,1,1,2,1,0,2,4,0,0,5,1,2,3,3,0,5,0,1,1,0,1,2,2,0,0,0,2,0,3,60,5,108
ВЛАДИМИРЦИ,Упис за гласање по месту боравишта у земљи,0,0,0,0,0,0,0,0,0,0,0,0,0,0,0,0,0,0,0,0,0,0,0,0,0,0,0,0,0,0,0,4,4
ВЛАДИМИРЦИ,Упис за гласање по месту боравишта у иностранству,0,0,0,0,0,0,0,0,0,0,0,0,0,0,0,0,0,0,0,0,0,0,0,0,0,0,0,0,0,6,14,45,65
ВЛАДИМИРЦИ,Упис по основу враћања пословне способности,0,0,0,0,0,0,0,0,0,0,0,0,0,0,0,0,0,0,0,0,0,0,0,0,0,0,0,0,0,0,1,0,1
ВЛАДИМИРЦИ,Упис по основу пријаве пребивалишта,6,4,5,4,6,4,4,8,3,7,10,1,5,4,7,2,6,5,5,2,1,1,5,3,4,9,5,5,12,5,21,3,172
ВЛАДИМИРЦИ,Упис по основу пријема у држављанство,0,0,0,0,0,0,0,0,0,0,0,0,0,0,0,0,0,0,0,0,0,0,0,0,0,0,0,1,0,0,0,0,1
ВЛАДИМИРЦИ,Упис по основу стицања пунолетства,4,0,3,2,5,4,2,3,3,3,5,1,7,2,6,2,2,1,1,1,2,0,6,2,4,3,3,3,3,2,32,0,117
ВЛАДИЧИН ХАН,Брисање боравишта интерно расељеног лица,0,0,0,1,0,0,0,0,0,0,0,0,0,0,0,0,0,0,0,0,0,0,0,0,0,0,0,0,0,1,0,21,23
ВЛАДИЧИН ХАН,Брисање по основу губитка пословне способности,0,0,0,0,0,0,6,0,0,0,0,0,1,0,0,0,0,0,0,0,0,0,0,0,0,0,0,0,0,0,0,1,8
ВЛАДИЧИН ХАН,Брисање по основу одјаве пребивалишта,6,3,3,2,4,2,4,3,6,3,6,4,6,1,4,2,5,3,3,0,0,3,2,4,6,2,4,4,1,9,13,3,121
ВЛАДИЧИН ХАН,Брисање по основу отпуста из држављанства,0,0,0,0,0,0,0,0,0,0,0,0,0,0,0,0,0,0,0,0,1,1,0,0,0,0,0,0,0,0,0,0,2
ВЛАДИЧИН ХАН,Брисање по основу смрти лица,3,6,6,5,7,6,4,3,4,4,0,7,8,6,0,0,13,7,3,2,2,7,7,1,6,5,2,9,9,2,8,3,155
ВЛАДИЧИН ХАН,Брисање по службеној дужности,1,0,1,0,0,1,0,1,0,0,0,0,0,0,0,0,0,0,0,0,0,0,0,0,0,15,7,1,0,0,1,1,29
ВЛАДИЧИН ХАН,Исправка техничке грешке,1,2,0,0,0,0,0,0,0,0,0,0,1,0,0,0,0,0,0,0,0,1,0,0,0,0,0,0,0,0,0,0,5
ВЛАДИЧИН ХАН,Потврда о изборном праву,0,0,0,0,0,0,0,0,0,0,0,0,0,0,0,0,0,1,0,0,0,0,0,0,0,0,0,0,0,0,0,0,1
ВЛАДИЧИН ХАН,Потврда о упису у бирачки списак,0,0,0,0,0,0,0,0,0,0,0,0,0,0,0,0,0,16,0,0,0,0,0,0,0,0,0,0,0,0,0,0,16
ВЛАДИЧИН ХАН,Промена адресе боравишта интерно расељеног лица,0,0,0,0,0,0,0,0,0,0,0,0,0,0,0,0,0,0,0,0,0,2,0,0,0,0,0,0,0,0,0,0,2
ВЛАДИЧИН ХАН,Промена адресе пребивалишта,27,46,40,38,41,25,39,31,22,36,0,12,77,23,0,0,0,0,0,32,156,39,40,37,43,38,24,29,25,30,32,30,1012
ВЛАДИЧИН ХАН,Промена личних података,2,1,1,1,1,1,2,2,1,6,0,2,2,1,0,0,1,4,1,3,2,2,2,5,1,3,1,3,4,11,16,4,86
ВЛАДИЧИН ХАН,Упис за гласање по месту боравишта у земљи,0,0,0,0,0,0,0,0,0,0,0,0,0,0,0,0,0,0,0,0,0,0,0,0,0,0,0,0,0,0,2,2,4
ВЛАДИЧИН ХАН,Упис за гласање по месту боравишта у иностранству,0,0,0,0,0,0,0,0,0,0,0,0,0,0,0,0,0,0,0,0,0,0,0,0,0,0,0,0,0,0,9,31,40
ВЛАДИЧИН ХАН,Упис по основу пријаве пребивалишта,8,2,4,3,1,3,1,4,3,1,0,2,4,1,0,0,0,0,0,6,5,5,7,3,6,3,9,4,4,19,5,3,116
ВЛАДИЧИН ХАН,Упис по основу стицања пунолетства,7,6,5,4,2,4,4,4,5,2,0,3,13,7,0,0,0,0,0,9,21,4,8,2,1,2,0,8,5,4,32,0,162
ВЛАСОТИНЦЕ,Брисање боравишта интерно расељеног лица,0,0,1,0,0,0,0,0,0,0,0,0,0,0,0,0,0,0,0,0,0,0,0,0,0,0,0,0,0,0,0,4,5
ВЛАСОТИНЦЕ,Брисање по основу губитка пословне способности,0,0,0,0,0,2,0,0,3,0,0,0,0,0,1,0,0,0,0,0,0,0,0,0,0,0,0,0,0,0,1,1,8
ВЛАСОТИНЦЕ,Брисање по основу одјаве пребивалишта,6,6,1,0,0,2,5,2,6,7,3,9,6,2,6,0,3,4,1,1,2,2,5,2,10,2,4,6,2,5,16,4,130
ВЛАСОТИНЦЕ,Брисање по основу отпуста из држављанства,0,0,0,2,0,0,0,0,0,0,1,0,0,0,0,0,0,0,0,0,0,0,0,0,0,0,0,0,0,0,0,0,3
ВЛАСОТИНЦЕ,Брисање по основу смрти лица,9,3,5,7,10,11,7,9,5,8,7,7,8,5,11,7,11,3,2,10,16,4,6,7,3,0,23,4,3,9,7,7,234
ВЛАСОТИНЦЕ,Брисање по службеној дужности,0,0,0,0,0,0,0,0,0,0,2,0,0,0,0,0,0,0,0,2,0,1,0,0,0,0,0,0,0,0,1,0,6
ВЛАСОТИНЦЕ,Исправка техничке грешке,0,0,0,0,1,0,0,0,0,1,0,0,3,1,0,0,0,1,0,1,1,0,0,0,0,0,1,0,0,0,0,0,10
ВЛАСОТИНЦЕ,Промена адресе пребивалишта,36,77,52,44,56,37,35,24,34,62,26,0,83,36,40,31,0,60,0,33,38,30,8,41,0,0,82,26,31,40,33,38,1133
ВЛАСОТИНЦЕ,Промена личних података,2,3,5,1,4,3,1,2,1,6,2,0,4,6,4,3,0,5,0,2,3,3,5,2,0,0,6,2,4,2,2,3,86
ВЛАСОТИНЦЕ,Упис за гласање по месту боравишта у земљи,0,0,0,0,0,0,0,0,0,0,0,0,0,0,0,0,0,0,0,0,0,0,0,0,0,0,0,0,0,0,0,4,4
ВЛАСОТИНЦЕ,Упис за гласање по месту боравишта у иностранству,0,0,0,0,0,0,0,0,0,0,0,0,0,0,0,0,0,0,0,0,0,0,0,0,0,0,0,0,0,0,24,33,57
ВЛАСОТИНЦЕ,Упис по основу пријаве пребивалишта,5,0,8,0,0,7,0,1,1,1,2,0,5,3,2,2,0,5,0,1,2,0,1,3,0,0,8,3,0,2,10,4,76
ВЛАСОТИНЦЕ,Упис по основу пријема у држављанство,0,0,0,0,0,0,0,0,0,0,0,0,0,0,0,0,0,0,0,0,0,0,0,0,0,0,0,0,0,1,0,0,1
ВЛАСОТИНЦЕ,Упис по основу стицања пунолетства,2,5,2,3,3,7,3,2,4,9,5,0,7,3,4,5,0,3,0,10,9,12,4,6,0,0,14,6,1,13,30,7,179
ВРЊАЧКА БАЊА,Брисање боравишта интерно расељеног лица,0,6,0,0,4,1,0,4,1,0,0,0,0,5,0,0,0,1,7,0,0,2,0,2,4,1,0,0,0,1,48,124,211
ВРЊАЧКА БАЊА,Брисање по основу губитка пословне способности,0,0,0,0,0,0,0,0,0,0,0,0,0,5,0,0,0,0,0,0,0,0,0,0,0,3,0,0,0,0,0,0,8
ВРЊАЧКА БАЊА,Брисање по основу одјаве пребивалишта,2,8,5,5,4,1,3,6,9,7,3,10,8,6,3,5,4,5,5,5,4,6,4,3,4,6,3,3,3,9,21,7,177
ВРЊАЧКА БАЊА,Брисање по основу смрти лица,8,11,9,7,14,2,7,5,7,8,9,6,5,6,7,3,6,8,14,9,8,5,9,0,13,9,9,0,8,12,7,11,242
ВРЊАЧКА БАЊА,Брисање по службеној дужности,0,5,0,1,0,1,0,3,0,0,1,0,0,0,0,0,0,4,0,0,0,0,0,0,0,1,1,0,0,0,44,4,65
ВРЊАЧКА БАЊА,Потврда о изборном праву,0,0,0,0,0,0,0,0,0,0,0,0,0,0,0,0,0,0,0,0,0,0,0,0,0,0,0,0,0,1,0,0,1
ВРЊАЧКА БАЊА,Промена адресе боравишта интерно расељеног лица,0,2,0,0,3,2,0,0,0,0,3,0,1,0,0,0,0,0,0,0,0,0,0,0,0,0,0,0,0,1,0,2,14
ВРЊАЧКА БАЊА,Промена адресе пребивалишта,0,42,0,16,25,39,3,13,16,0,36,0,23,10,4,16,10,12,13,2,0,15,0,0,42,21,6,0,28,22,16,18,448
ВРЊАЧКА БАЊА,Промена личних података,0,4,1,0,2,7,0,0,4,0,1,0,13,6,1,8,2,2,0,0,0,6,0,0,11,2,0,0,2,3,4,5,84
ВРЊАЧКА БАЊА,Упис за гласање по месту боравишта у земљи,0,0,0,0,0,0,0,0,0,0,0,0,0,0,0,0,0,0,0,0,0,0,0,0,0,0,0,0,0,0,8,16,24
ВРЊАЧКА БАЊА,Упис за гласање по месту боравишта у иностранству,0,0,0,0,0,0,0,0,0,0,0,0,0,0,0,0,0,0,0,0,0,0,0,0,0,0,0,0,0,0,32,53,85
ВРЊАЧКА БАЊА,Упис по основу пријаве боравишта интерно расељеног лица,0,2,0,0,0,0,0,0,0,0,0,0,0,0,0,0,0,0,0,0,0,1,0,0,3,0,0,0,0,2,46,0,54
ВРЊАЧКА БАЊА,Упис по основу пријаве пребивалишта,0,44,2,1,41,2,0,41,0,0,5,0,4,30,1,1,1,9,33,1,0,31,1,0,33,3,2,0,6,41,31,3,367
ВРЊАЧКА БАЊА,Упис по основу стицања пунолетства,0,9,0,4,6,6,1,2,4,0,5,0,7,7,3,7,3,7,5,5,0,19,0,0,27,2,8,0,17,7,33,0,194
ВРАЊЕ - ГРАД,Брисање боравишта интерно расељеног лица,0,0,0,0,0,1,0,0,0,1,0,2,0,0,0,0,0,0,0,0,1,0,1,0,1,1,0,1,1,0,150,22,182
ВРАЊЕ - ГРАД,Брисање по основу губитка пословне способности,0,0,0,2,0,0,0,0,0,0,0,0,0,0,0,0,0,2,0,2,1,0,0,0,1,0,0,0,0,0,1,1,10
ВРАЊЕ - ГРАД,Брисање по основу одјаве пребивалишта,21,16,10,14,9,12,11,11,13,11,13,26,19,9,10,7,16,17,21,7,4,13,12,13,18,8,6,17,7,27,43,17,458
ВРАЊЕ - ГРАД,Брисање по основу отпуста из држављанства,0,0,0,0,0,0,0,0,0,0,0,0,0,0,0,1,0,0,0,0,0,0,0,0,0,0,0,1,0,0,0,0,2
ВРАЊЕ - ГРАД,Брисање по основу смрти лица,11,18,8,17,17,12,15,9,27,12,15,16,14,21,18,15,15,21,16,22,12,15,12,15,9,19,18,16,18,16,15,14,498
ВРАЊЕ - ГРАД,Брисање по службеној дужности,0,1,5,0,1,0,1,0,3,1,1,1,3,1,0,0,6,0,1,0,2,0,1,0,3,0,0,2,0,1,3,11,48
ВРАЊЕ - ГРАД,Исправка техничке грешке,0,1,0,0,0,1,0,0,0,0,0,0,0,0,0,0,0,0,0,0,0,0,0,0,0,0,0,1,0,0,0,0,3
ВРАЊЕ - ГРАД,Потврда о изборном праву,0,0,0,0,0,0,0,0,0,0,0,0,0,0,0,0,0,0,0,0,0,0,0,0,0,0,0,0,0,1,2,0,3
ВРАЊЕ - ГРАД,Потврда о упису у бирачки списак,0,0,0,0,0,0,0,0,0,0,0,0,0,0,0,0,0,0,0,0,0,0,0,0,0,0,0,0,0,0,1,4,5
ВРАЊЕ - ГРАД,Промена адресе боравишта интерно расељеног лица,0,0,1,0,2,0,1,0,0,1,0,0,0,0,0,1,0,0,0,0,1,0,0,0,1,0,0,0,0,2,2,0,12
ВРАЊЕ - ГРАД,Промена адресе пребивалишта,53,54,82,103,77,51,76,49,70,56,60,83,81,77,49,49,48,63,45,44,46,66,65,60,65,76,67,50,66,69,41,77,2018
ВРАЊЕ - ГРАД,Промена личних података,5,10,8,7,6,2,7,3,9,7,12,8,6,9,9,7,10,0,12,3,4,8,6,13,8,3,15,5,13,168,16,18,417
ВРАЊЕ - ГРАД,Упис за гласање по месту боравишта у земљи,0,0,0,0,0,0,0,0,0,0,0,0,0,0,0,0,0,0,0,0,0,0,0,0,0,0,0,0,0,1,1,9,11
ВРАЊЕ - ГРАД,Упис за гласање по месту боравишта у иностранству,0,0,0,0,0,0,0,0,0,0,0,0,0,0,0,0,0,0,0,0,0,0,0,0,0,0,0,0,0,0,71,319,390
ВРАЊЕ - ГРАД,Упис по основу последњег пребивалишта,0,0,0,0,0,0,0,0,0,0,0,0,0,0,0,0,0,0,0,0,0,0,0,0,0,0,0,0,0,0,0,3,3
ВРАЊЕ - ГРАД,Упис по основу пријаве боравишта интерно расељеног лица,0,0,0,0,1,0,0,0,0,0,1,0,0,0,0,0,0,0,0,0,0,1,2,0,0,0,0,2,0,0,0,2,9
ВРАЊЕ - ГРАД,Упис по основу пријаве пребивалишта,9,19,17,13,10,9,7,8,10,21,30,20,9,13,13,17,10,12,9,2,7,9,14,21,11,16,35,53,34,67,65,17,607
ВРАЊЕ - ГРАД,Упис по основу пријема у држављанство,0,1,2,0,0,0,0,0,0,0,0,0,0,0,0,0,0,0,0,0,0,0,1,0,0,0,0,0,1,0,0,0,5
ВРАЊЕ - ГРАД,Упис по основу стицања пунолетства,13,18,13,15,10,16,15,7,10,9,11,19,8,11,7,16,14,12,10,16,18,14,10,13,16,15,10,15,11,20,84,0,476
ВРАЊЕ-ВРАЊСКА БАЊА,Брисање боравишта интерно расељеног лица,0,0,0,0,0,0,0,0,0,0,0,0,0,0,0,0,0,0,0,0,0,0,0,0,0,0,0,0,0,0,12,0,12
ВРАЊЕ-ВРАЊСКА БАЊА,Брисање по основу губитка пословне способности,0,0,0,0,0,0,0,0,0,0,0,0,0,0,0,0,0,0,0,0,0,0,0,0,1,0,0,0,0,0,0,0,1
ВРАЊЕ-ВРАЊСКА БАЊА,Брисање по основу одјаве пребивалишта,3,5,3,3,1,0,2,1,0,2,1,4,1,0,0,2,0,0,2,0,2,1,0,3,2,3,0,3,0,8,6,0,58
ВРАЊЕ-ВРАЊСКА БАЊА,Брисање по основу смрти лица,3,2,3,2,2,3,1,2,2,2,1,5,1,1,2,2,2,3,4,6,0,2,1,0,1,3,3,3,2,2,4,3,73
ВРАЊЕ-ВРАЊСКА БАЊА,Брисање по службеној дужности,1,0,0,0,0,0,0,0,0,0,0,0,0,0,1,0,0,0,0,0,0,0,0,0,0,1,0,0,0,0,0,0,3
ВРАЊЕ-ВРАЊСКА БАЊА,Потврда о упису у бирачки списак,0,0,0,0,0,0,0,0,0,0,0,0,0,0,0,0,0,0,0,0,0,0,0,0,0,0,0,0,0,0,1,0,1
ВРАЊЕ-ВРАЊСКА БАЊА,Промена адресе пребивалишта,11,15,13,22,9,9,12,11,19,19,2,10,15,17,14,12,12,13,18,8,12,18,30,43,23,20,12,8,8,20,10,20,485
ВРАЊЕ-ВРАЊСКА БАЊА,Промена личних података,1,2,0,0,1,1,3,0,2,0,1,0,0,0,0,2,1,0,2,1,0,1,1,1,2,1,0,1,2,27,4,2,59
ВРАЊЕ-ВРАЊСКА БАЊА,Упис за гласање по месту боравишта у иностранству,0,0,0,0,0,0,0,0,0,0,0,0,0,0,0,0,0,0,0,0,0,0,0,0,0,0,0,0,0,0,5,27,32
ВРАЊЕ-ВРАЊСКА БАЊА,Упис по основу пријаве пребивалишта,3,5,1,3,1,2,0,1,1,1,3,3,1,1,1,1,0,4,0,1,1,3,6,4,2,1,2,1,3,4,8,1,69
ВРАЊЕ-ВРАЊСКА БАЊА,Упис по основу стицања пунолетства,1,1,1,1,3,4,1,1,2,1,2,1,3,0,1,2,0,4,4,0,3,0,1,1,0,3,1,1,1,0,11,0,55
ВРБАС,Брисање боравишта интерно расељеног лица,0,0,0,0,0,0,0,0,0,0,0,0,12,0,0,0,0,0,0,0,0,0,0,0,0,0,0,0,0,0,0,0,12
ВРБАС,Брисање по основу губитка пословне способности,0,0,0,0,0,0,0,0,0,0,0,0,0,0,0,0,0,0,1,2,0,0,0,0,0,0,0,0,0,0,0,0,3
ВРБАС,Брисање по основу одјаве пребивалишта,7,12,9,5,8,7,4,13,9,5,8,14,4,4,4,5,9,11,11,4,2,5,4,8,3,10,3,5,4,18,24,7,246
ВРБАС,Брисање по основу отпуста из држављанства,0,0,0,0,0,0,0,0,0,0,0,0,0,0,0,0,0,0,0,0,0,0,0,0,0,0,1,0,0,0,0,0,1
ВРБАС,Брисање по основу смрти лица,7,8,13,2,21,12,11,7,21,6,6,6,15,13,6,7,11,9,5,9,10,7,7,12,0,23,9,7,11,7,11,13,312
ВРБАС,Брисање по службеној дужности,2,0,0,0,0,0,0,0,0,0,0,0,1,0,0,0,0,0,0,0,0,0,0,0,0,0,0,0,0,0,0,0,3
ВРБАС,Исправка техничке грешке,0,0,0,0,0,0,0,0,0,0,0,0,0,0,0,0,0,0,0,0,0,0,0,0,0,1,0,0,0,0,0,1,2
ВРБАС,Промена адресе пребивалишта,5,14,15,4,26,9,12,6,13,18,14,2,10,17,17,5,12,6,3,11,8,8,13,12,0,29,9,7,24,11,15,8,363
ВРБАС,Промена гласања по месту боравишта у иностранству,0,0,0,0,0,0,0,0,0,0,0,0,0,0,0,0,0,0,0,0,0,0,0,0,0,0,0,0,0,0,0,1,1
ВРБАС,Промена личних података,2,1,1,3,4,3,4,2,0,4,3,3,7,5,4,3,7,4,1,7,3,4,4,1,0,10,1,4,5,8,6,6,120
ВРБАС,Упис за гласање по месту боравишта у земљи,0,0,0,0,0,0,0,0,0,0,0,0,0,0,0,0,0,0,0,0,0,0,0,0,0,0,0,0,0,0,1,2,3
ВРБАС,Упис за гласање по месту боравишта у иностранству,0,0,0,0,0,0,0,0,0,0,0,0,0,0,0,0,0,0,0,0,0,0,0,0,0,0,0,0,0,0,79,69,148
ВРБАС,Упис по основу последњег пребивалишта,0,0,0,0,0,0,0,0,0,0,0,0,0,0,0,0,0,0,0,0,0,0,0,0,0,0,0,0,0,0,0,1,1
ВРБАС,Упис по основу пријаве пребивалишта,7,3,12,3,9,4,6,8,7,2,10,6,12,7,6,3,5,4,8,2,6,5,7,2,0,23,1,12,1,18,22,4,225
ВРБАС,Упис по основу стицања пунолетства,6,5,8,0,16,5,7,5,9,10,8,3,5,12,6,8,8,4,10,6,5,9,12,5,0,22,12,4,5,13,27,27,282
ВРШАЦ - ГРАД,Брисање боравишта интерно расељеног лица,0,0,0,0,0,3,0,0,0,0,0,0,0,0,0,0,0,0,0,0,0,0,0,0,0,0,0,0,0,0,0,0,3
ВРШАЦ - ГРАД,Брисање гласања по месту боравишта у иностранству,0,0,0,0,0,0,0,0,0,0,0,0,0,0,0,0,0,0,0,0,0,0,0,0,0,0,0,0,0,0,0,1,1
ВРШАЦ - ГРАД,Брисање по основу губитка пословне способности,2,1,0,0,1,1,0,0,1,0,0,0,1,0,0,0,0,0,0,2,0,1,0,0,1,0,0,0,2,0,2,1,16
ВРШАЦ - ГРАД,Брисање по основу дуплог уписа,0,0,0,0,0,0,0,0,0,0,1,0,0,0,0,1,0,0,0,0,0,0,0,0,0,0,0,0,0,0,0,0,2
ВРШАЦ - ГРАД,Брисање по основу одјаве пребивалишта,3,12,8,8,5,5,7,7,5,3,7,4,7,3,3,7,4,5,3,3,4,7,7,3,11,7,2,6,4,9,20,8,197
ВРШАЦ - ГРАД,Брисање по основу отпуста из држављанства,1,1,0,0,0,0,0,0,0,0,0,0,0,0,0,2,0,0,0,0,0,0,0,0,0,0,2,0,0,0,0,0,6
ВРШАЦ - ГРАД,Брисање по основу смрти лица,18,18,18,18,11,11,9,12,15,9,10,8,15,10,16,12,8,11,17,18,14,17,14,14,14,18,15,9,8,15,13,12,427
ВРШАЦ - ГРАД,Брисање по службеној дужности,0,3,7,2,0,9,5,6,13,0,3,0,1,12,1,2,5,7,1,0,3,1,5,2,3,1,8,1,5,1,5,0,112
ВРШАЦ - ГРАД,Потврда о упису у бирачки списак,0,0,0,0,0,0,0,0,0,0,0,0,0,0,0,0,0,0,0,0,0,0,0,0,0,0,0,0,0,0,1,0,1
ВРШАЦ - ГРАД,Промена адресе пребивалишта,8,11,22,17,11,14,16,8,6,138,31,40,61,308,13,110,235,144,10,12,177,91,12,15,13,11,13,24,18,23,38,28,1678
ВРШАЦ - ГРАД,Промена личних података,7,2,3,5,3,4,9,3,3,5,8,1,7,10,7,8,6,6,5,3,5,3,3,4,11,5,6,5,3,5,144,17,316
ВРШАЦ - ГРАД,Упис за гласање по месту боравишта у земљи,0,0,0,0,0,0,0,0,0,0,0,0,0,0,0,0,0,0,0,0,0,0,0,0,0,0,0,0,0,0,3,3,6
ВРШАЦ - ГРАД,Упис за гласање по месту боравишта у иностранству,0,0,0,0,0,0,0,0,0,0,0,0,0,0,0,0,0,0,0,0,0,0,0,0,0,0,0,0,0,2,64,186,252
ВРШАЦ - ГРАД,Упис по основу последњег пребивалишта,0,0,0,0,0,0,0,0,0,0,0,0,0,0,0,0,0,0,0,0,0,0,0,0,0,0,0,0,0,0,0,1,1
ВРШАЦ - ГРАД,Упис по основу пријаве боравишта интерно расељеног лица,0,0,0,0,0,0,0,0,0,1,0,0,0,0,0,0,0,0,0,0,0,0,0,0,0,0,0,0,0,0,0,0,1
ВРШАЦ - ГРАД,Упис по основу пријаве пребивалишта,27,8,11,10,9,7,9,3,9,12,24,6,8,7,13,5,4,11,8,6,11,7,11,14,10,10,9,3,7,14,52,14,359
ВРШАЦ - ГРАД,Упис по основу стицања пунолетства,12,7,14,12,12,11,8,9,10,9,10,13,7,10,15,6,7,11,10,11,7,11,17,14,13,12,16,9,8,13,66,1,391
ВУЧИТРН,Брисање боравишта интерно расељеног лица,0,0,0,0,0,0,0,0,0,0,0,0,0,0,0,0,0,0,0,0,0,1,0,0,0,0,0,0,0,0,0,0,1
ВУЧИТРН,Брисање по основу одјаве пребивалишта,1,2,4,1,3,0,0,1,3,2,0,4,0,1,2,3,2,2,5,0,1,3,0,0,4,1,0,4,3,6,8,2,68
ВУЧИТРН,Брисање по основу смрти лица,0,2,0,3,0,0,0,1,0,0,1,0,0,0,1,0,0,0,0,0,0,1,0,0,1,0,0,0,0,1,1,1,13
ВУЧИТРН,Брисање по службеној дужности,0,0,0,0,0,0,0,0,0,0,2,0,0,0,0,0,0,0,0,0,0,0,0,0,0,0,0,0,0,0,0,0,2
ВУЧИТРН,Промена гласања по месту боравишта у земљи,0,0,0,0,0,0,0,0,0,0,0,0,0,0,0,0,0,0,0,0,0,0,0,0,0,0,0,0,0,0,0,1,1
ВУЧИТРН,Промена личних података,0,0,0,0,0,0,0,0,0,0,0,1,0,0,1,0,0,0,0,0,0,1,0,0,0,0,0,1,0,1,0,0,5
ВУЧИТРН,Упис за гласање по месту боравишта у земљи,0,0,0,0,0,0,0,0,0,0,0,0,0,0,0,0,0,0,0,0,0,0,0,0,0,0,0,0,0,2,6,61,69
ВУЧИТРН,Упис за гласање по месту боравишта у иностранству,0,0,0,0,0,0,0,0,0,0,0,0,0,0,0,0,0,0,0,0,0,0,0,0,0,0,0,0,0,0,3,16,19
ВУЧИТРН,Упис по основу пријаве пребивалишта,0,0,0,0,0,1,0,0,0,0,0,0,0,0,1,0,0,0,0,0,0,0,0,0,0,0,0,0,0,1,2,12,17
ВУЧИТРН,Упис по основу стицања пунолетства,0,1,0,1,0,2,1,0,3,2,0,0,0,0,3,0,1,0,0,0,0,6,0,1,1,0,2,2,2,2,10,0,40
ГЊИЛАНЕ,Брисање по основу одјаве пребивалишта,1,0,3,4,1,1,1,2,4,3,0,5,1,4,4,1,5,5,1,4,3,4,4,1,1,10,2,6,3,5,28,4,121
ГЊИЛАНЕ,Брисање по основу смрти лица,3,0,2,0,3,1,0,1,2,2,1,2,3,0,4,2,2,1,0,0,26,5,0,2,0,2,1,0,2,1,1,4,73
ГЊИЛАНЕ,Промена адресе пребивалишта,0,0,0,0,1,0,0,0,0,0,2,0,0,0,0,0,0,0,0,0,0,0,0,2,0,1,0,0,0,0,0,0,6
ГЊИЛАНЕ,Промена личних података,0,0,0,0,1,0,0,0,0,0,0,0,0,0,0,0,0,0,0,0,0,0,5,3,0,2,2,0,0,0,0,0,13
ГЊИЛАНЕ,Упис за гласање по месту боравишта у земљи,0,0,0,0,0,0,0,0,0,0,0,0,0,0,0,0,0,0,0,0,0,0,0,0,0,0,0,0,0,0,196,451,647
ГЊИЛАНЕ,Упис за гласање по месту боравишта у иностранству,0,0,0,0,0,0,0,0,0,0,0,0,0,0,0,0,0,0,0,0,0,0,0,0,0,0,0,0,0,0,3,13,16
ГЊИЛАНЕ,Упис по основу пријаве пребивалишта,1,0,0,5,0,1,1,0,0,0,3,0,1,0,0,0,0,0,0,0,1,0,1,0,1,0,0,2,0,1,7,49,74
ГЊИЛАНЕ,Упис по основу стицања пунолетства,34,3,1,1,5,1,9,4,13,1,4,4,37,15,28,15,32,13,0,17,4,4,2,3,1,3,3,4,2,1,2,10,276
ГАЏИН ХАН,Брисање по основу одјаве пребивалишта,2,2,1,2,1,1,4,3,4,2,6,0,3,2,2,1,1,0,1,0,0,1,2,3,2,1,0,3,0,6,2,1,59
ГАЏИН ХАН,Брисање по основу смрти лица,1,1,4,4,4,1,3,1,3,5,1,2,3,1,0,6,3,0,3,1,1,3,3,3,6,2,3,3,2,6,3,1,83
ГАЏИН ХАН,Брисање по службеној дужности,0,0,0,1,0,0,0,8,0,0,0,0,0,0,0,0,0,0,0,0,0,0,0,0,0,0,0,0,0,0,0,0,9
ГАЏИН ХАН,Исправка техничке грешке,0,0,0,0,1,0,0,0,0,0,0,0,0,0,0,0,0,0,0,0,0,0,0,0,0,0,0,0,0,0,0,0,1
ГАЏИН ХАН,Промена адресе пребивалишта,7,11,11,23,25,10,9,22,16,15,8,13,11,6,3,16,10,11,11,7,13,8,11,9,8,11,13,0,1,24,11,16,370
ГАЏИН ХАН,Промена личних података,1,0,0,0,0,0,0,0,1,0,0,1,1,0,0,1,1,0,0,1,0,2,0,0,1,0,1,0,1,5,5,0,22
ГАЏИН ХАН,Упис за гласање по месту боравишта у иностранству,0,0,0,0,0,0,0,0,0,0,0,0,0,0,0,0,0,0,0,0,0,0,0,0,0,0,0,0,0,0,1,7,8
ГАЏИН ХАН,Упис по основу пријаве пребивалишта,3,2,4,1,0,1,4,2,0,1,0,0,2,0,0,2,2,4,3,1,0,2,2,1,1,3,1,0,1,3,5,0,51
ГАЏИН ХАН,Упис по основу стицања пунолетства,0,1,2,1,2,0,2,2,0,0,0,0,0,1,0,0,2,2,1,0,0,0,0,1,0,2,1,0,2,1,4,0,27
ГОЛУБАЦ,Брисање по основу губитка пословне способности,0,0,0,0,0,0,1,0,0,0,0,0,0,0,0,0,0,0,0,0,0,0,0,0,0,0,0,0,0,0,0,1,2
ГОЛУБАЦ,Брисање по основу одјаве пребивалишта,4,7,5,2,1,2,0,4,2,2,2,2,1,1,2,3,3,3,7,1,1,2,0,3,1,2,1,0,0,3,3,5,75
ГОЛУБАЦ,Брисање по основу отпуста из држављанства,0,1,0,0,0,0,0,0,0,0,0,0,0,0,0,0,0,0,0,0,0,0,0,0,0,0,0,0,0,0,0,0,1
ГОЛУБАЦ,Брисање по основу смрти лица,5,3,5,3,5,3,5,2,4,3,4,4,2,2,2,1,6,0,0,3,2,4,1,2,4,1,2,2,1,2,2,2,87
ГОЛУБАЦ,Брисање по службеној дужности,0,0,2,2,0,0,0,0,0,0,0,0,0,0,0,0,0,0,0,0,0,0,0,0,0,0,0,0,0,0,0,0,4
ГОЛУБАЦ,Исправка техничке грешке,1,1,0,0,1,0,0,0,0,0,0,0,0,0,0,0,0,0,0,0,0,0,0,0,0,0,0,0,0,0,1,0,4
ГОЛУБАЦ,Промена адресе пребивалишта,49,15,32,32,22,21,16,23,13,17,17,19,25,17,12,19,14,23,15,9,17,27,25,30,29,31,14,16,14,27,16,19,675
ГОЛУБАЦ,Промена личних података,4,0,1,0,1,0,2,2,0,1,2,0,1,2,3,0,1,2,0,0,1,1,1,1,0,2,0,0,1,31,1,1,62
ГОЛУБАЦ,Упис за гласање по месту боравишта у земљи,0,0,0,0,0,0,0,0,0,0,0,0,0,0,0,0,0,0,0,0,0,0,0,0,0,0,0,0,0,0,2,13,15
ГОЛУБАЦ,Упис за гласање по месту боравишта у иностранству,0,0,0,0,0,0,0,0,0,0,0,0,0,0,0,0,0,0,0,0,0,0,0,0,0,0,0,0,0,0,8,46,54
ГОЛУБАЦ,Упис по основу пријаве пребивалишта,0,13,2,4,3,2,1,1,2,0,2,4,2,2,1,0,2,1,2,1,1,2,2,5,1,3,0,2,1,1,0,12,75
ГОЛУБАЦ,Упис по основу пријема у држављанство,0,0,0,0,0,0,0,0,0,0,0,0,0,0,0,0,0,0,0,0,1,0,0,0,0,0,0,1,0,0,0,0,2
ГОЛУБАЦ,Упис по основу стицања пунолетства,0,1,2,0,2,2,0,1,2,1,0,1,3,1,0,0,0,0,4,0,1,2,1,0,0,1,0,0,1,3,9,0,38
ГОРЊИ МИЛАНОВАЦ,Брисање боравишта интерно расељеног лица,1,1,0,0,0,0,1,1,1,0,0,0,0,0,1,0,0,0,0,0,0,0,0,0,0,0,0,0,0,1,2,1,10
ГОРЊИ МИЛАНОВАЦ,Брисање по основу губитка пословне способности,0,1,1,0,0,0,0,0,0,0,0,0,1,0,0,1,0,0,0,0,0,2,0,0,0,2,0,0,0,0,0,0,8
ГОРЊИ МИЛАНОВАЦ,Брисање по основу одјаве пребивалишта,7,9,14,2,6,6,10,6,8,4,8,9,4,4,4,2,4,3,3,3,2,6,7,3,4,5,2,7,0,13,14,12,191
ГОРЊИ МИЛАНОВАЦ,Брисање по основу смрти лица,13,16,12,15,11,8,14,4,8,14,6,8,9,10,8,8,9,11,14,18,9,10,12,11,8,9,12,11,11,10,9,10,338
ГОРЊИ МИЛАНОВАЦ,Брисање по службеној дужности,0,0,2,1,0,0,0,0,0,0,1,0,0,1,0,0,0,0,1,0,0,0,0,0,0,0,0,0,0,0,3,0,9
ГОРЊИ МИЛАНОВАЦ,Потврда о изборном праву,0,0,0,0,0,0,0,0,0,0,0,0,0,0,0,0,0,0,0,0,0,0,0,0,0,0,0,0,1,0,0,0,1
ГОРЊИ МИЛАНОВАЦ,Потврда о изборном праву кандидата за одборнике,0,0,0,0,0,0,0,0,0,0,0,0,0,0,0,0,0,0,0,0,0,0,0,0,0,0,0,0,1,0,0,0,1
ГОРЊИ МИЛАНОВАЦ,Потврда о упису у бирачки списак,0,0,0,0,0,0,0,0,0,0,0,0,0,0,0,0,0,0,0,0,0,0,0,0,0,0,0,1,0,0,0,0,1
ГОРЊИ МИЛАНОВАЦ,Промена адресе боравишта интерно расељеног лица,0,0,0,2,1,0,0,3,0,0,1,0,0,0,0,0,2,0,1,0,0,0,2,0,0,1,0,2,0,1,0,0,16
ГОРЊИ МИЛАНОВАЦ,Промена адресе пребивалишта,6,10,15,15,16,3,10,12,13,12,6,5,12,9,12,11,4,6,5,14,4,9,15,13,0,25,7,7,6,8,9,5,304
ГОРЊИ МИЛАНОВАЦ,Промена гласања по месту боравишта у иностранству,0,0,0,0,0,0,0,0,0,0,0,0,0,0,0,0,0,0,0,0,0,0,0,0,0,0,0,0,0,0,1,1,2
ГОРЊИ МИЛАНОВАЦ,Промена личних података,4,6,3,1,3,0,1,3,1,3,6,6,8,7,4,5,6,3,0,3,2,4,5,8,0,9,1,1,1,9,16,9,138
ГОРЊИ МИЛАНОВАЦ,Упис за гласање по месту боравишта у земљи,0,0,0,0,0,0,0,0,0,0,0,0,0,0,0,0,0,0,0,0,0,0,0,0,0,0,0,0,0,0,5,13,18
ГОРЊИ МИЛАНОВАЦ,Упис за гласање по месту боравишта у иностранству,0,0,0,0,0,0,0,0,0,0,0,0,0,0,0,0,0,0,0,0,0,0,0,0,0,0,0,0,0,0,64,110,174
ГОРЊИ МИЛАНОВАЦ,Упис по основу последњег пребивалишта,0,0,0,0,0,0,0,0,0,0,0,0,0,0,0,0,0,0,0,0,0,0,0,0,0,0,0,0,0,0,0,1,1
ГОРЊИ МИЛАНОВАЦ,Упис по основу пријаве боравишта интерно расељеног лица,0,0,0,0,0,0,0,0,0,1,0,0,0,0,0,0,1,0,0,0,0,0,0,0,0,1,0,0,2,0,0,0,5
ГОРЊИ МИЛАНОВАЦ,Упис по основу пријаве пребивалишта,10,7,6,5,5,2,4,6,8,11,5,5,8,3,6,6,3,5,0,2,3,6,2,7,0,6,6,6,5,7,16,16,187
ГОРЊИ МИЛАНОВАЦ,Упис по основу пријема у држављанство,0,0,0,0,0,0,0,0,0,0,0,0,1,1,0,0,0,0,0,0,0,0,0,0,0,1,0,0,1,0,0,1,5
ГОРЊИ МИЛАНОВАЦ,Упис по основу стицања пунолетства,8,7,10,7,6,2,8,3,9,7,3,5,8,7,7,4,6,3,8,10,10,10,9,10,0,15,8,5,12,7,15,13,242
ГОРА,Брисање по основу одјаве пребивалишта,1,0,1,0,1,0,1,0,0,0,2,1,1,0,1,2,1,1,0,0,0,0,0,0,0,1,1,3,1,1,1,0,21
ГОРА,Брисање по основу смрти лица,2,1,0,1,0,1,0,0,0,0,0,0,0,2,0,0,3,0,0,0,0,5,0,0,0,0,0,0,0,6,0,0,21
ГОРА,Упис за гласање по месту боравишта у земљи,0,0,0,0,0,0,0,0,0,0,0,0,0,0,0,0,0,0,0,0,0,0,0,0,0,0,0,0,0,0,0,10,10
ГОРА,Упис по основу пријаве пребивалишта,0,0,0,1,0,1,0,0,0,3,0,0,0,0,0,0,0,0,0,0,0,0,0,0,0,0,0,0,0,0,0,0,5
ГОРА,Упис по основу стицања пунолетства,0,0,0,0,0,0,0,0,0,0,0,0,0,0,0,0,0,0,0,0,0,0,0,0,0,0,0,0,0,0,0,3,3
ДЕСПОТОВАЦ,Брисање по основу губитка пословне способности,0,0,0,0,0,0,0,0,0,0,0,0,1,0,0,0,1,0,0,0,0,0,0,0,0,0,0,0,0,0,0,5,7
ДЕСПОТОВАЦ,Брисање по основу одјаве пребивалишта,2,8,6,3,10,3,6,3,4,5,0,7,2,5,3,4,4,1,4,3,2,2,7,1,6,1,8,7,1,7,10,3,138
ДЕСПОТОВАЦ,Брисање по основу отпуста из држављанства,0,0,0,0,0,0,0,0,0,2,0,0,0,0,1,0,1,0,0,0,0,0,0,0,0,0,0,0,0,0,0,0,4
ДЕСПОТОВАЦ,Брисање по основу смрти лица,6,8,3,8,8,5,7,3,11,5,7,13,8,6,3,13,2,3,11,4,13,6,5,5,6,6,3,8,6,14,4,10,220
ДЕСПОТОВАЦ,Брисање по службеној дужности,0,2,7,1,4,1,0,0,0,0,0,0,0,0,5,0,0,0,0,1,1,0,0,1,0,0,0,0,0,0,0,0,23
ДЕСПОТОВАЦ,Потврда о изборном праву,0,0,0,0,0,0,0,0,0,0,0,0,0,0,0,0,0,0,0,0,0,0,0,0,0,0,0,0,0,0,2,0,2
ДЕСПОТОВАЦ,Промена адресе пребивалишта,1,1,4,2,5,2,5,6,0,0,0,15,7,8,7,6,8,1,4,0,2,9,4,4,3,11,1,14,5,0,6,3,144
ДЕСПОТОВАЦ,Промена личних података,1,2,0,1,0,0,4,0,0,0,0,7,5,1,4,0,2,0,2,1,1,1,2,3,4,8,2,3,2,18,4,3,81
ДЕСПОТОВАЦ,Упис за гласање по месту боравишта у земљи,0,0,0,0,0,0,0,0,0,0,0,0,0,0,0,0,0,0,0,0,0,0,0,0,0,0,0,0,0,0,1,3,4
ДЕСПОТОВАЦ,Упис за гласање по месту боравишта у иностранству,0,0,0,0,0,0,0,0,0,0,0,0,0,0,0,0,0,0,0,0,0,0,0,0,0,0,0,0,0,0,46,105,151
ДЕСПОТОВАЦ,Упис по основу пријаве боравишта интерно расељеног лица,0,0,0,0,0,0,0,0,0,0,0,0,0,0,0,0,0,0,0,1,0,0,0,0,0,0,0,0,0,0,0,0,1
ДЕСПОТОВАЦ,Упис по основу пријаве пребивалишта,7,3,1,5,6,2,1,5,0,0,7,4,4,0,0,3,1,5,3,3,4,1,5,4,5,5,1,3,3,12,3,3,109
ДЕСПОТОВАЦ,Упис по основу стицања пунолетства,7,2,7,5,2,4,3,1,0,0,0,15,5,2,5,1,3,8,4,4,3,1,7,4,3,5,2,7,3,1,27,0,141
ДИМИТРОВГРАД,Брисање по основу губитка пословне способности,0,0,0,0,1,0,0,0,0,0,0,0,0,0,0,0,0,0,0,0,0,0,0,0,0,0,0,0,0,0,0,0,1
ДИМИТРОВГРАД,Брисање по основу одјаве пребивалишта,1,2,1,2,0,0,0,0,0,1,0,1,2,0,1,3,0,0,3,0,0,1,5,1,0,1,2,1,0,1,4,4,37
ДИМИТРОВГРАД,Брисање по основу смрти лица,1,4,3,2,4,1,5,3,3,6,3,1,3,1,5,3,1,1,1,0,2,5,8,4,2,4,3,1,1,4,2,3,90
ДИМИТРОВГРАД,Брисање по службеној дужности,0,0,0,0,0,0,0,0,0,0,0,0,0,0,0,3,0,0,0,0,0,0,0,0,0,0,0,0,0,0,0,0,3
ДИМИТРОВГРАД,Исправка техничке грешке,1,0,0,0,0,0,0,0,0,0,0,0,0,0,0,0,0,0,0,0,0,0,0,0,0,0,0,0,0,0,0,0,1
ДИМИТРОВГРАД,Потврда о изборном праву,0,0,0,0,0,0,0,0,0,0,0,0,1,0,0,0,0,0,0,0,0,0,0,0,0,0,0,0,0,4,4,2,11
ДИМИТРОВГРАД,Промена адресе пребивалишта,7,11,9,6,10,2,7,4,5,9,1,11,4,10,6,8,9,1,6,5,8,6,8,3,3,7,4,1,7,4,13,16,211
ДИМИТРОВГРАД,Промена личних података,1,2,2,0,1,1,0,1,1,1,1,2,2,0,2,0,0,2,2,0,0,1,0,1,1,2,1,1,0,1,5,3,37
ДИМИТРОВГРАД,Упис за гласање по месту боравишта у земљи,0,0,0,0,0,0,0,0,0,0,0,0,0,0,0,0,0,0,0,0,0,0,0,0,0,0,0,0,0,0,5,4,9
ДИМИТРОВГРАД,Упис за гласање по месту боравишта у иностранству,0,0,0,0,0,0,0,0,0,0,0,0,0,0,0,0,0,0,0,0,0,0,0,0,0,0,0,0,0,0,10,19,29
ДИМИТРОВГРАД,Упис по основу пријаве пребивалишта,0,0,0,0,0,0,2,0,2,1,0,4,0,0,0,0,0,0,0,0,0,2,1,0,2,4,0,1,0,1,7,0,27
ДИМИТРОВГРАД,Упис по основу пријема у држављанство,0,0,0,0,0,0,1,0,0,0,0,0,0,0,0,0,0,0,0,0,0,0,0,0,0,0,0,0,0,0,0,0,1
ДИМИТРОВГРАД,Упис по основу стицања пунолетства,1,1,0,3,0,0,3,1,3,1,0,1,2,1,5,0,1,0,3,1,1,0,0,4,0,3,0,3,3,2,9,0,52
ДОЉЕВАЦ,Брисање боравишта интерно расељеног лица,0,0,0,0,0,0,0,0,12,0,0,0,0,0,0,0,0,1,0,0,0,0,0,0,0,0,0,0,0,0,0,0,13
ДОЉЕВАЦ,Брисање по основу губитка пословне способности,0,0,0,0,0,0,0,0,2,0,0,1,0,0,0,1,0,0,0,0,0,0,0,0,0,0,0,0,1,0,2,0,7
ДОЉЕВАЦ,Брисање по основу одјаве пребивалишта,3,4,8,3,5,6,1,8,6,4,3,2,4,5,4,2,6,2,3,1,3,2,10,4,1,2,3,1,1,16,10,6,139
ДОЉЕВАЦ,Брисање по основу смрти лица,5,5,3,6,4,4,8,3,3,0,0,23,2,0,14,7,9,5,3,8,6,2,3,9,1,10,3,4,7,6,5,10,178
ДОЉЕВАЦ,Потврда о изборном праву,0,0,0,0,0,0,0,0,0,0,0,0,0,0,0,0,0,0,0,0,0,0,0,0,0,0,0,0,0,0,4,0,4
ДОЉЕВАЦ,Промена адресе боравишта интерно расељеног лица,0,0,0,0,0,0,0,0,4,0,0,0,0,0,0,0,0,0,0,0,0,0,0,0,0,0,0,0,0,0,0,0,4
ДОЉЕВАЦ,Промена адресе пребивалишта,24,42,34,33,44,44,26,27,10,0,0,51,0,0,0,75,86,33,49,31,19,18,68,73,16,0,0,0,22,100,78,31,1034
ДОЉЕВАЦ,Промена личних података,0,2,2,1,1,2,1,0,0,0,0,2,0,0,0,1,3,5,2,3,4,1,3,1,3,0,0,0,0,16,4,3,60
ДОЉЕВАЦ,Упис за гласање по месту боравишта у земљи,0,0,0,0,0,0,0,0,0,0,0,0,0,0,0,0,0,0,0,0,0,0,0,0,0,0,0,0,0,0,0,2,2
ДОЉЕВАЦ,Упис за гласање по месту боравишта у иностранству,0,0,0,0,0,0,0,0,0,0,0,0,0,0,0,0,0,0,0,0,0,0,0,0,0,0,0,0,0,1,23,20,44
ДОЉЕВАЦ,Упис по основу пријаве боравишта интерно расељеног лица,0,0,0,0,0,0,0,0,0,0,0,0,0,0,0,1,0,0,0,0,0,0,0,0,0,0,0,0,0,1,0,0,2
ДОЉЕВАЦ,Упис по основу пријаве пребивалишта,0,13,9,4,4,8,6,5,0,0,0,7,0,0,0,15,5,8,9,3,3,7,5,7,1,0,0,0,12,30,12,1,174
ДОЉЕВАЦ,Упис по основу стицања пунолетства,0,5,1,1,6,4,1,2,4,0,0,3,0,0,0,10,8,5,11,7,1,2,7,9,3,0,0,0,8,13,37,0,148
ЖАБАЉ,Брисање боравишта интерно расељеног лица,0,0,0,0,0,0,0,0,0,0,0,0,4,0,0,0,0,0,0,0,0,0,0,0,0,0,0,0,0,0,0,0,4
ЖАБАЉ,Брисање по основу губитка пословне способности,0,0,0,0,0,0,0,0,0,0,0,1,0,4,0,0,0,0,0,0,0,0,0,0,0,0,0,0,0,0,0,0,5
ЖАБАЉ,Брисање по основу одјаве пребивалишта,5,7,13,1,5,5,2,1,12,5,2,7,5,6,3,6,1,7,4,2,1,2,1,7,8,5,0,6,4,11,17,1,162
ЖАБАЉ,Брисање по основу отпуста из држављанства,0,0,2,0,0,0,0,0,0,0,0,0,0,0,1,0,0,0,1,0,0,0,0,0,0,0,0,0,0,0,0,0,4
ЖАБАЉ,Брисање по основу смрти лица,5,8,4,7,14,4,4,5,8,8,5,9,15,0,8,5,3,5,8,6,7,5,3,5,1,9,7,5,3,6,9,3,194
ЖАБАЉ,Брисање по службеној дужности,0,0,8,1,0,0,0,0,0,0,0,0,0,0,0,0,0,0,0,0,0,0,0,0,1,0,0,0,3,3,1,0,17
ЖАБАЉ,Промена адресе пребивалишта,3,6,12,12,5,11,8,9,0,8,7,5,14,8,6,2,3,18,6,6,1,4,13,9,2,6,5,4,6,11,13,7,230
ЖАБАЉ,Промена личних података,1,5,1,2,1,1,1,2,0,1,3,4,5,3,3,1,3,0,2,2,0,1,2,3,2,2,6,0,3,5,40,12,117
ЖАБАЉ,Упис за гласање по месту боравишта у земљи,0,0,0,0,0,0,0,0,0,0,0,0,0,0,0,0,0,0,0,0,0,0,0,0,0,0,0,0,0,0,0,1,1
ЖАБАЉ,Упис за гласање по месту боравишта у иностранству,0,0,0,0,0,0,0,0,0,0,0,0,0,0,0,0,0,0,0,0,0,0,0,0,0,0,0,0,0,4,47,49,100
ЖАБАЉ,Упис по основу пријаве пребивалишта,7,6,11,4,7,8,5,5,5,8,8,3,6,4,4,3,4,5,4,1,1,6,7,7,9,8,3,7,3,7,4,23,193
ЖАБАЉ,Упис по основу стицања пунолетства,2,6,10,8,2,9,4,4,5,4,0,5,2,5,9,4,1,6,4,7,8,6,3,5,4,5,10,4,5,16,38,0,201
ЖАБАРИ,Брисање по основу губитка пословне способности,0,0,0,0,0,1,0,0,0,0,0,0,0,0,0,0,0,0,0,0,0,0,0,0,0,0,0,0,0,0,0,0,1
ЖАБАРИ,Брисање по основу одјаве пребивалишта,0,6,4,1,1,1,1,2,1,1,1,4,1,3,0,2,2,7,6,0,3,0,3,1,3,2,0,1,1,3,2,6,69
ЖАБАРИ,Брисање по основу отпуста из држављанства,0,0,0,0,0,0,0,0,0,0,0,0,0,0,0,0,0,0,0,0,0,0,0,0,0,0,0,0,0,0,1,0,1
ЖАБАРИ,Брисање по основу смрти лица,4,2,7,4,2,5,1,2,5,8,0,2,3,1,4,2,4,4,1,4,7,2,6,2,4,2,2,1,4,3,3,6,107
ЖАБАРИ,Промена адресе пребивалишта,9,9,5,20,17,17,17,12,10,0,21,14,11,7,8,9,0,0,24,3,12,10,19,23,21,20,21,10,0,20,11,15,395
ЖАБАРИ,Промена личних података,0,0,1,2,1,0,2,0,0,1,1,2,0,0,0,1,3,1,2,1,1,1,1,4,2,1,3,1,2,0,1,2,37
ЖАБАРИ,Упис за гласање по месту боравишта у земљи,0,0,0,0,0,0,0,0,0,0,0,0,0,0,0,0,0,0,0,0,0,0,0,0,0,0,0,0,0,0,1,0,1
ЖАБАРИ,Упис за гласање по месту боравишта у иностранству,0,0,0,0,0,0,0,0,0,0,0,0,0,0,0,0,0,0,0,0,0,0,0,0,0,0,0,0,0,0,32,72,104
ЖАБАРИ,Упис по основу пријаве пребивалишта,4,5,4,2,2,0,1,3,4,0,4,0,5,1,1,1,2,1,5,1,2,4,3,3,11,5,3,1,2,5,8,4,97
ЖАБАРИ,Упис по основу пријема у држављанство,0,0,0,0,0,0,0,0,0,0,0,0,2,0,0,0,0,0,0,0,0,2,1,2,1,0,0,0,0,0,2,0,10
ЖАБАРИ,Упис по основу стицања пунолетства,2,4,1,4,1,0,2,4,3,1,1,1,0,4,4,4,2,2,3,4,1,1,0,4,4,2,3,1,1,6,1,11,82
ЖАГУБИЦА,Брисање по основу губитка пословне способности,0,0,0,0,0,0,0,0,0,0,0,0,0,0,0,2,0,0,0,0,0,0,0,0,0,0,0,0,0,0,1,0,3
ЖАГУБИЦА,Брисање по основу одјаве пребивалишта,3,8,6,3,4,2,2,0,3,0,1,1,1,4,3,2,1,0,2,1,1,0,0,0,2,0,2,5,2,1,6,1,67
ЖАГУБИЦА,Брисање по основу отпуста из држављанства,0,0,0,0,0,0,0,0,0,0,0,0,1,0,0,0,0,0,0,0,0,0,0,0,0,0,0,0,0,0,0,0,1
ЖАГУБИЦА,Брисање по основу смрти лица,5,3,9,4,2,3,2,2,2,3,2,8,2,1,3,2,1,4,5,5,5,1,5,4,7,1,6,4,1,6,5,5,118
ЖАГУБИЦА,Брисање по службеној дужности,0,1,7,4,0,0,0,0,0,0,0,0,0,0,0,0,0,0,0,0,0,0,0,0,0,0,0,0,0,0,1,0,13
ЖАГУБИЦА,Потврда о изборном праву,0,0,0,0,0,0,0,0,0,0,0,0,0,0,0,0,0,0,0,0,0,0,0,0,0,0,0,0,0,1,0,0,1
ЖАГУБИЦА,Потврда о изборном праву кандидата за одборнике,0,0,0,0,0,0,0,0,0,0,0,0,0,0,0,0,0,0,0,0,0,0,0,0,0,0,0,0,0,1,0,0,1
ЖАГУБИЦА,Потврда о упису у бирачки списак,0,0,0,0,0,0,0,0,0,0,0,0,0,0,0,0,0,0,0,0,0,0,0,0,0,0,0,0,0,1,5,0,6
ЖАГУБИЦА,Промена адресе пребивалишта,12,42,24,35,20,23,31,18,13,22,21,21,36,9,19,18,16,14,14,10,17,10,12,17,19,41,30,7,18,21,18,30,658
ЖАГУБИЦА,Промена личних података,1,1,1,2,0,3,0,0,0,3,0,4,0,0,1,2,1,0,1,0,1,0,2,1,2,0,1,1,0,3,0,3,34
ЖАГУБИЦА,Упис за гласање по месту боравишта у земљи,0,0,0,0,0,0,0,0,0,0,0,0,0,0,0,0,0,0,0,0,0,0,0,0,0,0,0,0,0,0,3,8,11
ЖАГУБИЦА,Упис за гласање по месту боравишта у иностранству,0,0,0,0,0,0,0,0,0,0,0,0,0,0,0,0,0,0,0,0,0,0,0,0,0,0,0,0,0,3,29,55,87
ЖАГУБИЦА,Упис по основу пријаве пребивалишта,3,0,1,0,5,0,1,0,4,2,2,6,3,2,0,1,3,3,4,3,0,0,3,1,4,8,3,0,0,8,10,2,82
ЖАГУБИЦА,Упис по основу стицања пунолетства,3,3,2,6,2,1,0,3,1,0,1,1,0,2,2,2,4,1,1,1,1,2,2,5,2,3,3,2,4,3,10,0,73
ЖИТИШТЕ,Брисање по основу одјаве пребивалишта,3,6,8,3,7,3,2,4,2,4,2,4,2,4,3,4,0,0,5,7,1,2,1,2,5,1,0,1,0,3,9,2,100
ЖИТИШТЕ,Брисање по основу смрти лица,6,5,0,7,4,4,6,2,5,7,2,6,3,9,4,3,5,5,2,4,11,2,4,6,4,3,2,4,3,4,3,2,137
ЖИТИШТЕ,Брисање по службеној дужности,0,1,3,1,1,2,0,0,0,6,0,0,0,2,0,1,0,4,0,1,3,0,0,0,0,0,3,0,5,0,2,3,38
ЖИТИШТЕ,Исправка техничке грешке,0,0,0,0,0,0,0,0,0,0,0,0,0,0,0,0,1,0,0,0,0,0,0,0,0,0,0,0,0,0,2,0,3
ЖИТИШТЕ,Промена адресе пребивалишта,4,2,3,0,11,7,4,5,3,5,4,2,5,1,4,1,6,6,8,0,6,2,4,5,7,9,4,1,2,3,3,8,135
ЖИТИШТЕ,Промена личних података,3,1,0,1,3,0,3,1,1,4,1,1,5,0,2,1,2,1,2,2,3,1,3,5,3,1,3,3,1,13,4,1,75
ЖИТИШТЕ,Упис за гласање по месту боравишта у земљи,0,0,0,0,0,0,0,0,0,0,0,0,0,0,0,0,0,0,0,0,0,0,0,0,0,0,0,0,0,0,1,1,2
ЖИТИШТЕ,Упис за гласање по месту боравишта у иностранству,0,0,0,0,0,0,0,0,0,0,0,0,0,0,0,0,0,0,0,0,0,0,0,0,0,0,0,0,0,0,22,34,56
ЖИТИШТЕ,Упис по основу пријаве пребивалишта,2,3,4,5,2,1,3,2,4,3,8,2,5,1,4,4,4,2,1,4,3,2,4,6,5,6,6,2,2,1,21,1,123
ЖИТИШТЕ,Упис по основу стицања пунолетства,4,2,1,3,5,1,1,1,3,3,2,1,3,6,2,1,3,2,4,3,0,4,4,1,2,9,5,6,7,4,25,2,120
ЖИТОРАЂА,Брисање боравишта интерно расељеног лица,0,0,0,0,0,0,0,1,0,0,2,0,0,0,1,0,0,0,0,0,0,0,0,0,0,0,0,0,0,1,13,0,18
ЖИТОРАЂА,Брисање по основу одјаве пребивалишта,3,5,5,5,4,1,3,1,5,2,6,4,4,3,1,8,5,1,2,3,1,1,7,5,4,3,2,0,2,3,12,3,114
ЖИТОРАЂА,Брисање по основу смрти лица,3,9,8,5,2,3,8,2,1,4,4,3,6,3,1,5,1,6,8,0,3,0,4,8,3,1,2,2,8,3,5,3,124
ЖИТОРАЂА,Брисање по службеној дужности,0,0,0,0,0,0,0,0,0,0,0,0,0,0,0,0,0,0,0,0,0,0,0,0,2,0,0,0,0,0,0,2,4
ЖИТОРАЂА,Потврда о изборном праву,0,0,0,0,0,0,1,0,0,0,0,0,0,0,0,0,0,0,0,0,0,0,0,0,0,0,0,0,0,0,2,0,3
ЖИТОРАЂА,Потврда о упису у бирачки списак,0,0,0,0,0,0,0,0,0,0,0,0,0,0,0,0,0,0,0,0,0,0,0,0,0,0,0,0,0,0,2,0,2
ЖИТОРАЂА,Промена адресе пребивалишта,6,31,2,27,48,9,21,6,8,45,3,19,24,6,8,9,21,19,15,0,14,0,21,19,3,4,0,1,6,11,9,8,423
ЖИТОРАЂА,Промена личних података,0,3,2,2,3,0,1,1,3,3,0,2,5,0,6,0,2,2,0,0,3,0,6,2,1,2,0,2,1,2,6,1,61
ЖИТОРАЂА,Упис за гласање по месту боравишта у земљи,0,0,0,0,0,0,0,0,0,0,0,0,0,0,0,0,0,0,0,0,0,0,0,0,0,0,0,0,0,0,5,15,20
ЖИТОРАЂА,Упис за гласање по месту боравишта у иностранству,0,0,0,0,0,0,0,0,0,0,0,0,0,0,0,0,0,0,0,0,0,0,0,0,0,0,0,0,0,1,12,28,41
ЖИТОРАЂА,Упис по основу последњег пребивалишта,0,0,0,0,0,0,0,0,0,0,0,0,0,0,0,0,0,0,0,0,0,0,0,0,0,0,0,0,0,0,1,2,3
ЖИТОРАЂА,Упис по основу пријаве боравишта интерно расељеног лица,0,0,0,1,0,0,0,1,0,0,0,0,0,0,0,0,0,0,0,0,0,0,0,0,0,0,0,0,0,0,0,0,2
ЖИТОРАЂА,Упис по основу пријаве пребивалишта,0,7,9,4,2,0,0,8,6,3,0,0,7,0,4,2,1,2,3,0,7,0,9,2,1,5,0,3,0,7,20,1,113
ЖИТОРАЂА,Упис по основу пријема у држављанство,0,0,0,0,0,0,0,0,0,0,0,0,0,0,0,0,0,0,0,0,0,0,1,0,0,0,0,1,0,0,1,1,4
ЖИТОРАЂА,Упис по основу стицања пунолетства,0,3,4,12,8,0,0,4,0,5,0,0,6,1,3,3,9,0,4,0,4,0,4,0,5,2,2,1,0,10,16,9,115
ЗАЈЕЧАР - ГРАД,Брисање боравишта интерно расељеног лица,0,0,0,0,0,0,0,0,0,0,0,0,0,0,0,0,0,0,0,0,0,0,0,3,10,0,0,0,0,0,0,0,13
ЗАЈЕЧАР - ГРАД,Брисање по основу губитка пословне способности,0,0,0,0,0,0,0,0,0,0,0,0,2,0,1,0,0,0,0,0,0,0,0,0,0,0,0,0,0,0,3,0,6
ЗАЈЕЧАР - ГРАД,Брисање по основу одјаве пребивалишта,12,21,13,3,5,10,4,7,14,11,9,9,5,7,11,8,10,9,15,3,4,5,22,10,12,7,6,8,1,24,34,13,332
ЗАЈЕЧАР - ГРАД,Брисање по основу отпуста из држављанства,0,0,4,1,0,0,0,0,2,0,0,0,0,0,0,0,0,0,0,0,0,1,0,0,0,0,0,0,0,1,0,0,9
ЗАЈЕЧАР - ГРАД,Брисање по основу смрти лица,30,25,20,12,12,19,18,23,15,11,12,23,20,22,17,18,14,17,13,17,10,20,16,19,15,19,6,10,21,21,13,17,545
ЗАЈЕЧАР - ГРАД,Брисање по службеној дужности,0,1,0,0,0,1,0,0,0,2,0,0,0,0,0,0,0,1,1,0,0,0,0,0,3,0,0,0,0,0,0,0,9
ЗАЈЕЧАР - ГРАД,Исправка техничке грешке,0,0,0,0,0,0,0,0,0,0,0,0,0,0,0,1,0,0,0,0,0,0,0,1,0,0,0,0,0,28,3,2,35
ЗАЈЕЧАР - ГРАД,Промена адресе боравишта интерно расељеног лица,0,0,0,0,1,1,0,0,0,0,0,0,0,0,0,0,0,0,0,0,0,0,0,0,0,0,0,0,0,0,0,0,2
ЗАЈЕЧАР - ГРАД,Промена адресе пребивалишта,9,7,16,10,13,19,17,2,24,13,12,17,22,19,10,20,10,13,9,4,9,18,10,11,25,11,16,14,15,23,17,5,440
ЗАЈЕЧАР - ГРАД,Промена личних података,7,5,4,5,7,3,5,2,7,7,6,7,10,8,4,7,7,3,5,4,6,2,5,3,1,11,11,2,11,272,7,3,447
ЗАЈЕЧАР - ГРАД,Упис за гласање по месту боравишта у земљи,0,0,0,0,0,0,0,0,0,0,0,0,0,0,0,0,0,0,0,0,0,0,0,0,0,0,0,0,0,2,5,8,15
ЗАЈЕЧАР - ГРАД,Упис за гласање по месту боравишта у иностранству,0,0,0,0,0,0,0,0,0,0,0,0,0,0,0,0,0,0,0,0,0,0,0,0,0,0,0,0,0,3,66,155,224
ЗАЈЕЧАР - ГРАД,Упис по основу последњег пребивалишта,0,0,0,0,0,0,0,0,0,0,0,0,0,0,0,0,0,0,0,0,0,0,0,0,0,0,0,0,0,0,0,3,3
ЗАЈЕЧАР - ГРАД,Упис по основу пријаве боравишта интерно расељеног лица,0,0,0,0,0,0,0,0,0,3,0,0,0,0,0,0,0,0,0,1,0,0,0,1,0,0,0,0,1,1,0,2,9
ЗАЈЕЧАР - ГРАД,Упис по основу пријаве пребивалишта,8,18,15,13,11,14,7,4,14,6,8,9,10,5,9,12,7,10,6,6,4,13,10,9,7,9,4,11,9,44,4,5,321
ЗАЈЕЧАР - ГРАД,Упис по основу пријема у држављанство,0,0,0,1,1,0,0,0,0,0,0,1,0,0,0,0,0,0,0,0,0,0,0,0,0,1,1,0,0,0,0,0,5
ЗАЈЕЧАР - ГРАД,Упис по основу стицања пунолетства,6,12,7,6,6,7,5,3,14,8,8,13,10,7,10,13,6,6,11,11,17,8,7,10,18,7,13,9,8,5,57,0,328
ЗВЕЧАН,Брисање боравишта интерно расељеног лица,0,0,0,0,0,0,0,0,0,0,0,0,0,0,0,0,0,1,0,0,0,0,0,0,0,0,0,0,0,0,0,0,1
ЗВЕЧАН,Брисање гласања по месту боравишта у земљи,0,0,0,0,0,0,0,0,0,0,0,0,0,0,0,0,0,0,0,0,0,0,0,0,0,0,0,0,0,0,2,0,2
ЗВЕЧАН,Брисање по основу одјаве пребивалишта,0,5,3,2,5,0,1,6,3,1,3,3,2,0,1,2,0,2,5,3,1,6,1,3,5,2,4,8,2,9,16,4,108
ЗВЕЧАН,Брисање по основу смрти лица,0,2,1,2,0,2,1,2,3,3,0,2,1,5,2,2,2,2,1,0,8,2,1,0,2,5,0,1,0,2,2,1,57
ЗВЕЧАН,Исправка техничке грешке,0,0,0,0,0,0,0,0,0,0,0,0,0,1,0,0,0,0,0,0,0,0,1,0,0,0,0,0,0,0,0,0,2
ЗВЕЧАН,Промена адресе пребивалишта,0,0,0,0,1,0,0,0,0,0,0,0,0,0,0,0,0,0,0,0,0,0,2,0,0,0,0,0,0,0,0,2,5
ЗВЕЧАН,Промена личних података,0,1,0,0,1,0,0,1,0,0,4,0,1,1,0,0,1,0,0,0,0,0,2,0,0,1,0,13,0,0,5,2,33
ЗВЕЧАН,Упис за гласање по месту боравишта у земљи,0,0,0,0,0,0,0,0,0,0,0,0,0,0,0,0,0,0,0,0,0,0,0,0,0,0,0,0,0,0,46,92,138
ЗВЕЧАН,Упис за гласање по месту боравишта у иностранству,0,0,0,0,0,0,0,0,0,0,0,0,0,0,0,0,0,0,0,0,0,0,0,0,0,0,0,0,0,0,8,11,19
ЗВЕЧАН,Упис по основу пријаве пребивалишта,0,0,0,0,1,0,0,3,0,0,1,0,0,4,0,0,1,0,0,0,0,0,1,0,0,6,0,10,0,0,4,3,34
ЗВЕЧАН,Упис по основу стицања пунолетства,3,2,0,0,3,0,0,2,0,0,5,0,0,2,0,0,3,0,0,3,0,0,10,0,0,3,0,1,0,0,19,2,58
ЗРЕЊАНИН - ГРАД,Брисање боравишта интерно расељеног лица,0,0,0,0,0,0,1,0,0,1,0,0,0,5,109,0,0,0,0,0,0,0,0,0,0,0,0,0,0,1,0,0,117
ЗРЕЊАНИН - ГРАД,Брисање по основу губитка пословне способности,0,0,3,0,0,0,0,0,0,1,0,0,0,0,0,0,0,0,0,6,0,0,0,0,0,0,0,0,1,1,0,1,13
ЗРЕЊАНИН - ГРАД,Брисање по основу одјаве пребивалишта,13,8,27,20,20,15,12,8,23,14,10,22,15,13,17,13,16,9,9,7,7,13,24,13,18,16,13,12,3,12,78,23,523
ЗРЕЊАНИН - ГРАД,Брисање по основу смрти лица,34,26,24,28,32,32,28,29,29,32,27,21,33,25,35,30,45,36,21,34,36,31,27,30,40,39,37,29,23,43,38,25,999
ЗРЕЊАНИН - ГРАД,Брисање по службеној дужности,7,44,9,23,1,0,14,15,2,1,4,28,11,4,0,5,6,4,0,0,0,0,0,0,0,7,90,17,0,0,6,3,301
ЗРЕЊАНИН - ГРАД,Исправка техничке грешке,0,0,0,0,1,0,0,0,0,0,0,0,1,4,0,0,0,0,0,0,0,0,0,0,0,0,0,0,0,1,0,0,7
ЗРЕЊАНИН - ГРАД,Потврда о изборном праву,0,0,0,0,0,0,0,0,0,0,0,0,0,0,0,0,0,0,0,0,0,0,0,0,0,0,0,0,0,0,1,0,1
ЗРЕЊАНИН - ГРАД,Потврда о изборном праву кандидата за одборнике,0,0,0,0,0,0,0,0,0,0,0,0,0,0,0,0,0,0,0,0,0,0,0,0,0,0,0,0,0,1,0,0,1
ЗРЕЊАНИН - ГРАД,Потврда о упису у бирачки списак,0,0,0,0,0,0,0,0,0,0,0,0,0,0,3,1,0,0,0,0,0,0,0,0,0,0,0,0,0,0,6,0,10
ЗРЕЊАНИН - ГРАД,Промена адресе боравишта интерно расељеног лица,0,0,2,0,0,4,0,1,0,0,0,0,0,0,1,0,0,0,0,0,0,0,0,0,0,0,0,0,0,0,0,0,8
ЗРЕЊАНИН - ГРАД,Промена адресе пребивалишта,33,77,240,151,83,69,47,57,38,57,34,65,56,46,53,56,89,36,43,40,44,55,60,47,60,51,54,54,48,50,53,106,2052
ЗРЕЊАНИН - ГРАД,Промена гласања по месту боравишта у иностранству,0,0,0,0,0,0,0,0,0,0,0,0,0,0,0,0,0,0,0,0,0,0,0,0,0,0,0,0,0,0,1,0,1
ЗРЕЊАНИН - ГРАД,Промена личних података,8,17,14,12,22,37,19,13,10,23,15,18,25,28,37,30,23,19,13,9,10,11,12,8,20,17,19,10,29,302,18,45,893
ЗРЕЊАНИН - ГРАД,Упис за гласање по месту боравишта у земљи,0,0,0,0,0,0,0,0,0,0,0,0,0,0,0,0,0,0,0,0,0,0,0,0,0,0,0,0,0,0,2,10,12
ЗРЕЊАНИН - ГРАД,Упис за гласање по месту боравишта у иностранству,0,0,0,0,0,0,0,0,0,0,0,0,0,0,0,0,0,0,0,0,0,0,0,0,0,0,0,0,0,12,228,368,608
ЗРЕЊАНИН - ГРАД,Упис по основу враћања пословне способности,0,0,0,0,0,0,0,0,0,0,0,0,0,0,0,0,0,0,0,1,0,0,0,0,0,0,0,0,0,0,0,0,1
ЗРЕЊАНИН - ГРАД,Упис по основу последњег пребивалишта,0,0,0,0,0,0,0,0,0,0,0,0,0,0,0,0,0,0,0,0,0,0,0,0,0,0,0,0,0,0,0,3,3
ЗРЕЊАНИН - ГРАД,Упис по основу пријаве боравишта интерно расељеног лица,0,0,1,0,0,0,0,0,0,0,1,0,0,0,0,0,0,1,0,0,2,0,0,0,0,0,0,1,0,0,0,0,6
ЗРЕЊАНИН - ГРАД,Упис по основу пријаве пребивалишта,7,55,30,15,17,23,13,22,34,26,18,36,13,24,21,14,11,25,18,23,19,18,20,23,16,23,23,15,31,114,24,20,791
ЗРЕЊАНИН - ГРАД,Упис по основу пријема у држављанство,0,0,0,0,0,0,0,0,0,0,0,0,0,0,0,0,1,0,0,0,0,0,0,0,0,0,0,1,0,2,1,0,5
ЗРЕЊАНИН - ГРАД,Упис по основу стицања пунолетства,27,21,18,26,20,18,20,16,32,26,10,25,27,18,22,25,19,27,27,22,25,21,19,24,21,30,47,16,15,30,162,0,856
ЗУБИН ПОТОК,Брисање боравишта интерно расељеног лица,0,0,0,0,0,0,0,0,0,0,0,0,0,0,0,0,0,0,0,0,0,0,0,0,0,1,0,0,0,0,0,0,1
ЗУБИН ПОТОК,Брисање по основу одјаве пребивалишта,2,3,2,3,3,2,1,3,0,0,1,1,0,3,2,7,1,3,3,3,0,7,1,3,3,2,3,2,4,6,15,3,92
ЗУБИН ПОТОК,Брисање по основу смрти лица,0,0,3,1,1,1,4,2,1,0,1,2,1,0,2,1,1,0,1,0,1,1,1,1,0,3,0,0,2,0,0,1,32
ЗУБИН ПОТОК,Потврда о упису у бирачки списак,0,0,0,0,0,0,0,0,0,0,0,0,0,0,0,0,0,0,0,0,0,0,0,0,0,0,0,0,0,1,0,0,1
ЗУБИН ПОТОК,Промена адресе пребивалишта,0,0,0,2,0,0,0,0,0,0,0,0,0,0,0,0,4,0,0,0,0,0,0,0,0,0,0,0,0,0,0,0,6
ЗУБИН ПОТОК,Промена личних података,229,38,0,1,0,0,0,0,0,0,0,0,0,0,0,0,2,0,0,0,0,0,0,0,0,0,0,0,0,0,0,2,272
ЗУБИН ПОТОК,Упис за гласање по месту боравишта у земљи,0,0,0,0,0,0,0,0,0,0,0,0,0,0,0,0,0,0,0,0,0,0,0,0,0,0,0,0,0,0,0,54,54
ЗУБИН ПОТОК,Упис за гласање по месту боравишта у иностранству,0,0,0,0,0,0,0,0,0,0,0,0,0,0,0,0,0,0,0,0,0,0,0,0,0,0,0,0,0,0,1,5,6
ЗУБИН ПОТОК,Упис по основу пријаве пребивалишта,0,2,0,9,0,0,0,0,1,0,0,0,0,0,0,0,0,0,0,0,0,0,0,0,0,0,0,0,0,0,2,2,16
ЗУБИН ПОТОК,Упис по основу стицања пунолетства,0,0,0,11,0,0,0,0,7,0,0,0,0,0,0,0,8,0,0,4,0,0,0,0,0,0,0,0,0,0,37,0,67
ИВАЊИЦА,Брисање по основу губитка пословне способности,0,0,0,0,0,0,0,0,0,0,0,0,0,0,0,0,0,0,0,0,0,0,0,0,0,0,0,0,0,0,0,5,5
ИВАЊИЦА,Брисање по основу одјаве пребивалишта,4,4,2,0,2,1,4,4,1,6,6,5,4,4,4,5,4,3,5,6,6,7,3,5,3,4,1,5,1,8,15,10,142
ИВАЊИЦА,Брисање по основу отпуста из држављанства,0,0,0,0,0,0,0,0,0,0,0,0,0,0,0,1,0,0,0,0,0,0,0,0,0,0,0,0,0,0,0,0,1
ИВАЊИЦА,Брисање по основу смрти лица,5,10,4,10,16,11,7,6,13,7,7,6,8,7,6,6,3,4,8,9,16,14,2,7,8,4,17,10,9,9,9,6,264
ИВАЊИЦА,Исправка техничке грешке,0,0,0,0,0,0,0,0,0,2,0,0,0,0,0,0,0,0,0,0,0,0,0,0,0,1,0,0,0,1,1,32,37
ИВАЊИЦА,Потврда о изборном праву,0,0,0,0,0,0,0,0,0,0,0,0,0,0,0,0,0,0,0,0,0,0,0,0,0,0,0,0,0,2,0,0,2
ИВАЊИЦА,Промена адресе пребивалишта,1,6,2,15,11,4,5,2,6,5,7,8,6,5,1,4,6,1,0,0,0,0,13,13,4,2,7,3,6,4,13,7,167
ИВАЊИЦА,Промена личних података,0,0,1,3,0,0,0,2,0,6,4,8,2,2,4,4,6,0,0,0,0,2,1,2,3,1,2,0,6,9,5,50,123
ИВАЊИЦА,Упис за гласање по месту боравишта у земљи,0,0,0,0,0,0,0,0,0,0,0,0,0,0,0,0,0,0,0,0,0,0,0,0,0,0,0,0,0,0,3,5,8
ИВАЊИЦА,Упис за гласање по месту боравишта у иностранству,0,0,0,0,0,0,0,0,0,0,0,0,0,0,0,0,0,0,0,0,0,0,0,0,0,0,0,0,0,0,15,41,56
ИВАЊИЦА,Упис по основу враћања пословне способности,0,0,0,0,0,0,0,0,0,0,0,0,0,0,0,0,0,0,0,0,0,0,0,0,0,0,0,0,0,0,0,1,1
ИВАЊИЦА,Упис по основу пријаве пребивалишта,1,8,0,2,2,0,0,0,1,2,1,0,0,1,0,0,0,1,0,0,0,0,0,4,2,0,1,1,1,2,8,44,82
ИВАЊИЦА,Упис по основу стицања пунолетства,1,6,5,9,4,8,4,2,5,5,3,4,6,5,3,6,3,5,1,0,0,0,15,14,10,9,4,5,8,11,15,31,207
ИНЂИЈА,Брисање боравишта интерно расељеног лица,0,0,0,0,0,0,0,12,0,0,0,0,0,0,0,0,0,0,0,0,0,0,0,0,0,0,0,0,0,0,1,0,13
ИНЂИЈА,Брисање по основу губитка пословне способности,0,0,0,0,0,1,0,0,0,1,0,2,0,1,0,0,0,0,0,1,0,0,0,1,0,0,1,0,0,1,1,0,10
ИНЂИЈА,Брисање по основу дуплог уписа,0,0,0,0,0,0,0,0,0,0,0,0,0,0,0,0,0,0,0,0,0,0,0,0,0,0,0,0,0,0,0,1,1
ИНЂИЈА,Брисање по основу одјаве пребивалишта,6,9,15,3,11,5,9,7,5,7,6,4,6,10,6,6,2,4,9,4,5,11,6,5,3,6,5,4,4,15,19,12,229
ИНЂИЈА,Брисање по основу смрти лица,16,17,12,13,11,13,12,17,14,10,8,11,7,17,11,7,15,13,14,12,16,10,13,11,13,9,6,10,12,16,7,7,380
ИНЂИЈА,Брисање по службеној дужности,0,5,5,0,0,1,0,4,1,0,0,6,1,3,0,0,2,0,4,0,0,1,3,1,0,1,0,6,5,0,2,0,51
ИНЂИЈА,Исправка техничке грешке,0,0,0,0,0,0,0,0,0,0,1,0,0,0,0,0,0,0,0,0,0,0,0,0,0,0,0,0,0,0,0,0,1
ИНЂИЈА,Потврда о изборном праву,0,0,0,0,0,0,0,0,0,0,0,0,0,0,0,0,0,0,0,0,0,0,0,0,0,0,0,0,0,1,1,0,2
ИНЂИЈА,Потврда о упису у бирачки списак,0,0,0,0,0,0,0,0,0,0,0,0,0,0,0,0,0,0,0,0,0,0,0,0,0,0,0,0,0,0,2,4,6
ИНЂИЈА,Промена адресе пребивалишта,12,21,23,42,30,39,31,20,23,19,27,20,35,26,25,24,16,21,20,17,30,14,29,19,12,26,22,41,22,26,33,29,794
ИНЂИЈА,Промена личних података,6,4,3,6,4,4,5,0,2,5,6,5,5,9,10,4,5,3,3,5,1,3,7,7,4,5,6,6,8,24,17,13,195
ИНЂИЈА,Упис за гласање по месту боравишта у земљи,0,0,0,0,0,0,0,0,0,0,0,0,0,0,0,0,0,0,0,0,0,0,0,0,0,0,0,0,0,0,2,7,9
ИНЂИЈА,Упис за гласање по месту боравишта у иностранству,0,0,0,0,0,0,0,0,0,0,0,0,0,0,0,0,0,0,0,0,0,0,0,0,0,0,0,0,0,1,69,121,191
ИНЂИЈА,Упис по основу пријаве боравишта интерно расељеног лица,0,0,0,0,0,0,0,0,0,1,1,0,0,1,0,0,0,0,0,0,0,0,0,0,0,0,0,0,0,0,1,0,4
ИНЂИЈА,Упис по основу пријаве пребивалишта,12,17,14,12,13,10,11,7,18,18,9,10,17,10,17,4,12,6,7,7,12,17,15,16,12,18,13,14,10,26,97,8,489
ИНЂИЈА,Упис по основу пријема у држављанство,0,0,0,0,0,0,1,0,0,0,0,0,0,0,0,0,0,0,0,0,1,0,0,0,0,0,0,0,0,0,0,0,2
ИНЂИЈА,Упис по основу стицања пунолетства,11,14,7,12,10,10,10,5,7,2,2,13,7,8,14,6,6,7,5,9,11,9,13,14,6,12,17,13,10,13,20,46,349
ИРИГ,Брисање по основу одјаве пребивалишта,3,2,5,2,1,2,2,1,3,4,5,2,7,2,1,5,0,3,1,0,7,1,2,3,3,3,1,4,3,12,15,4,109
ИРИГ,Брисање по основу смрти лица,4,3,2,7,3,4,3,1,1,2,1,0,7,3,1,6,1,0,4,4,4,3,3,5,4,3,1,2,2,1,4,5,94
ИРИГ,Брисање по службеној дужности,0,3,0,0,0,0,1,0,0,0,0,4,0,0,0,1,0,0,2,0,2,0,0,0,1,0,0,1,0,0,0,0,15
ИРИГ,Исправка техничке грешке,0,0,0,0,0,0,0,0,0,0,0,0,0,0,0,0,0,0,0,1,0,0,0,1,0,0,0,0,0,0,0,0,2
ИРИГ,Промена адресе боравишта интерно расељеног лица,0,0,0,0,0,0,0,0,0,0,0,0,0,0,0,0,0,0,0,0,1,0,0,0,0,0,0,0,0,0,0,0,1
ИРИГ,Промена адресе пребивалишта,0,3,3,12,9,8,4,1,4,5,3,8,5,5,6,2,4,2,2,5,3,4,8,1,7,9,4,1,4,3,6,2,143
ИРИГ,Промена личних података,1,0,1,0,1,1,0,1,1,3,3,0,0,1,0,2,2,1,0,2,2,2,0,1,1,2,0,1,2,4,3,3,41
ИРИГ,Упис за гласање по месту боравишта у земљи,0,0,0,0,0,0,0,0,0,0,0,0,0,0,0,0,0,0,0,0,0,0,0,0,0,0,0,0,0,0,2,3,5
ИРИГ,Упис за гласање по месту боравишта у иностранству,0,0,0,0,0,0,0,0,0,0,0,0,0,0,0,0,0,0,0,0,0,0,0,0,0,0,0,0,0,0,69,78,147
ИРИГ,Упис по основу пријаве боравишта интерно расељеног лица,0,0,0,0,0,0,0,0,0,0,0,0,0,0,0,0,0,0,0,0,0,0,0,0,0,0,0,0,0,0,1,0,1
ИРИГ,Упис по основу пријаве пребивалишта,2,4,5,5,3,5,2,6,3,3,3,8,3,4,4,4,3,5,2,3,1,2,6,4,5,9,8,5,0,7,21,2,147
ИРИГ,Упис по основу пријема у држављанство,0,0,0,0,0,0,0,0,0,0,0,0,0,0,0,0,0,0,0,0,0,0,1,0,0,0,0,0,0,0,0,0,1
ИРИГ,Упис по основу стицања пунолетства,0,1,4,1,1,5,2,1,0,2,1,2,0,1,1,1,0,6,1,0,3,0,4,0,4,4,1,1,1,2,16,0,66
ИСТОК,Брисање по основу одјаве пребивалишта,2,4,6,2,1,3,2,4,3,0,4,5,3,2,0,5,3,3,2,1,0,0,0,2,3,3,0,2,2,7,7,2,83
ИСТОК,Брисање по основу смрти лица,0,0,1,0,0,0,0,3,0,0,0,0,0,0,0,0,0,0,0,0,0,1,0,0,0,0,0,0,1,0,0,0,6
ИСТОК,Промена гласања по месту боравишта у земљи,0,0,0,0,0,0,0,0,0,0,0,0,0,0,0,0,0,0,0,0,0,0,0,0,0,0,0,0,0,0,0,1,1
ИСТОК,Упис за гласање по месту боравишта у земљи,0,0,0,0,0,0,0,0,0,0,0,0,0,0,0,0,0,0,0,0,0,0,0,0,0,0,0,0,0,1,51,61,113
ИСТОК,Упис за гласање по месту боравишта у иностранству,0,0,0,0,0,0,0,0,0,0,0,0,0,0,0,0,0,0,0,0,0,0,0,0,0,0,0,0,0,0,18,24,42
ИСТОК,Упис по основу пријаве пребивалишта,1,0,0,0,0,0,0,0,0,0,0,0,0,0,0,0,0,0,0,0,0,0,0,0,0,0,0,0,2,2,6,18,29
КЊАЖЕВАЦ,Брисање боравишта интерно расељеног лица,1,0,0,0,1,0,0,0,0,0,0,0,0,0,0,0,0,0,0,0,0,15,0,0,0,0,0,1,0,0,0,0,18
КЊАЖЕВАЦ,Брисање по основу губитка пословне способности,1,0,0,0,0,0,0,0,0,0,0,0,0,0,0,0,0,0,0,0,0,0,0,0,0,0,0,0,0,0,0,0,1
КЊАЖЕВАЦ,Брисање по основу одјаве пребивалишта,2,3,4,2,1,2,0,1,4,4,2,8,1,5,3,3,1,3,3,1,2,3,4,7,4,5,3,2,5,8,9,3,108
КЊАЖЕВАЦ,Брисање по основу отпуста из држављанства,0,0,0,0,0,0,0,0,0,0,0,0,0,0,0,0,0,0,0,0,0,0,0,0,0,0,0,0,0,1,0,0,1
КЊАЖЕВАЦ,Брисање по основу смрти лица,9,11,7,11,0,0,21,7,12,11,7,6,11,12,13,2,4,9,6,13,6,9,9,7,8,10,8,11,7,12,10,7,276
КЊАЖЕВАЦ,Брисање по службеној дужности,0,0,0,0,0,0,0,1,0,0,0,8,2,0,0,0,0,0,0,0,0,1,0,0,0,0,0,0,5,1,0,0,18
КЊАЖЕВАЦ,Исправка техничке грешке,0,1,1,0,0,0,0,0,0,1,0,0,0,0,0,0,0,0,0,0,0,0,0,0,0,0,0,0,0,1,0,0,4
КЊАЖЕВАЦ,Промена адресе боравишта интерно расељеног лица,0,0,0,1,0,0,0,0,0,0,0,0,0,0,0,0,0,0,0,0,0,0,0,0,0,0,0,0,0,0,0,0,1
КЊАЖЕВАЦ,Промена адресе пребивалишта,106,82,24,73,0,0,12,81,72,84,26,22,47,39,28,39,25,21,24,30,22,32,23,32,15,31,26,22,24,33,24,28,1147
КЊАЖЕВАЦ,Промена личних података,2,3,0,3,0,0,2,2,1,5,4,2,4,1,2,2,1,0,2,2,1,1,2,2,2,4,0,2,1,4,7,3,67
КЊАЖЕВАЦ,Упис за гласање по месту боравишта у земљи,0,0,0,0,0,0,0,0,0,0,0,0,0,0,0,0,0,0,0,0,0,0,0,0,0,0,0,0,0,0,7,2,9
КЊАЖЕВАЦ,Упис за гласање по месту боравишта у иностранству,0,0,0,0,0,0,0,0,0,0,0,0,0,0,0,0,0,0,0,0,0,0,0,0,0,0,0,0,0,0,27,47,74
КЊАЖЕВАЦ,Упис по основу пријаве боравишта интерно расељеног лица,0,0,0,0,0,0,0,1,0,0,0,0,0,0,0,0,0,0,0,0,0,0,0,0,0,0,0,0,0,0,0,0,1
КЊАЖЕВАЦ,Упис по основу пријаве пребивалишта,4,21,1,2,0,8,5,8,6,1,5,3,2,4,2,3,3,2,1,2,0,2,2,6,3,3,3,6,1,8,22,2,141
КЊАЖЕВАЦ,Упис по основу стицања пунолетства,4,8,13,0,0,0,0,3,6,11,3,3,5,6,2,9,4,5,4,8,5,6,6,5,2,2,4,3,6,12,29,0,174
КАЊИЖА,Брисање боравишта интерно расељеног лица,0,0,0,0,0,0,0,0,0,0,0,0,0,0,0,0,0,0,0,0,0,0,1,0,0,0,0,0,0,0,0,0,1
КАЊИЖА,Брисање по основу одјаве пребивалишта,3,3,4,1,1,3,0,3,4,3,3,1,6,3,0,0,4,1,2,2,0,4,0,3,6,5,1,3,2,2,7,8,88
КАЊИЖА,Брисање по основу отпуста из држављанства,1,0,0,0,0,0,0,0,0,0,0,0,0,0,0,0,0,0,0,0,0,0,0,0,0,0,0,0,0,0,0,0,1
КАЊИЖА,Брисање по основу смрти лица,13,4,7,7,4,8,7,15,5,10,9,9,8,6,7,5,8,10,7,13,3,2,5,3,12,7,7,4,8,11,8,10,242
КАЊИЖА,Брисање по службеној дужности,1,0,5,3,3,1,0,2,0,0,0,4,0,2,2,0,2,0,0,0,9,3,0,2,2,0,0,0,0,3,1,1,46
КАЊИЖА,Исправка техничке грешке,0,0,0,0,0,0,0,0,0,0,0,1,0,0,0,0,1,0,0,0,0,0,0,0,0,0,0,0,0,0,0,0,2
КАЊИЖА,Промена адресе пребивалишта,8,0,15,19,15,7,7,4,1,7,3,9,2,15,10,4,6,2,9,5,9,10,7,5,4,6,7,5,0,21,24,3,249
КАЊИЖА,Промена личних података,4,0,5,6,7,11,2,1,1,0,5,2,0,5,2,2,1,2,2,1,0,1,4,3,3,13,4,10,0,7,5,21,130
КАЊИЖА,Упис за гласање по месту боравишта у иностранству,0,0,0,0,0,0,0,0,0,0,0,0,0,0,0,0,0,0,0,0,0,0,0,0,0,0,0,0,0,0,9,1,10
КАЊИЖА,Упис по основу пријаве пребивалишта,9,0,6,4,2,2,3,4,4,2,6,9,2,7,2,4,4,2,7,2,4,4,6,3,5,11,2,4,1,1,0,2,124
КАЊИЖА,Упис по основу стицања пунолетства,2,0,0,0,0,13,12,3,9,1,0,2,3,3,4,4,6,2,0,0,4,3,9,0,0,3,24,0,0,0,0,4,111
КИКИНДА - ГРАД,Брисање боравишта интерно расељеног лица,0,0,0,0,0,0,0,0,0,0,0,0,0,0,15,0,0,0,0,0,0,0,0,0,0,0,0,0,0,0,0,0,15
КИКИНДА - ГРАД,Брисање по основу одјаве пребивалишта,6,11,11,10,1,11,3,5,10,7,8,9,10,8,6,9,10,8,4,4,3,7,9,7,3,8,10,8,1,21,38,10,276
КИКИНДА - ГРАД,Брисање по основу смрти лица,21,16,24,11,13,11,18,21,24,16,12,17,23,18,13,13,13,15,10,22,20,17,15,10,15,16,13,18,17,25,10,15,522
КИКИНДА - ГРАД,Брисање по службеној дужности,0,1,1,2,0,0,6,0,9,26,15,0,0,1,0,1,0,1,0,0,2,0,0,0,21,1,0,0,0,1,1,10,99
КИКИНДА - ГРАД,Исправка техничке грешке,0,1,0,0,0,0,0,0,0,0,0,0,0,0,0,0,0,0,0,0,0,0,0,0,0,0,0,0,1,1,1,0,4
КИКИНДА - ГРАД,Промена адресе пребивалишта,9,21,22,19,19,15,12,15,14,14,15,8,21,15,22,24,35,21,19,20,9,13,13,12,14,24,21,25,25,29,18,23,586
КИКИНДА - ГРАД,Промена личних података,4,5,2,4,2,1,3,1,5,3,8,6,3,5,5,5,10,9,6,6,3,2,6,4,2,3,4,4,9,7,8,12,157
КИКИНДА - ГРАД,Упис за гласање по месту боравишта у земљи,0,0,0,0,0,0,0,0,0,0,0,0,0,0,0,0,0,0,0,0,0,0,0,0,0,0,0,0,0,0,3,7,10
КИКИНДА - ГРАД,Упис за гласање по месту боравишта у иностранству,0,0,0,0,0,0,0,0,0,0,0,0,0,0,0,0,0,0,0,0,0,0,0,0,0,0,0,0,0,0,72,152,224
КИКИНДА - ГРАД,Упис по основу враћања пословне способности,0,0,0,0,1,0,0,0,0,0,0,0,0,0,0,0,0,0,0,0,0,0,0,0,0,0,0,0,0,0,0,0,1
КИКИНДА - ГРАД,Упис по основу последњег пребивалишта,0,0,0,0,0,0,0,0,0,0,0,0,0,0,0,0,0,0,0,0,0,0,0,0,0,0,0,0,0,0,0,1,1
КИКИНДА - ГРАД,Упис по основу пријаве боравишта интерно расељеног лица,0,0,0,0,0,0,0,0,0,0,0,0,0,0,0,0,0,0,0,1,0,0,0,0,0,0,0,0,0,0,0,0,1
КИКИНДА - ГРАД,Упис по основу пријаве пребивалишта,11,2,7,3,4,15,4,9,17,7,9,8,15,3,4,7,3,10,7,5,5,8,10,7,5,8,3,7,5,18,14,34,274
КИКИНДА - ГРАД,Упис по основу пријема у држављанство,0,0,0,0,0,0,0,0,0,0,0,0,0,0,0,0,0,0,0,0,0,0,0,0,0,0,0,0,1,1,0,0,2
КИКИНДА - ГРАД,Упис по основу стицања пунолетства,12,8,5,11,8,8,7,5,11,7,13,8,10,6,7,7,14,8,10,17,8,11,11,15,10,17,12,9,13,11,56,26,381
КЛАДОВО,Брисање боравишта интерно расељеног лица,0,0,0,4,0,0,0,0,0,0,0,0,0,0,0,0,0,0,0,0,0,0,0,0,0,0,0,0,0,0,0,0,4
КЛАДОВО,Брисање по основу губитка пословне способности,0,0,0,3,0,0,0,0,0,0,0,0,0,0,0,0,0,0,0,0,0,0,0,0,0,0,0,0,0,0,0,0,3
КЛАДОВО,Брисање по основу одјаве пребивалишта,2,5,3,4,2,3,1,3,4,3,2,3,1,2,0,1,3,2,0,0,1,2,1,4,2,4,2,2,1,5,8,5,81
КЛАДОВО,Брисање по основу отпуста из држављанства,0,0,0,0,0,0,1,0,0,1,0,0,0,0,0,0,0,0,0,0,0,0,0,1,0,0,0,0,0,1,0,0,4
КЛАДОВО,Брисање по основу смрти лица,7,5,7,10,0,0,30,2,8,4,7,5,8,6,3,1,3,7,2,11,15,5,8,10,6,6,3,6,7,13,2,4,211
КЛАДОВО,Исправка техничке грешке,0,0,0,0,0,0,1,0,0,0,0,0,0,0,0,0,0,1,0,0,1,2,0,1,0,1,0,0,0,0,1,0,8
КЛАДОВО,Потврда о изборном праву,0,0,0,5,1,69,0,0,0,0,0,0,0,0,0,0,0,0,0,0,0,0,0,0,0,0,0,0,0,0,0,0,75
КЛАДОВО,Потврда о изборном праву кандидата за одборнике,0,1,1,1,0,0,0,0,0,0,0,0,0,0,0,0,0,0,0,0,0,0,0,0,0,0,0,0,0,0,0,0,3
КЛАДОВО,Промена адресе пребивалишта,5,6,9,28,1,0,45,0,12,17,7,9,10,0,22,11,14,17,7,9,11,28,27,37,1,35,20,0,36,13,20,14,471
КЛАДОВО,Промена личних података,3,1,1,3,0,0,6,0,4,1,1,1,2,0,3,2,3,1,2,2,2,9,8,7,0,9,3,0,7,4,1,3,89
КЛАДОВО,Упис за гласање по месту боравишта у земљи,0,0,0,0,0,0,0,0,0,0,0,0,0,0,0,0,0,0,0,0,0,0,0,0,0,0,0,0,0,0,0,1,1
КЛАДОВО,Упис за гласање по месту боравишта у иностранству,0,0,0,0,0,0,0,0,0,0,0,0,0,0,0,0,0,0,0,0,0,0,0,0,0,0,0,0,0,3,31,97,131
КЛАДОВО,Упис по основу пријаве пребивалишта,0,6,6,11,0,0,15,0,10,2,2,6,2,0,4,0,3,3,1,2,5,6,5,11,0,9,3,0,5,3,14,4,138
КЛАДОВО,Упис по основу пријема у држављанство,0,0,0,0,0,0,0,0,0,0,0,0,1,0,0,1,0,0,0,0,0,0,0,0,0,0,0,0,0,0,0,0,2
КЛАДОВО,Упис по основу стицања пунолетства,2,4,16,0,0,0,1,2,9,7,3,5,2,0,4,2,1,6,0,7,3,1,2,1,0,8,7,0,11,5,14,16,139
КЛИНА,Брисање по основу одјаве пребивалишта,5,2,3,4,1,0,1,2,4,0,1,0,1,4,5,2,0,5,1,1,0,1,3,2,1,1,2,3,1,6,10,4,76
КЛИНА,Брисање по основу смрти лица,0,1,0,0,0,0,0,0,0,0,0,0,0,0,0,0,0,0,0,0,0,0,0,0,0,0,0,0,0,0,0,0,1
КЛИНА,Промена адресе пребивалишта,0,0,0,0,0,0,0,0,0,0,0,0,0,0,0,0,0,0,0,0,1,0,0,0,0,0,0,0,0,0,0,0,1
КЛИНА,Упис за гласање по месту боравишта у земљи,0,0,0,0,0,0,0,0,0,0,0,0,0,0,0,0,0,0,0,0,0,0,0,0,0,0,0,0,0,0,0,1,1
КЛИНА,Упис за гласање по месту боравишта у иностранству,0,0,0,0,0,0,0,0,0,0,0,0,0,0,0,0,0,0,0,0,0,0,0,0,0,0,0,0,0,0,9,11,20
КЛИНА,Упис по основу последњег пребивалишта,0,0,0,0,0,0,0,0,0,0,0,0,0,0,0,0,0,0,0,0,0,0,0,0,0,0,0,1,0,0,0,0,1
КЛИНА,Упис по основу пријаве пребивалишта,0,0,0,0,0,0,0,1,0,0,1,0,0,0,0,0,0,0,0,0,3,0,2,0,0,1,0,0,1,0,8,12,29
КЛИНА,Упис по основу стицања пунолетства,0,0,0,0,0,0,0,0,0,0,0,0,0,0,0,0,0,0,0,0,0,0,0,1,0,0,0,0,0,0,0,0,1
КНИЋ,Брисање боравишта интерно расељеног лица,0,0,0,0,0,0,0,0,0,0,0,0,0,0,0,0,0,1,0,0,0,0,0,0,0,0,2,0,0,0,2,31,36
КНИЋ,Брисање по основу одјаве пребивалишта,2,3,6,6,2,0,6,6,7,0,2,1,1,1,2,1,2,4,5,0,1,4,2,2,8,4,1,2,1,5,9,1,97
КНИЋ,Брисање по основу смрти лица,5,3,5,2,2,5,1,0,12,6,4,4,7,1,3,8,0,2,0,0,11,5,4,7,1,8,2,3,6,5,2,1,125
КНИЋ,Брисање по службеној дужности,0,1,2,0,0,0,0,0,0,0,0,0,0,0,0,0,0,0,0,0,0,0,0,0,0,0,0,0,0,0,0,0,3
КНИЋ,Промена адресе боравишта интерно расељеног лица,0,0,0,1,0,1,0,0,0,1,0,0,0,0,0,0,0,0,0,0,0,0,0,0,0,0,0,0,0,0,0,0,3
КНИЋ,Промена адресе пребивалишта,26,27,37,29,18,26,3,0,14,54,17,15,33,15,9,16,22,13,0,0,34,23,15,22,4,21,24,14,8,10,30,13,592
КНИЋ,Промена личних података,1,1,1,1,1,2,0,0,2,4,4,0,2,1,3,4,0,2,0,0,0,2,1,1,1,3,1,0,2,4,3,4,51
КНИЋ,Упис за гласање по месту боравишта у земљи,0,0,0,0,0,0,0,0,0,0,0,0,0,0,0,0,0,0,0,0,0,0,0,0,0,0,0,0,0,0,2,2,4
КНИЋ,Упис за гласање по месту боравишта у иностранству,0,0,0,0,0,0,0,0,0,0,0,0,0,0,0,0,0,0,0,0,0,0,0,0,0,0,0,0,0,0,10,19,29
КНИЋ,Упис по основу пријаве боравишта интерно расељеног лица,0,0,0,0,0,0,0,0,0,0,0,0,0,0,0,0,0,0,0,0,0,0,0,0,0,0,1,0,0,0,0,0,1
КНИЋ,Упис по основу пријаве пребивалишта,1,2,2,3,4,3,2,0,7,5,9,3,1,1,3,0,1,6,0,0,1,1,1,0,1,5,19,3,0,9,12,0,105
КНИЋ,Упис по основу стицања пунолетства,2,0,3,2,0,1,0,0,0,4,2,2,3,1,0,1,2,2,0,0,6,2,3,4,0,2,4,2,2,2,17,0,69
КОВАЧИЦА,Брисање по основу губитка пословне способности,8,0,0,0,0,0,0,0,0,0,0,0,0,0,0,0,0,0,0,0,0,0,0,0,0,0,0,0,0,0,0,0,8
КОВАЧИЦА,Брисање по основу одјаве пребивалишта,1,8,2,9,3,2,0,1,2,1,1,2,2,2,3,10,2,1,2,4,1,3,1,3,1,2,3,6,2,2,4,6,92
КОВАЧИЦА,Брисање по основу отпуста из држављанства,0,0,0,0,0,0,0,0,0,0,0,0,0,0,0,0,0,0,0,0,0,0,0,0,0,0,0,0,0,0,0,1,1
КОВАЧИЦА,Брисање по основу смрти лица,6,8,5,7,9,9,6,5,6,3,8,6,6,6,3,11,8,5,5,6,2,7,6,0,9,9,5,8,4,5,0,4,187
КОВАЧИЦА,Брисање по службеној дужности,0,0,0,0,0,0,0,0,0,0,0,0,0,0,1,0,0,0,0,0,0,0,0,0,0,1,0,0,0,0,0,0,2
КОВАЧИЦА,Исправка техничке грешке,1,0,0,0,0,1,0,0,0,0,0,0,1,1,1,0,0,0,0,0,1,0,0,1,0,0,1,1,0,22,0,0,31
КОВАЧИЦА,Потврда о изборном праву,0,0,0,0,0,0,0,0,0,0,0,0,0,0,0,0,0,0,0,0,0,0,0,0,0,0,0,1,0,0,0,0,1
КОВАЧИЦА,Потврда о упису у бирачки списак,0,0,0,0,0,0,0,0,0,0,0,0,0,0,0,0,0,0,0,0,0,0,0,0,0,0,0,1,0,0,0,0,1
КОВАЧИЦА,Промена адресе пребивалишта,7,4,9,7,10,4,9,6,1,7,9,8,10,19,7,9,7,4,3,7,12,12,6,11,12,8,10,5,6,9,14,9,261
КОВАЧИЦА,Промена личних података,1,0,0,1,0,0,1,1,2,0,6,1,6,1,1,3,4,1,3,3,2,3,8,3,6,3,2,2,3,27,9,5,108
КОВАЧИЦА,Упис за гласање по месту боравишта у земљи,0,0,0,0,0,0,0,0,0,0,0,0,0,0,0,0,0,0,0,0,0,0,0,0,0,0,0,0,0,3,0,4,7
КОВАЧИЦА,Упис за гласање по месту боравишта у иностранству,0,0,0,0,0,0,0,0,0,0,0,0,0,0,0,0,0,0,0,0,0,0,0,0,0,0,0,0,0,0,50,77,127
КОВАЧИЦА,Упис по основу пријаве пребивалишта,1,1,2,5,2,0,1,0,5,2,3,3,3,4,4,0,3,0,1,4,2,6,2,6,5,3,6,4,4,6,32,4,124
КОВАЧИЦА,Упис по основу пријема у држављанство,0,0,0,0,0,0,0,0,0,0,0,0,0,0,0,0,1,0,0,0,0,0,0,0,1,1,0,0,0,0,0,0,3
КОВАЧИЦА,Упис по основу стицања пунолетства,5,8,5,8,2,5,5,4,6,1,3,2,6,8,2,2,5,5,5,1,3,2,4,4,6,5,2,8,1,6,30,0,159
КОВИН,Брисање по основу губитка пословне способности,0,0,0,0,0,1,0,0,0,0,0,1,0,0,0,0,0,0,0,0,0,0,0,0,0,0,0,0,0,0,0,0,2
КОВИН,Брисање по основу одјаве пребивалишта,8,6,6,4,1,7,5,0,5,5,8,4,1,5,5,2,5,4,4,4,1,3,4,9,6,7,3,5,1,12,20,11,171
КОВИН,Брисање по основу отпуста из држављанства,0,0,0,0,0,0,0,0,0,0,0,0,0,0,0,0,0,0,0,0,0,0,0,0,0,0,0,0,0,0,1,0,1
КОВИН,Брисање по основу смрти лица,18,7,10,10,10,11,11,0,17,8,8,16,6,5,9,7,8,0,21,9,5,0,0,23,7,10,0,14,8,8,15,10,291
КОВИН,Брисање по службеној дужности,0,2,4,2,0,1,0,0,1,1,0,0,0,0,1,1,2,0,0,0,0,0,0,1,0,0,0,1,0,0,0,0,17
КОВИН,Исправка техничке грешке,0,0,0,0,0,0,0,0,0,0,0,0,0,0,0,0,0,0,0,0,0,0,0,0,0,0,0,0,0,1,0,0,1
КОВИН,Промена адресе пребивалишта,8,16,18,9,9,18,9,0,16,17,7,13,15,4,12,5,9,0,10,8,8,0,0,5,14,12,0,10,12,17,19,11,311
КОВИН,Промена гласања по месту боравишта у иностранству,0,0,0,0,0,0,0,0,0,0,0,0,0,0,0,0,0,0,0,0,0,0,0,0,0,0,0,0,0,0,2,0,2
КОВИН,Промена личних података,1,2,13,5,2,1,12,0,1,2,2,3,1,1,1,1,1,0,1,2,22,0,0,9,2,3,0,2,1,9,4,4,108
КОВИН,Упис за гласање по месту боравишта у земљи,0,0,0,0,0,0,0,0,0,0,0,0,0,0,0,0,0,0,0,0,0,0,0,0,0,0,0,0,0,0,0,6,6
КОВИН,Упис за гласање по месту боравишта у иностранству,0,0,0,0,0,0,0,0,0,0,0,0,0,0,0,0,0,0,0,0,0,0,0,0,0,0,0,0,0,0,50,81,131
КОВИН,Упис по основу враћања пословне способности,0,0,0,0,0,0,0,0,0,1,0,0,1,0,0,0,0,0,0,0,0,0,0,0,0,0,0,0,0,0,0,0,2
КОВИН,Упис по основу последњег пребивалишта,0,0,0,0,0,0,0,0,0,0,0,0,0,0,0,0,0,0,0,0,0,0,0,0,0,0,0,0,0,0,0,1,1
КОВИН,Упис по основу пријаве боравишта интерно расељеног лица,0,0,0,0,0,0,1,0,0,0,0,0,0,0,0,0,0,0,0,0,0,0,0,0,0,0,0,0,0,0,0,0,1
КОВИН,Упис по основу пријаве пребивалишта,13,5,8,4,8,9,5,0,9,7,10,11,3,2,6,3,2,0,7,6,2,0,0,16,11,4,0,12,1,5,24,1,194
КОВИН,Упис по основу пријема у држављанство,0,1,0,0,1,0,0,0,0,0,0,0,0,0,1,0,0,0,0,0,0,0,0,1,0,2,0,0,1,0,0,0,7
КОВИН,Упис по основу стицања пунолетства,2,11,8,4,4,6,8,0,11,4,6,9,0,3,6,6,6,0,4,6,12,0,0,5,15,19,0,5,11,4,42,0,217
КОСЈЕРИЋ,Брисање по основу губитка пословне способности,0,0,0,0,0,0,0,0,0,0,0,0,0,0,0,0,0,0,0,0,0,0,0,0,0,0,0,0,0,0,0,1,1
КОСЈЕРИЋ,Брисање по основу одјаве пребивалишта,3,0,1,2,0,1,1,1,4,0,1,2,2,2,4,2,4,1,5,0,0,3,2,0,3,2,1,2,0,4,0,3,56
КОСЈЕРИЋ,Брисање по основу смрти лица,1,3,4,5,3,3,2,1,2,3,6,5,1,4,6,4,1,2,2,4,5,1,1,4,3,2,1,2,4,2,5,4,96
КОСЈЕРИЋ,Исправка техничке грешке,0,0,0,0,0,0,0,0,0,0,0,0,1,2,0,0,0,0,0,0,0,0,1,0,1,0,0,0,0,0,0,0,5
КОСЈЕРИЋ,Потврда о упису у бирачки списак,0,0,0,0,0,0,0,0,0,0,0,0,0,0,0,0,0,0,0,0,0,0,0,0,0,0,0,0,0,0,2,3,5
КОСЈЕРИЋ,Промена адресе пребивалишта,13,29,10,30,24,19,11,16,14,10,6,19,27,14,12,16,21,10,14,7,17,16,20,30,30,10,18,20,17,21,22,32,575
КОСЈЕРИЋ,Промена гласања по месту боравишта у иностранству,0,0,0,0,0,0,0,0,0,0,0,0,0,0,0,0,0,0,0,0,0,0,0,0,0,0,0,0,0,0,0,1,1
КОСЈЕРИЋ,Промена личних података,0,1,1,2,1,3,0,0,0,2,1,2,2,2,0,0,0,1,0,0,1,1,2,0,1,1,2,0,2,0,3,4,35
КОСЈЕРИЋ,Упис за гласање по месту боравишта у земљи,0,0,0,0,0,0,0,0,0,0,0,0,0,0,0,0,0,0,0,0,0,0,0,0,0,0,0,0,0,0,1,5,6
КОСЈЕРИЋ,Упис за гласање по месту боравишта у иностранству,0,0,0,0,0,0,0,0,0,0,0,0,0,0,0,0,0,0,0,0,0,0,0,0,0,0,0,0,0,1,11,11,23
КОСЈЕРИЋ,Упис по основу пријаве пребивалишта,1,2,1,1,0,2,0,0,0,2,4,1,3,2,1,0,0,0,2,1,0,3,0,2,3,2,2,2,1,4,2,6,50
КОСЈЕРИЋ,Упис по основу стицања пунолетства,2,1,3,1,4,1,0,3,2,0,0,3,2,2,0,2,1,2,3,4,2,2,0,4,1,2,6,0,1,2,11,0,67
КОСОВО ПОЉЕ,Брисање боравишта интерно расељеног лица,0,0,0,0,0,1,0,1,1,1,0,0,0,0,0,0,0,0,0,0,0,0,0,0,0,0,0,0,0,0,0,0,4
КОСОВО ПОЉЕ,Брисање по основу одјаве пребивалишта,2,0,3,2,2,0,3,1,1,4,0,3,2,1,4,5,2,1,3,6,2,1,0,4,1,2,1,4,2,5,5,1,73
КОСОВО ПОЉЕ,Брисање по основу смрти лица,0,0,0,0,0,0,0,2,0,0,0,0,0,0,0,0,1,1,0,0,11,0,0,0,1,1,0,1,0,0,1,0,19
КОСОВО ПОЉЕ,Исправка техничке грешке,0,0,0,0,0,0,0,0,0,0,0,0,0,0,0,0,0,0,0,0,0,0,0,0,0,0,0,0,0,0,0,1,1
КОСОВО ПОЉЕ,Промена личних података,0,0,0,0,0,0,0,0,0,0,0,0,0,0,0,0,0,0,0,0,0,0,0,0,0,0,0,0,0,0,4,2,6
КОСОВО ПОЉЕ,Упис за гласање по месту боравишта у земљи,0,0,0,0,0,0,0,0,0,0,0,0,0,0,0,0,0,0,0,0,0,0,0,0,0,0,0,0,0,0,1,101,102
КОСОВО ПОЉЕ,Упис за гласање по месту боравишта у иностранству,0,0,0,0,0,0,0,0,0,0,0,0,0,0,0,0,0,0,0,0,0,0,0,0,0,0,0,0,0,0,15,23,38
КОСОВО ПОЉЕ,Упис по основу пријаве пребивалишта,0,0,0,0,0,0,0,0,1,1,0,0,0,0,0,0,0,0,0,0,0,0,0,0,0,0,0,4,0,0,4,76,86
КОСОВО ПОЉЕ,Упис по основу стицања пунолетства,0,1,1,0,0,0,0,0,0,0,0,0,1,0,0,0,0,0,0,0,0,0,0,0,0,0,0,1,0,0,9,5,18
КОСОВСКА КАМЕНИЦА,Брисање по основу одјаве пребивалишта,0,1,6,2,2,3,1,3,4,0,3,3,2,2,3,4,2,4,2,2,1,4,5,3,2,2,1,1,1,7,11,6,93
КОСОВСКА КАМЕНИЦА,Брисање по основу смрти лица,1,1,2,0,1,1,1,1,1,0,1,0,2,6,2,0,4,2,1,0,0,4,1,1,0,0,1,1,0,3,2,0,40
КОСОВСКА КАМЕНИЦА,Брисање по службеној дужности,0,0,0,1,0,0,0,0,0,0,0,0,0,0,0,0,0,0,0,0,0,0,0,0,0,0,0,0,0,0,0,0,1
КОСОВСКА КАМЕНИЦА,Промена адресе пребивалишта,0,0,0,0,0,0,0,0,0,0,0,0,0,0,0,0,0,0,0,0,0,0,2,0,0,0,0,0,0,0,0,0,2
КОСОВСКА КАМЕНИЦА,Промена личних података,0,0,1,0,0,0,0,0,0,2,0,0,1,0,1,0,0,0,0,0,0,0,0,0,1,0,0,0,0,1,1,0,8
КОСОВСКА КАМЕНИЦА,Упис за гласање по месту боравишта у земљи,0,0,0,0,0,0,0,0,0,0,0,0,0,0,0,0,0,0,0,0,0,0,0,0,0,0,0,0,0,1,133,302,436
КОСОВСКА КАМЕНИЦА,Упис за гласање по месту боравишта у иностранству,0,0,0,0,0,0,0,0,0,0,0,0,0,0,0,0,0,0,0,0,0,0,0,0,0,0,0,0,0,0,3,7,10
КОСОВСКА КАМЕНИЦА,Упис по основу последњег пребивалишта,0,0,0,0,0,0,0,0,0,0,0,0,0,0,0,0,0,0,0,0,0,0,0,1,0,0,0,0,0,0,1,0,2
КОСОВСКА КАМЕНИЦА,Упис по основу пријаве пребивалишта,0,0,0,0,0,3,0,0,0,0,0,0,0,0,2,0,1,0,0,0,0,0,0,0,0,0,0,0,0,0,0,17,23
КОСОВСКА КАМЕНИЦА,Упис по основу стицања пунолетства,1,0,3,0,2,2,2,4,1,0,1,0,1,0,0,1,2,0,1,2,0,4,1,2,3,1,4,2,1,1,10,0,52
КОСОВСКА МИТРОВИЦА,Брисање боравишта интерно расељеног лица,1,0,0,1,0,0,0,1,1,0,1,2,2,0,0,1,0,0,0,0,0,1,2,0,2,1,0,1,0,0,1,0,18
КОСОВСКА МИТРОВИЦА,Брисање по основу одјаве пребивалишта,4,5,4,3,4,3,5,9,8,6,15,12,10,8,12,10,16,3,3,9,3,10,4,14,10,12,11,15,5,14,48,13,308
КОСОВСКА МИТРОВИЦА,Брисање по основу смрти лица,2,5,3,2,1,3,2,1,4,2,3,5,2,4,2,0,0,1,4,10,2,1,3,2,2,2,2,4,4,1,0,3,82
КОСОВСКА МИТРОВИЦА,Брисање по службеној дужности,0,2,1,2,0,0,0,0,0,0,0,0,0,0,0,0,0,0,0,0,0,0,0,0,0,0,0,0,0,0,0,0,5
КОСОВСКА МИТРОВИЦА,Исправка техничке грешке,0,0,0,0,0,0,0,0,0,0,0,0,1,0,0,0,0,0,0,0,0,0,0,0,0,0,0,0,0,0,0,0,1
КОСОВСКА МИТРОВИЦА,Потврда о упису у бирачки списак,0,0,1,0,0,0,0,0,0,0,0,0,0,0,0,0,0,0,0,0,0,0,0,0,0,0,0,0,0,0,0,0,1
КОСОВСКА МИТРОВИЦА,Промена адресе пребивалишта,0,0,0,0,1,0,0,0,0,0,1,0,1,0,1,0,0,0,0,0,0,0,0,0,0,0,0,1,0,0,0,3,8
КОСОВСКА МИТРОВИЦА,Промена гласања по месту боравишта у иностранству,0,0,0,0,0,0,0,0,0,0,0,0,0,0,0,0,0,0,0,0,0,0,0,0,0,0,0,0,0,0,0,1,1
КОСОВСКА МИТРОВИЦА,Промена личних података,1,0,2,0,1,0,1,0,1,1,1,0,3,1,1,0,2,0,1,3,1,0,1,0,1,0,0,0,1,2,2,7,34
КОСОВСКА МИТРОВИЦА,Упис за гласање по месту боравишта у земљи,0,0,0,0,0,0,0,0,0,0,0,0,0,0,0,0,0,0,0,0,0,0,0,0,0,0,0,0,0,0,22,19,41
КОСОВСКА МИТРОВИЦА,Упис за гласање по месту боравишта у иностранству,0,0,0,0,0,0,0,0,0,0,0,0,0,0,0,0,0,0,0,0,0,0,0,0,0,0,0,0,0,0,14,50,64
КОСОВСКА МИТРОВИЦА,Упис по основу пријаве пребивалишта,2,1,3,1,1,0,4,0,3,3,4,0,2,0,1,1,0,0,0,0,1,1,0,1,0,0,0,2,0,1,7,13,52
КОСОВСКА МИТРОВИЦА,Упис по основу стицања пунолетства,8,2,6,8,6,4,3,7,3,5,4,4,5,6,6,8,6,6,5,10,5,1,4,7,1,5,1,7,3,3,43,0,192
КОЦЕЉЕВА,Брисање по основу одјаве пребивалишта,1,7,7,4,4,3,2,2,7,3,2,3,6,0,1,5,1,0,1,2,3,0,2,2,6,4,1,5,0,8,13,3,108
КОЦЕЉЕВА,Брисање по основу смрти лица,4,5,4,5,0,0,8,5,5,6,4,0,5,3,4,4,3,1,4,3,7,3,5,5,4,6,5,4,3,7,8,4,134
КОЦЕЉЕВА,Исправка техничке грешке,0,0,0,0,0,0,0,0,0,0,0,0,0,0,0,0,0,0,0,1,0,0,0,0,0,0,0,0,0,0,0,2,3
КОЦЕЉЕВА,Промена адресе пребивалишта,9,17,20,27,24,15,16,15,7,21,9,10,13,10,9,7,12,16,7,14,9,18,12,15,11,18,21,13,14,17,16,33,475
КОЦЕЉЕВА,Промена гласања по месту боравишта у иностранству,0,0,0,0,0,0,0,0,0,0,0,0,0,0,0,0,0,0,0,0,0,0,0,0,0,0,0,0,0,0,0,1,1
КОЦЕЉЕВА,Промена личних података,1,2,3,5,4,1,1,3,3,2,4,0,3,2,0,4,0,0,1,3,0,3,6,2,2,5,3,0,1,3,21,4,92
КОЦЕЉЕВА,Упис за гласање по месту боравишта у земљи,0,0,0,0,0,0,0,0,0,0,0,0,0,0,0,0,0,0,0,0,0,0,0,0,0,0,0,0,0,0,0,6,6
КОЦЕЉЕВА,Упис за гласање по месту боравишта у иностранству,0,0,0,0,0,0,0,0,0,0,0,0,0,0,0,0,0,0,0,0,0,0,0,0,0,0,0,0,0,0,15,48,63
КОЦЕЉЕВА,Упис по основу пријаве пребивалишта,3,4,7,5,3,4,4,0,3,2,3,3,0,3,0,1,1,1,0,0,3,0,1,3,4,9,2,2,1,3,1,2,78
КОЦЕЉЕВА,Упис по основу стицања пунолетства,0,2,1,1,3,3,0,2,1,2,3,3,2,1,1,4,1,0,1,4,6,3,3,3,2,2,1,0,6,0,17,0,78
КРАЉЕВО - ГРАД,Брисање боравишта интерно расељеног лица,3,3,2,0,7,1,0,2,3,3,2,2,5,3,4,4,3,1,3,2,0,0,0,9,4,5,5,4,3,22,7,86,198
КРАЉЕВО - ГРАД,Брисање по основу губитка пословне способности,0,0,3,0,0,0,0,0,0,0,3,1,0,1,0,0,0,0,0,0,0,0,0,2,0,1,0,0,3,1,8,0,23
КРАЉЕВО - ГРАД,Брисање по основу дуплог уписа,0,0,0,0,0,0,0,0,1,0,0,0,0,0,0,0,0,0,0,0,0,0,0,0,0,0,0,0,0,0,0,0,1
КРАЉЕВО - ГРАД,Брисање по основу одјаве пребивалишта,11,20,28,15,21,10,16,21,15,18,10,23,10,13,9,11,13,4,13,9,9,15,13,18,16,10,9,15,7,31,49,35,517
КРАЉЕВО - ГРАД,Брисање по основу отпуста из држављанства,0,0,4,2,0,0,0,0,0,0,0,0,0,0,0,0,0,0,0,0,0,0,0,0,0,0,0,0,0,0,0,0,6
КРАЉЕВО - ГРАД,Брисање по основу смрти лица,38,34,39,19,43,22,20,25,38,37,21,30,35,37,27,35,30,33,36,47,37,0,0,68,27,29,40,33,34,33,28,21,996
КРАЉЕВО - ГРАД,Брисање по службеној дужности,1,0,20,0,0,7,1,10,13,0,1,4,1,4,2,0,1,0,2,2,10,0,0,1,14,1,4,1,0,2,5,8,115
КРАЉЕВО - ГРАД,Исправка техничке грешке,0,2,0,1,0,0,0,0,0,2,1,0,0,0,0,0,0,0,0,0,0,0,0,0,1,0,0,1,1,0,0,0,9
КРАЉЕВО - ГРАД,Потврда о упису у бирачки списак,0,0,0,0,0,0,0,0,0,0,0,0,0,0,1,0,0,0,0,0,0,0,0,0,0,0,0,0,0,0,0,0,1
КРАЉЕВО - ГРАД,Промена адресе боравишта интерно расељеног лица,2,0,4,2,0,0,0,1,2,1,1,1,0,1,1,7,1,0,1,2,1,0,0,6,4,1,1,1,1,0,3,0,45
КРАЉЕВО - ГРАД,Промена адресе пребивалишта,49,78,143,100,132,193,130,119,97,112,67,50,107,70,65,88,107,74,50,88,68,0,0,152,258,64,87,57,84,131,78,108,3006
КРАЉЕВО - ГРАД,Промена личних података,14,14,14,8,14,12,17,16,15,19,28,28,45,24,23,29,26,8,13,6,9,0,0,41,23,15,14,19,19,62,45,19,639
КРАЉЕВО - ГРАД,Упис за гласање по месту боравишта у земљи,0,0,0,0,0,0,0,0,0,0,0,0,0,0,0,0,0,0,0,0,0,0,0,0,0,0,0,0,0,0,12,9,21
КРАЉЕВО - ГРАД,Упис за гласање по месту боравишта у иностранству,0,0,0,0,0,0,0,0,0,0,0,0,0,0,0,0,0,0,0,0,0,0,0,0,0,0,0,0,0,7,180,275,462
КРАЉЕВО - ГРАД,Упис по основу враћања пословне способности,0,0,0,0,0,0,0,0,0,1,1,0,0,0,0,0,0,0,0,0,0,0,0,0,0,0,0,0,0,0,0,0,2
КРАЉЕВО - ГРАД,Упис по основу последњег пребивалишта,0,0,0,0,0,0,0,0,0,0,0,0,0,0,0,0,0,0,0,0,0,0,0,0,0,0,0,0,0,0,2,6,8
КРАЉЕВО - ГРАД,Упис по основу пријаве боравишта интерно расељеног лица,8,8,8,4,8,12,11,17,12,26,20,33,58,21,20,18,12,5,3,9,10,0,0,10,11,6,3,5,4,4,5,3,374
КРАЉЕВО - ГРАД,Упис по основу пријаве пребивалишта,26,20,17,16,16,17,18,15,23,30,34,18,21,20,22,30,23,13,22,13,14,0,0,58,33,22,18,20,16,95,35,8,733
КРАЉЕВО - ГРАД,Упис по основу пријема у држављанство,0,0,0,0,2,0,0,1,0,0,0,0,0,0,0,0,0,1,1,0,0,0,0,0,0,0,0,0,0,0,0,1,6
КРАЉЕВО - ГРАД,Упис по основу стицања пунолетства,18,32,24,13,25,23,24,16,21,25,16,18,32,29,13,29,27,28,26,24,18,0,0,40,60,26,32,25,27,28,154,0,873
КРАГУЈЕВАЦ - ГРАД,Брисање боравишта интерно расељеног лица,0,1,4,4,3,2,3,2,1,5,5,1,4,3,6,7,0,1,8,1,1,0,3,2,6,2,2,2,3,3,42,190,317
КРАГУЈЕВАЦ - ГРАД,Брисање гласања по месту боравишта у земљи,0,0,0,0,0,0,0,0,0,0,0,0,0,0,0,0,0,0,0,0,0,0,0,0,0,0,0,0,0,0,0,1,1
КРАГУЈЕВАЦ - ГРАД,Брисање по основу губитка пословне способности,0,0,0,0,1,0,0,4,0,0,0,9,0,0,0,0,0,0,0,0,2,0,1,0,0,0,0,0,0,5,0,0,22
КРАГУЈЕВАЦ - ГРАД,Брисање по основу одјаве пребивалишта,17,31,27,24,20,16,23,15,23,19,27,23,12,13,25,10,16,17,13,11,12,14,19,18,16,14,20,5,2,44,55,27,628
КРАГУЈЕВАЦ - ГРАД,Брисање по основу отпуста из држављанства,0,0,4,1,0,0,0,0,0,0,0,1,0,3,0,1,2,0,0,0,0,0,0,0,1,0,0,0,0,0,0,0,13
КРАГУЈЕВАЦ - ГРАД,Брисање по основу смрти лица,39,60,46,48,60,43,51,30,44,47,46,55,39,37,39,35,30,42,39,48,48,36,29,39,38,46,33,45,40,35,42,47,1356
КРАГУЈЕВАЦ - ГРАД,Брисање по службеној дужности,8,12,4,12,1,4,5,3,0,6,14,0,3,0,0,9,3,0,0,0,12,0,0,7,1,10,14,0,22,3,11,1,165
КРАГУЈЕВАЦ - ГРАД,Исправка техничке грешке,1,0,0,0,0,0,0,0,0,1,0,0,1,0,1,0,0,0,0,0,1,0,0,0,1,0,1,0,0,0,4,0,11
КРАГУЈЕВАЦ - ГРАД,Потврда о изборном праву,0,0,0,0,0,0,0,0,0,0,0,0,0,0,0,0,0,0,0,0,0,0,0,0,0,0,2,0,0,0,5,5,12
КРАГУЈЕВАЦ - ГРАД,Потврда о упису у бирачки списак,0,0,0,0,0,0,0,0,0,0,0,0,0,0,0,0,0,19,0,0,0,0,0,0,0,0,3,0,0,0,0,0,22
КРАГУЈЕВАЦ - ГРАД,Промена адресе боравишта интерно расељеног лица,2,1,2,5,1,1,1,0,0,1,6,3,2,1,0,1,1,0,1,2,2,5,1,3,5,5,0,2,3,0,8,1,66
КРАГУЈЕВАЦ - ГРАД,Промена адресе пребивалишта,59,103,110,176,106,110,90,70,103,128,121,79,93,97,83,101,85,103,99,78,98,102,95,148,108,115,96,81,104,114,136,114,3305
КРАГУЈЕВАЦ - ГРАД,Промена гласања по месту боравишта у земљи,0,0,0,0,0,0,0,0,0,0,0,0,0,0,0,0,0,0,0,0,0,0,0,0,0,0,0,0,0,0,0,1,1
КРАГУЈЕВАЦ - ГРАД,Промена гласања по месту боравишта у иностранству,0,0,0,0,0,0,0,0,0,0,0,0,0,0,0,0,0,0,0,0,0,0,0,0,0,0,0,0,0,0,1,0,1
КРАГУЈЕВАЦ - ГРАД,Промена личних података,9,14,11,8,8,14,7,7,15,15,47,28,31,25,25,20,39,11,15,9,14,37,18,24,16,23,17,9,32,42,61,79,730
КРАГУЈЕВАЦ - ГРАД,Упис за гласање по месту боравишта у земљи,0,0,0,0,0,0,0,0,0,0,0,0,0,0,0,0,0,0,0,0,0,0,0,0,0,0,0,0,0,2,26,190,218
КРАГУЈЕВАЦ - ГРАД,Упис за гласање по месту боравишта у иностранству,0,0,0,0,0,0,0,0,0,0,0,0,0,0,0,0,0,0,0,0,0,0,0,0,0,0,0,0,0,19,317,574,910
КРАГУЈЕВАЦ - ГРАД,Упис по основу последњег пребивалишта,0,0,0,0,0,0,0,0,0,0,0,0,0,0,0,0,0,0,0,0,0,0,0,0,0,0,0,0,0,3,6,6,15
КРАГУЈЕВАЦ - ГРАД,Упис по основу пријаве боравишта интерно расељеног лица,2,4,2,8,6,6,9,3,4,5,5,0,2,5,0,2,2,2,4,0,3,0,5,2,2,7,2,6,7,1,3,3,112
КРАГУЈЕВАЦ - ГРАД,Упис по основу пријаве пребивалишта,33,32,64,50,26,27,34,32,58,43,71,45,39,45,45,56,53,49,41,28,27,43,33,41,49,39,28,47,23,34,205,23,1463
КРАГУЈЕВАЦ - ГРАД,Упис по основу пријема у држављанство,0,0,0,0,0,0,0,0,1,0,0,0,0,0,0,1,1,0,0,0,0,0,0,0,0,0,0,0,1,0,0,0,4
КРАГУЈЕВАЦ - ГРАД,Упис по основу стицања пунолетства,36,20,37,38,33,20,28,16,41,32,29,40,25,33,34,26,28,38,40,27,30,36,44,41,35,47,51,42,38,40,248,0,1273
КРУПАЊ,Брисање по основу одјаве пребивалишта,5,6,7,5,1,1,3,3,3,0,1,2,2,2,4,1,2,1,6,1,3,4,2,5,2,3,5,6,1,5,5,13,110
КРУПАЊ,Брисање по основу отпуста из држављанства,0,0,0,0,0,0,1,0,0,0,0,0,0,0,0,0,0,0,0,0,1,0,0,0,0,0,0,0,0,0,0,0,2
КРУПАЊ,Брисање по основу смрти лица,7,6,8,1,6,4,4,4,8,4,4,6,6,9,2,3,1,5,2,8,6,3,3,5,4,3,3,5,5,5,3,4,147
КРУПАЊ,Брисање по службеној дужности,0,0,0,0,1,0,0,0,0,0,0,1,0,0,1,1,0,0,0,0,0,0,0,0,1,0,0,0,0,0,0,0,5
КРУПАЊ,Потврда о изборном праву,0,0,0,0,0,0,0,0,0,0,0,0,0,0,0,0,0,0,0,0,0,0,0,0,0,0,0,0,1,0,0,0,1
КРУПАЊ,Потврда о упису у бирачки списак,0,0,0,0,0,0,0,0,0,0,0,0,0,0,0,0,0,0,0,0,0,0,0,0,0,0,1,0,0,0,4,4,9
КРУПАЊ,Промена адресе пребивалишта,18,20,29,28,29,23,30,27,25,24,7,20,15,18,14,22,16,23,10,14,28,21,22,23,38,25,21,24,12,27,38,25,716
КРУПАЊ,Промена личних података,0,2,0,1,2,0,1,0,1,1,0,1,3,1,4,0,3,0,2,0,0,0,3,3,0,2,0,1,0,4,5,2,42
КРУПАЊ,Упис за гласање по месту боравишта у земљи,0,0,0,0,0,0,0,0,0,0,0,0,0,0,0,0,0,0,0,0,0,0,0,0,0,0,0,0,0,0,4,2,6
КРУПАЊ,Упис за гласање по месту боравишта у иностранству,0,0,0,0,0,0,0,0,0,0,0,0,0,0,0,0,0,0,0,0,0,0,0,0,0,0,0,0,0,0,15,22,37
КРУПАЊ,Упис по основу последњег пребивалишта,0,0,0,0,0,0,0,0,0,0,0,0,0,0,0,0,0,0,0,0,0,0,0,0,0,0,0,0,0,0,0,2,2
КРУПАЊ,Упис по основу пријаве пребивалишта,2,0,0,4,2,0,5,0,3,3,4,3,0,4,2,1,2,1,5,0,2,0,4,2,2,3,1,1,1,5,10,3,75
КРУПАЊ,Упис по основу пријема у држављанство,0,0,0,0,0,0,0,0,0,2,0,0,0,0,0,0,0,0,0,0,0,0,0,0,0,0,0,1,0,0,0,0,3
КРУПАЊ,Упис по основу стицања пунолетства,1,4,1,1,2,0,3,2,2,1,2,4,3,0,6,2,4,4,6,0,2,0,5,2,3,3,2,2,4,0,23,0,94
КРУШЕВАЦ - ГРАД,Брисање боравишта интерно расељеног лица,1,2,4,2,3,1,1,4,3,1,3,6,4,39,78,53,178,101,3,2,4,5,1,0,2,1,2,3,5,3,16,29,560
КРУШЕВАЦ - ГРАД,Брисање по основу губитка пословне способности,0,0,0,0,2,0,0,0,0,0,0,0,1,0,2,0,0,0,0,0,0,0,0,0,0,0,0,0,0,0,2,0,7
КРУШЕВАЦ - ГРАД,Брисање по основу дуплог уписа,0,0,2,0,0,0,0,0,0,0,0,0,0,0,0,1,0,0,0,0,0,0,0,0,0,0,0,0,0,0,0,0,3
КРУШЕВАЦ - ГРАД,Брисање по основу одјаве пребивалишта,15,20,23,9,10,14,13,11,22,15,3,15,14,9,8,19,12,15,12,17,5,14,9,27,13,12,16,18,9,32,53,24,508
КРУШЕВАЦ - ГРАД,Брисање по основу отпуста из држављанства,0,0,5,1,0,1,0,0,0,2,0,0,0,0,0,0,2,0,1,0,0,0,0,0,0,0,0,0,0,0,0,0,12
КРУШЕВАЦ - ГРАД,Брисање по основу смрти лица,29,44,34,38,28,35,47,37,40,46,31,34,41,33,36,35,22,30,32,29,38,24,30,26,39,34,27,34,20,36,24,36,1069
КРУШЕВАЦ - ГРАД,Брисање по службеној дужности,0,9,2,2,0,1,11,1,7,0,0,0,1,1,0,0,1,0,3,4,0,4,3,0,1,8,11,1,10,1,0,3,85
КРУШЕВАЦ - ГРАД,Исправка техничке грешке,0,0,1,0,0,1,0,0,0,1,0,0,0,0,0,0,2,0,0,0,1,1,0,0,0,1,0,0,0,0,2,0,10
КРУШЕВАЦ - ГРАД,Потврда о изборном праву,0,0,0,0,0,0,0,0,2,0,0,0,0,0,0,0,0,0,0,0,0,0,0,0,0,0,0,0,0,1,2,2,7
КРУШЕВАЦ - ГРАД,Потврда о упису у бирачки списак,0,0,0,0,0,0,1,0,0,0,0,0,0,0,1,2,0,1,0,0,0,0,0,0,0,0,0,0,1,0,0,7,13
КРУШЕВАЦ - ГРАД,Промена адресе боравишта интерно расељеног лица,1,1,0,0,1,1,0,1,2,1,0,1,3,2,3,3,3,0,0,0,1,0,0,1,2,0,0,2,0,0,1,0,30
КРУШЕВАЦ - ГРАД,Промена адресе пребивалишта,50,89,87,125,145,150,131,111,108,100,55,101,35,29,61,57,51,28,25,29,117,132,43,33,69,77,78,83,47,57,44,64,2411
КРУШЕВАЦ - ГРАД,Промена гласања по месту боравишта у иностранству,0,0,0,0,0,0,0,0,0,0,0,0,0,0,0,0,0,0,0,0,0,0,0,0,0,0,0,0,0,0,0,1,1
КРУШЕВАЦ - ГРАД,Промена личних података,7,10,5,5,12,10,11,4,4,17,15,15,17,19,11,13,22,11,4,8,5,18,20,10,11,21,13,5,16,34,10,32,415
КРУШЕВАЦ - ГРАД,Упис за гласање по месту боравишта у земљи,0,0,0,0,0,0,0,0,0,0,0,0,0,0,0,0,0,0,0,0,0,0,0,0,0,0,0,0,0,0,6,153,159
КРУШЕВАЦ - ГРАД,Упис за гласање по месту боравишта у иностранству,0,0,0,0,0,0,0,0,0,0,0,0,0,0,0,0,0,0,0,0,0,0,0,0,0,0,0,0,0,9,137,272,418
КРУШЕВАЦ - ГРАД,Упис по основу последњег пребивалишта,0,0,0,0,0,0,0,0,0,0,0,0,0,0,0,0,0,0,0,0,0,0,0,0,0,0,0,0,0,0,5,4,9
КРУШЕВАЦ - ГРАД,Упис по основу пријаве боравишта интерно расељеног лица,2,2,4,2,0,6,4,3,2,1,3,2,1,5,7,4,8,6,8,6,11,6,4,7,3,6,4,5,2,8,6,1,139
КРУШЕВАЦ - ГРАД,Упис по основу пријаве пребивалишта,25,15,38,24,23,18,14,21,24,20,26,35,24,20,26,20,26,27,24,23,20,22,24,20,23,21,19,29,22,26,99,9,807
КРУШЕВАЦ - ГРАД,Упис по основу пријема у држављанство,0,0,2,0,0,1,1,0,0,0,0,0,0,3,0,0,0,0,1,0,1,0,1,2,0,0,2,1,0,1,1,1,18
КРУШЕВАЦ - ГРАД,Упис по основу стицања пунолетства,21,20,32,22,19,20,15,19,22,25,17,32,29,27,24,28,22,23,29,25,21,16,23,22,33,28,28,31,22,38,22,135,890
КУЛА,Брисање боравишта интерно расељеног лица,0,0,0,0,0,0,0,0,0,0,0,0,7,0,0,0,0,0,0,0,0,0,0,0,0,0,0,0,0,0,0,0,7
КУЛА,Брисање по основу губитка пословне способности,0,0,1,10,0,0,0,3,0,0,0,0,0,0,0,0,0,0,0,0,0,0,0,0,0,0,0,0,0,0,0,0,14
КУЛА,Брисање по основу дуплог уписа,0,0,0,0,0,0,0,0,0,0,0,0,0,0,0,0,0,0,0,0,0,0,0,0,0,0,0,0,0,0,1,0,1
КУЛА,Брисање по основу одјаве пребивалишта,1,6,13,7,0,3,8,5,16,7,7,6,13,7,9,5,5,6,4,3,0,2,9,5,7,9,6,7,3,14,18,5,216
КУЛА,Брисање по основу смрти лица,10,9,13,11,0,0,29,9,13,8,14,11,11,9,18,10,0,18,10,17,10,4,11,14,14,8,9,8,20,13,13,11,355
КУЛА,Брисање по службеној дужности,0,1,2,0,0,0,3,0,0,0,2,0,0,0,0,3,0,0,4,0,2,0,0,0,21,0,0,1,2,0,6,0,47
КУЛА,Потврда о упису у бирачки списак,0,0,1,0,0,0,0,0,0,0,0,0,0,0,0,0,0,0,0,0,0,0,0,0,0,0,0,0,0,0,0,0,1
КУЛА,Промена адресе боравишта интерно расељеног лица,0,0,0,0,0,0,0,0,0,0,0,0,1,0,0,0,0,0,0,0,0,0,0,0,0,0,0,0,0,0,0,0,1
КУЛА,Промена адресе пребивалишта,7,15,17,18,0,1,39,6,0,0,30,14,11,32,22,8,0,26,10,11,25,8,0,0,36,13,11,15,10,13,15,13,426
КУЛА,Промена гласања по месту боравишта у земљи,0,0,0,0,0,0,0,0,0,0,0,0,0,0,0,0,0,0,0,0,0,0,0,0,0,0,0,0,0,0,0,1,1
КУЛА,Промена гласања по месту боравишта у иностранству,0,0,0,0,0,0,0,0,0,0,0,0,0,0,0,0,0,0,0,0,0,0,0,0,0,0,0,0,0,0,2,2,4
КУЛА,Промена личних података,2,8,8,2,0,0,7,3,0,4,4,6,5,4,9,3,0,10,3,4,2,1,0,0,8,7,5,8,3,9,3,7,135
КУЛА,Упис за гласање по месту боравишта у земљи,0,0,0,0,0,0,0,0,0,0,0,0,0,0,0,0,0,0,0,0,0,0,0,0,0,0,0,0,0,0,1,7,8
КУЛА,Упис за гласање по месту боравишта у иностранству,0,0,0,0,0,0,0,0,0,0,0,0,0,0,0,0,0,0,0,0,0,0,0,0,0,0,0,0,0,0,78,119,197
КУЛА,Упис по основу последњег пребивалишта,0,0,0,0,0,0,0,0,0,0,0,0,0,0,0,0,0,0,0,0,0,0,0,0,0,0,0,0,0,0,1,0,1
КУЛА,Упис по основу пријаве пребивалишта,8,29,9,6,0,6,8,9,0,0,19,7,8,7,6,2,0,7,9,4,4,4,0,0,24,10,6,4,5,34,2,9,246
КУЛА,Упис по основу стицања пунолетства,4,3,32,0,0,0,1,5,0,0,23,8,5,10,5,5,0,15,7,14,8,8,0,0,31,9,6,4,8,3,44,0,258
КУРШУМЛИЈА,Брисање боравишта интерно расељеног лица,0,5,0,0,0,1,0,0,0,110,0,0,0,0,0,0,0,1,0,0,0,0,1,0,1,0,0,0,0,2,13,0,134
КУРШУМЛИЈА,Брисање по основу губитка пословне способности,0,0,0,0,0,0,0,0,0,0,1,0,0,0,0,0,0,0,0,0,0,0,0,0,0,0,0,0,0,0,1,0,2
КУРШУМЛИЈА,Брисање по основу одјаве пребивалишта,4,11,6,4,3,7,3,2,5,1,5,6,7,3,6,6,5,3,7,1,1,4,4,5,2,4,2,0,1,3,17,3,141
КУРШУМЛИЈА,Брисање по основу отпуста из држављанства,0,0,0,0,0,0,0,0,0,0,0,0,1,0,0,0,0,0,0,0,0,0,0,0,0,0,0,0,0,0,0,0,1
КУРШУМЛИЈА,Брисање по основу смрти лица,7,4,5,1,3,2,7,6,7,4,5,13,2,4,8,3,6,7,4,5,7,6,4,8,2,8,2,8,2,8,2,2,162
КУРШУМЛИЈА,Брисање по службеној дужности,1,1,0,0,0,0,0,0,1,0,0,1,0,0,0,0,0,0,2,0,0,0,0,0,0,1,0,0,0,0,0,0,7
КУРШУМЛИЈА,Исправка техничке грешке,0,0,0,0,0,0,0,0,0,0,0,0,0,0,0,0,0,0,0,0,0,0,0,0,0,0,0,0,0,0,2,0,2
КУРШУМЛИЈА,Промена адресе боравишта интерно расељеног лица,1,0,1,1,0,0,3,1,0,1,0,0,0,0,0,0,0,0,0,0,0,0,0,1,0,0,1,0,1,0,1,0,12
КУРШУМЛИЈА,Промена адресе пребивалишта,20,20,8,30,24,12,10,14,10,11,25,8,9,9,20,13,12,9,9,10,24,8,11,7,4,11,10,4,6,21,18,8,415
КУРШУМЛИЈА,Промена личних података,1,1,0,1,0,2,2,1,2,1,2,5,4,2,4,1,3,1,1,3,1,4,1,1,1,0,3,2,0,3,2,5,60
КУРШУМЛИЈА,Упис за гласање по месту боравишта у земљи,0,0,0,0,0,0,0,0,0,0,0,0,0,0,0,0,0,0,0,0,0,0,0,0,0,0,0,0,0,1,7,11,19
КУРШУМЛИЈА,Упис за гласање по месту боравишта у иностранству,0,0,0,0,0,0,0,0,0,0,0,0,0,0,0,0,0,0,0,0,0,0,0,0,0,0,0,0,0,1,7,32,40
КУРШУМЛИЈА,Упис по основу пријаве боравишта интерно расељеног лица,0,1,0,0,0,0,0,0,0,1,0,2,2,1,1,0,1,0,0,0,0,0,0,2,1,1,2,0,0,0,1,0,16
КУРШУМЛИЈА,Упис по основу пријаве пребивалишта,2,5,4,2,1,2,0,1,1,1,3,2,2,1,1,5,2,1,5,2,0,2,5,3,4,2,2,2,2,16,3,0,84
КУРШУМЛИЈА,Упис по основу пријема у држављанство,1,0,0,0,0,0,0,0,0,0,0,0,1,0,0,0,0,0,0,0,0,0,0,0,0,0,0,0,0,0,0,0,2
КУРШУМЛИЈА,Упис по основу стицања пунолетства,4,2,4,1,3,2,0,6,5,3,5,8,2,1,6,4,4,7,3,4,3,5,6,1,3,2,7,3,3,5,26,0,138
КУЧЕВО,Брисање по основу губитка пословне способности,0,4,0,1,0,0,0,0,0,1,1,0,0,0,0,0,0,0,0,0,0,0,0,0,0,0,0,0,2,0,0,0,9
КУЧЕВО,Брисање по основу одјаве пребивалишта,7,9,4,2,4,4,1,3,4,2,2,5,2,1,2,1,1,2,2,6,1,4,2,1,1,2,2,1,1,0,3,4,86
КУЧЕВО,Брисање по основу отпуста из држављанства,0,0,6,3,0,0,0,0,0,1,0,0,0,0,5,0,0,0,0,0,0,0,0,0,0,0,0,0,0,1,1,0,17
КУЧЕВО,Брисање по основу смрти лица,5,5,2,6,0,11,8,3,4,9,7,4,6,2,7,4,2,5,3,6,9,6,2,6,6,3,4,6,4,4,5,5,159
КУЧЕВО,Брисање по службеној дужности,0,0,0,0,0,0,0,0,0,1,0,0,0,0,0,0,0,0,0,0,0,0,0,0,0,0,0,0,0,0,0,0,1
КУЧЕВО,Исправка техничке грешке,1,0,0,0,0,0,0,0,0,0,0,1,0,0,0,0,0,0,0,0,0,0,0,0,0,0,0,0,0,0,0,0,2
КУЧЕВО,Промена адресе пребивалишта,22,41,39,37,0,72,34,42,29,53,35,41,45,21,33,32,11,6,28,14,31,26,36,25,60,47,38,28,20,40,24,40,1050
КУЧЕВО,Промена личних података,0,1,1,0,0,1,1,4,1,3,6,1,1,1,3,1,2,0,2,1,0,1,2,4,4,4,2,2,0,5,0,37,91
КУЧЕВО,Упис за гласање по месту боравишта у земљи,0,0,0,0,0,0,0,0,0,0,0,0,0,0,0,0,0,0,0,0,0,0,0,0,0,0,0,0,0,0,0,1,1
КУЧЕВО,Упис за гласање по месту боравишта у иностранству,0,0,0,0,0,0,0,0,0,0,0,0,0,0,0,0,0,0,0,0,0,0,0,0,0,0,0,0,0,1,43,113,157
КУЧЕВО,Упис по основу последњег пребивалишта,0,0,0,0,0,0,0,0,0,0,0,0,0,0,0,0,1,0,0,0,0,0,0,0,0,0,0,0,0,0,0,0,1
КУЧЕВО,Упис по основу пријаве боравишта интерно расељеног лица,0,0,0,0,0,0,0,0,0,3,0,0,0,0,0,0,0,0,0,0,0,0,0,0,0,0,0,0,0,0,0,0,3
КУЧЕВО,Упис по основу пријаве пребивалишта,4,5,9,7,0,2,5,3,0,3,2,3,2,0,10,0,3,0,13,2,0,2,5,8,5,9,6,4,5,3,6,15,141
КУЧЕВО,Упис по основу пријема у држављанство,0,0,0,1,0,0,0,2,1,1,0,0,0,0,0,0,0,0,1,0,0,0,0,0,0,0,0,2,0,0,0,0,8
КУЧЕВО,Упис по основу стицања пунолетства,3,5,3,3,0,5,1,1,4,1,2,5,2,0,4,3,2,0,5,4,2,1,4,7,0,3,1,1,5,3,8,9,97
ЛАЈКОВАЦ,Брисање по основу губитка пословне способности,0,0,0,0,0,0,0,0,0,0,0,0,1,0,0,0,0,0,0,0,0,0,0,0,0,0,0,0,0,0,0,1,2
ЛАЈКОВАЦ,Брисање по основу одјаве пребивалишта,5,4,3,4,2,7,1,3,3,3,4,4,2,4,5,3,4,1,6,4,2,5,1,2,5,3,2,7,2,9,12,4,126
ЛАЈКОВАЦ,Брисање по основу отпуста из држављанства,0,0,0,1,0,0,0,0,0,0,0,0,0,0,0,0,0,0,0,0,0,0,0,0,0,0,0,0,0,0,0,0,1
ЛАЈКОВАЦ,Брисање по основу смрти лица,2,2,4,2,2,7,7,4,2,3,5,1,2,4,0,6,4,2,8,5,7,3,1,4,5,4,6,3,3,4,0,2,114
ЛАЈКОВАЦ,Брисање по службеној дужности,0,0,0,0,0,0,0,0,0,0,0,0,0,0,0,2,0,0,0,2,0,0,0,0,1,0,0,0,0,0,0,0,5
ЛАЈКОВАЦ,Исправка техничке грешке,0,0,0,0,0,0,0,0,0,0,0,0,0,0,0,0,2,0,0,0,0,0,0,0,0,0,0,0,0,0,1,0,3
ЛАЈКОВАЦ,Промена адресе боравишта интерно расељеног лица,0,0,0,0,0,1,0,0,0,0,0,0,0,0,0,0,0,0,0,0,0,0,0,0,0,0,0,0,0,0,0,0,1
ЛАЈКОВАЦ,Промена адресе пребивалишта,0,4,2,0,4,2,1,2,0,2,2,0,5,5,4,1,1,0,1,1,1,1,0,3,1,1,1,1,2,2,8,8,66
ЛАЈКОВАЦ,Промена личних података,1,1,0,0,0,0,1,2,4,2,2,0,1,1,2,6,0,1,0,1,0,3,0,0,4,1,1,1,1,3,2,4,45
ЛАЈКОВАЦ,Упис за гласање по месту боравишта у земљи,0,0,0,0,0,0,0,0,0,0,0,0,0,0,0,0,0,0,0,0,0,0,0,0,0,0,0,0,0,0,4,11,15
ЛАЈКОВАЦ,Упис за гласање по месту боравишта у иностранству,0,0,0,0,0,0,0,0,0,0,0,0,0,0,0,0,0,0,0,0,0,0,0,0,0,0,0,0,0,0,17,18,35
ЛАЈКОВАЦ,Упис по основу пријаве пребивалишта,0,7,4,0,2,2,3,4,6,1,2,2,1,4,2,1,3,0,4,1,1,5,3,0,7,3,2,5,0,3,20,4,102
ЛАЈКОВАЦ,Упис по основу пријема у држављанство,0,0,0,0,0,0,0,0,0,0,0,0,0,0,0,0,0,0,1,0,0,0,0,0,0,0,1,0,0,1,0,0,3
ЛАЈКОВАЦ,Упис по основу стицања пунолетства,2,1,5,2,1,4,2,3,2,4,2,2,3,5,3,2,0,2,4,1,3,2,1,0,2,3,1,1,2,8,19,0,92
ЛАПОВО,Брисање боравишта интерно расељеног лица,0,0,1,0,0,0,3,2,0,0,0,1,0,0,0,0,1,0,0,1,0,0,1,0,0,1,1,1,0,0,0,63,76
ЛАПОВО,Брисање по основу одјаве пребивалишта,6,3,1,1,0,3,1,3,2,3,0,1,1,1,0,1,1,1,0,1,1,1,1,1,1,1,1,1,0,0,7,1,46
ЛАПОВО,Брисање по основу смрти лица,4,5,3,1,2,1,3,0,2,0,2,3,0,0,2,0,1,1,1,3,4,3,2,4,1,1,1,4,2,0,2,3,61
ЛАПОВО,Брисање по службеној дужности,0,0,0,0,0,0,0,0,1,0,0,0,0,0,0,0,0,0,0,3,1,0,0,0,0,0,0,0,0,0,0,0,5
ЛАПОВО,Исправка техничке грешке,1,0,0,0,0,0,0,0,0,0,0,0,0,0,1,0,1,0,0,0,0,0,0,0,0,1,0,0,0,0,1,0,5
ЛАПОВО,Промена адресе боравишта интерно расељеног лица,0,0,1,0,0,0,0,0,0,0,0,0,0,0,0,0,0,0,0,0,0,0,2,0,0,0,0,0,0,0,0,0,3
ЛАПОВО,Промена адресе пребивалишта,5,1,0,0,1,4,0,1,0,0,0,2,1,1,3,2,1,0,1,0,0,0,0,0,3,4,3,0,1,3,0,3,40
ЛАПОВО,Промена личних података,0,0,0,1,0,5,0,2,1,3,0,0,2,2,0,0,4,1,0,1,0,0,2,2,1,1,1,1,0,95,185,4,314
ЛАПОВО,Упис за гласање по месту боравишта у иностранству,0,0,0,0,0,0,0,0,0,0,0,0,0,0,0,0,0,0,0,0,0,0,0,0,0,0,0,0,0,0,15,41,56
ЛАПОВО,Упис по основу пријаве боравишта интерно расељеног лица,0,0,0,0,0,0,0,0,0,0,0,0,0,0,0,0,0,0,0,0,1,0,0,0,0,0,0,0,0,0,0,0,1
ЛАПОВО,Упис по основу пријаве пребивалишта,1,5,1,0,1,2,3,0,0,0,0,1,0,7,4,0,0,0,1,5,2,0,3,3,1,2,2,1,0,3,8,0,56
ЛАПОВО,Упис по основу пријема у држављанство,0,0,0,0,0,1,0,0,0,0,0,0,0,0,0,0,0,0,0,0,0,0,0,0,0,0,0,0,0,0,0,0,1
ЛАПОВО,Упис по основу стицања пунолетства,4,1,1,0,1,1,1,4,0,0,1,0,0,1,0,1,2,2,3,2,0,0,1,2,1,5,0,0,0,1,9,0,44
ЛЕБАНЕ,Брисање боравишта интерно расељеног лица,0,1,0,0,0,0,0,0,0,0,0,0,0,0,0,0,0,0,0,0,0,0,0,2,0,0,0,0,0,0,0,0,3
ЛЕБАНЕ,Брисање по основу губитка пословне способности,0,0,0,0,0,0,0,0,0,0,0,0,0,0,0,0,0,0,0,9,0,0,0,0,0,0,0,0,0,0,0,0,9
ЛЕБАНЕ,Брисање по основу дуплог уписа,0,0,0,0,0,0,0,0,0,0,0,0,0,0,0,0,0,0,0,0,0,0,0,0,0,0,0,0,0,0,1,0,1
ЛЕБАНЕ,Брисање по основу одјаве пребивалишта,4,6,8,8,4,5,8,5,10,6,3,10,3,1,2,4,3,1,4,1,4,5,5,2,5,3,3,6,4,7,8,6,154
ЛЕБАНЕ,Брисање по основу отпуста из држављанства,0,0,0,0,0,0,0,0,0,0,0,0,0,0,0,0,0,1,0,0,0,0,0,0,0,0,0,0,0,0,0,0,1
ЛЕБАНЕ,Брисање по основу смрти лица,8,13,3,6,7,8,7,3,12,5,6,3,0,6,9,5,8,10,5,6,6,4,5,2,0,0,20,3,7,1,7,0,185
ЛЕБАНЕ,Брисање по службеној дужности,0,0,0,1,0,0,0,0,0,1,0,0,0,0,0,0,1,0,0,0,1,0,0,0,0,0,0,0,0,0,0,2,6
ЛЕБАНЕ,Исправка техничке грешке,0,0,0,0,0,0,0,0,2,0,0,0,0,0,0,0,0,0,4,0,0,0,0,0,0,0,0,0,0,0,1,0,7
ЛЕБАНЕ,Промена адресе пребивалишта,103,58,123,94,63,34,25,43,65,82,20,47,23,29,31,25,21,36,13,34,77,104,73,8,0,0,63,55,122,31,21,35,1558
ЛЕБАНЕ,Промена личних података,1,0,1,0,0,0,2,3,5,2,0,4,3,2,2,1,1,1,0,1,1,3,2,3,0,0,7,2,4,20,2,8,81
ЛЕБАНЕ,Упис за гласање по месту боравишта у земљи,0,0,0,0,0,0,0,0,0,0,0,0,0,0,0,0,0,0,0,0,0,0,0,0,0,0,0,0,0,0,0,12,12
ЛЕБАНЕ,Упис за гласање по месту боравишта у иностранству,0,0,0,0,0,0,0,0,0,0,0,0,0,0,0,0,0,0,0,0,0,0,0,0,0,0,0,0,0,0,39,52,91
ЛЕБАНЕ,Упис по основу пријаве пребивалишта,6,3,5,2,0,5,5,6,4,6,11,5,3,2,0,6,0,7,2,5,3,3,3,2,0,0,9,5,5,2,7,2,124
ЛЕБАНЕ,Упис по основу стицања пунолетства,3,6,3,7,5,1,7,2,4,9,5,5,2,6,1,5,0,5,1,8,4,5,3,0,0,0,7,2,11,4,22,3,146
ЛЕПОСАВИЋ,Брисање боравишта интерно расељеног лица,0,0,1,0,0,0,0,0,0,0,1,0,0,0,0,0,0,0,0,0,0,0,0,0,0,0,0,0,0,0,0,0,2
ЛЕПОСАВИЋ,Брисање по основу одјаве пребивалишта,5,7,4,3,9,8,5,8,9,8,6,4,2,2,6,6,13,9,3,3,3,12,10,13,5,7,13,13,10,14,68,6,294
ЛЕПОСАВИЋ,Брисање по основу смрти лица,0,4,4,0,8,1,2,4,4,3,1,3,4,0,6,2,5,2,4,0,30,2,2,4,2,4,2,7,1,7,5,2,125
ЛЕПОСАВИЋ,Брисање по службеној дужности,0,0,0,0,0,0,0,0,0,0,0,0,0,0,0,0,0,0,0,0,0,0,0,0,1,0,0,0,0,0,0,0,1
ЛЕПОСАВИЋ,Исправка техничке грешке,0,0,0,0,0,0,0,0,0,0,0,0,0,0,1,0,0,0,0,0,0,0,0,0,0,0,0,0,0,0,0,0,1
ЛЕПОСАВИЋ,Потврда о упису у бирачки списак,0,0,0,0,0,0,0,0,0,0,0,0,0,0,1,0,0,0,0,0,0,0,0,0,0,0,0,0,1,0,0,0,2
ЛЕПОСАВИЋ,Промена адресе пребивалишта,0,0,0,0,1,0,0,0,0,0,0,0,0,0,0,0,0,1,0,1,0,0,0,0,0,0,0,0,0,1,0,0,4
ЛЕПОСАВИЋ,Промена личних података,0,0,2,0,3,0,1,0,0,1,0,0,1,1,2,0,0,1,0,1,0,0,3,0,1,1,0,1,0,1,1,2,23
ЛЕПОСАВИЋ,Упис за гласање по месту боравишта у земљи,0,0,0,0,0,0,0,0,0,0,0,0,0,0,0,0,0,0,0,0,0,0,0,0,0,0,0,0,0,0,3,258,261
ЛЕПОСАВИЋ,Упис за гласање по месту боравишта у иностранству,0,0,0,0,0,0,0,0,0,0,0,0,0,0,0,0,0,0,0,0,0,0,0,0,0,0,0,0,0,0,2,10,12
ЛЕПОСАВИЋ,Упис по основу пријаве пребивалишта,0,6,1,2,4,1,1,7,1,4,4,2,4,0,2,1,0,1,0,0,1,0,1,0,0,0,0,5,0,0,1,4,53
ЛЕПОСАВИЋ,Упис по основу стицања пунолетства,0,0,0,0,0,0,0,0,0,0,0,0,0,3,5,1,0,5,0,5,3,0,8,4,3,3,0,4,0,4,14,0,62
ЛЕСКОВАЦ - ГРАД,Брисање боравишта интерно расељеног лица,0,1,0,0,0,0,0,0,0,0,0,0,0,0,1,1,0,0,0,0,0,0,0,0,1,1,0,2,1,1,0,153,162
ЛЕСКОВАЦ - ГРАД,Брисање по основу губитка пословне способности,0,0,0,0,0,0,0,0,0,2,0,0,0,0,3,0,0,0,0,0,0,0,0,0,0,0,0,5,0,0,0,0,10
ЛЕСКОВАЦ - ГРАД,Брисање по основу дуплог уписа,0,0,0,0,0,0,0,1,0,0,0,0,0,0,0,0,0,0,0,0,0,0,0,0,0,0,0,0,0,0,0,0,1
ЛЕСКОВАЦ - ГРАД,Брисање по основу одјаве пребивалишта,12,25,20,15,13,20,20,19,23,26,19,15,20,18,15,13,14,14,21,9,9,15,19,12,23,15,14,18,10,22,44,21,573
ЛЕСКОВАЦ - ГРАД,Брисање по основу отпуста из држављанства,0,2,0,0,0,0,0,0,0,0,0,0,0,0,0,1,0,0,1,0,0,0,0,0,1,0,0,0,1,0,0,0,6
ЛЕСКОВАЦ - ГРАД,Брисање по основу смрти лица,30,36,41,22,29,45,33,31,33,38,35,28,33,31,36,38,19,40,37,48,42,40,35,32,32,42,25,25,32,28,22,40,1078
ЛЕСКОВАЦ - ГРАД,Брисање по службеној дужности,2,2,7,2,0,4,12,4,0,0,0,0,0,0,1,0,0,0,1,0,0,0,0,1,0,0,0,4,4,4,1,0,49
ЛЕСКОВАЦ - ГРАД,Исправка техничке грешке,1,0,0,0,0,0,0,1,0,0,0,1,0,0,0,1,2,0,0,0,0,1,2,0,0,0,1,0,0,0,0,0,10
ЛЕСКОВАЦ - ГРАД,Промена адресе боравишта интерно расељеног лица,0,0,1,1,0,0,1,0,0,0,0,1,0,1,0,0,1,0,0,0,0,0,0,0,0,1,0,2,0,0,0,3,12
ЛЕСКОВАЦ - ГРАД,Промена адресе пребивалишта,36,273,123,46,31,27,40,34,22,38,33,41,26,35,42,52,46,27,36,24,30,42,17,35,35,41,27,37,30,64,36,74,1500
ЛЕСКОВАЦ - ГРАД,Промена гласања по месту боравишта у иностранству,0,0,0,0,0,0,0,0,0,0,0,0,0,0,0,0,0,0,0,0,0,0,0,0,0,0,0,0,0,0,2,0,2
ЛЕСКОВАЦ - ГРАД,Промена личних података,5,8,7,6,9,10,3,20,5,17,10,10,15,15,23,11,15,11,11,10,7,7,15,14,10,17,9,15,24,200,68,43,650
ЛЕСКОВАЦ - ГРАД,Упис за гласање по месту боравишта у земљи,0,0,0,0,0,0,0,0,0,0,0,0,0,0,0,0,0,0,0,0,0,0,0,0,0,0,0,0,0,0,4,17,21
ЛЕСКОВАЦ - ГРАД,Упис за гласање по месту боравишта у иностранству,0,0,0,0,0,0,0,0,0,0,0,0,0,0,0,0,0,0,0,0,0,0,0,0,0,0,0,0,0,0,139,241,380
ЛЕСКОВАЦ - ГРАД,Упис по основу последњег пребивалишта,0,0,0,0,0,0,0,0,0,0,0,0,0,0,0,0,0,0,0,0,0,0,0,0,0,0,0,0,0,0,0,1,1
ЛЕСКОВАЦ - ГРАД,Упис по основу пријаве боравишта интерно расељеног лица,0,0,0,0,0,0,0,0,0,0,0,0,0,0,2,1,0,0,0,0,0,0,0,0,0,1,0,0,0,0,0,0,4
ЛЕСКОВАЦ - ГРАД,Упис по основу пријаве пребивалишта,15,34,28,14,16,14,9,19,15,13,8,26,10,18,16,12,8,11,11,16,10,17,19,16,16,7,12,23,12,22,46,57,570
ЛЕСКОВАЦ - ГРАД,Упис по основу пријема у држављанство,0,0,0,0,0,0,0,0,0,0,0,0,0,0,0,0,0,0,0,0,0,0,0,0,0,0,0,0,0,1,0,0,1
ЛЕСКОВАЦ - ГРАД,Упис по основу стицања пунолетства,21,19,29,31,31,17,20,20,23,31,15,26,25,22,23,24,23,32,22,25,22,38,26,29,22,21,24,29,27,46,183,0,946
ЛИПЉАН,Брисање по основу одјаве пребивалишта,1,5,1,1,3,5,3,2,2,2,3,2,0,1,2,3,3,3,2,0,2,3,1,1,1,3,0,2,2,4,12,4,79
ЛИПЉАН,Брисање по основу смрти лица,0,2,2,0,1,1,0,0,3,2,1,2,1,0,1,1,1,0,1,2,8,2,1,0,3,0,0,0,2,2,1,0,40
ЛИПЉАН,Брисање по службеној дужности,0,0,0,0,2,0,0,0,0,1,0,0,0,0,0,0,0,0,0,0,0,0,0,0,0,0,0,0,0,0,0,0,3
ЛИПЉАН,Промена личних података,0,0,0,0,0,0,0,0,1,0,0,0,0,0,0,0,0,0,2,1,1,0,0,0,0,0,0,0,0,0,0,2,7
ЛИПЉАН,Упис за гласање по месту боравишта у земљи,0,0,0,0,0,0,0,0,0,0,0,0,0,0,0,0,0,0,0,0,0,0,0,0,0,0,0,0,0,1,8,27,36
ЛИПЉАН,Упис за гласање по месту боравишта у иностранству,0,0,0,0,0,0,0,0,0,0,0,0,0,0,0,0,0,0,0,0,0,0,0,0,0,0,0,0,0,0,16,6,22
ЛИПЉАН,Упис по основу пријаве пребивалишта,0,2,4,2,0,0,0,0,1,1,0,0,0,1,0,2,0,0,0,0,0,1,0,0,0,0,0,2,3,0,9,16,44
ЛИПЉАН,Упис по основу стицања пунолетства,1,3,3,0,5,3,0,0,3,4,1,4,3,0,1,1,1,0,6,3,1,3,1,2,3,3,0,3,3,2,14,0,77
ЛОЗНИЦА - ГРАД,Брисање боравишта интерно расељеног лица,0,0,0,0,0,1,0,7,0,2,0,1,0,0,0,0,0,0,0,3,0,0,0,0,0,0,0,0,0,0,0,0,14
ЛОЗНИЦА - ГРАД,Брисање гласања по месту боравишта у иностранству,0,0,0,0,0,0,0,0,0,0,0,0,0,0,0,0,0,0,0,0,0,0,0,0,0,0,0,0,0,0,1,0,1
ЛОЗНИЦА - ГРАД,Брисање по основу губитка пословне способности,0,0,0,0,0,0,0,0,0,0,0,0,0,0,0,0,0,0,0,0,0,0,0,0,0,0,20,0,0,0,0,0,20
ЛОЗНИЦА - ГРАД,Брисање по основу дуплог уписа,0,0,0,0,0,1,0,0,0,0,0,0,0,0,0,0,0,0,0,0,0,0,0,0,0,0,0,0,0,0,0,0,1
ЛОЗНИЦА - ГРАД,Брисање по основу одјаве пребивалишта,14,9,11,15,10,20,16,11,16,15,4,20,4,9,12,8,13,7,12,9,1,9,6,11,17,10,8,17,5,21,46,19,405
ЛОЗНИЦА - ГРАД,Брисање по основу отпуста из држављанства,1,0,0,0,0,1,0,0,0,0,0,2,0,0,0,0,0,0,0,0,0,0,0,0,0,0,0,0,0,0,0,0,4
ЛОЗНИЦА - ГРАД,Брисање по основу смрти лица,30,15,12,23,24,17,17,10,16,23,14,33,17,26,16,16,17,21,22,26,16,10,17,17,25,16,18,25,29,21,26,22,637
ЛОЗНИЦА - ГРАД,Брисање по службеној дужности,0,7,11,1,32,19,4,1,2,10,0,1,11,0,2,0,0,0,0,2,6,1,2,18,0,2,28,20,0,6,0,9,195
ЛОЗНИЦА - ГРАД,Исправка техничке грешке,1,1,1,4,3,2,7,3,0,0,3,4,1,1,1,2,2,2,1,0,0,1,0,1,3,1,1,0,0,4,4,4,58
ЛОЗНИЦА - ГРАД,Потврда о изборном праву,0,0,0,0,0,0,0,0,0,0,0,0,0,0,0,0,0,0,0,0,0,0,0,0,0,0,0,0,0,0,1,0,1
ЛОЗНИЦА - ГРАД,Промена адресе боравишта интерно расељеног лица,0,0,0,0,2,0,0,1,0,0,0,0,0,0,0,0,0,0,0,0,0,0,0,0,0,0,0,0,0,0,0,0,3
ЛОЗНИЦА - ГРАД,Промена адресе пребивалишта,105,110,114,134,356,527,245,65,84,173,56,293,149,154,148,110,170,68,70,123,50,74,86,86,108,62,82,64,48,123,140,182,4359
ЛОЗНИЦА - ГРАД,Промена гласања по месту боравишта у иностранству,0,0,0,0,0,0,0,0,0,0,0,0,0,0,0,0,0,0,0,0,0,0,0,0,0,0,0,0,0,0,1,4,5
ЛОЗНИЦА - ГРАД,Промена личних података,7,12,8,18,19,30,22,5,10,49,14,36,28,21,9,16,23,7,11,17,12,1,14,14,18,7,12,12,14,213,57,97,833
ЛОЗНИЦА - ГРАД,Упис за гласање по месту боравишта у земљи,0,0,0,0,0,0,0,0,0,0,0,0,0,0,0,0,0,0,0,0,0,0,0,0,0,0,0,0,0,0,3,14,17
ЛОЗНИЦА - ГРАД,Упис за гласање по месту боравишта у иностранству,0,0,0,0,0,0,0,0,0,0,0,0,0,0,0,0,0,0,0,0,0,0,0,0,0,0,0,0,0,59,292,617,968
ЛОЗНИЦА - ГРАД,Упис по основу последњег пребивалишта,0,0,0,0,0,0,0,0,0,0,0,0,0,0,0,0,0,0,0,0,0,0,0,0,0,0,0,0,0,1,0,2,3
ЛОЗНИЦА - ГРАД,Упис по основу пријаве боравишта интерно расељеног лица,0,0,0,0,0,0,0,0,0,0,0,0,0,0,0,0,0,0,0,0,0,0,0,2,0,1,0,1,0,0,0,0,4
ЛОЗНИЦА - ГРАД,Упис по основу пријаве пребивалишта,20,23,23,33,22,26,16,27,29,14,34,18,23,24,20,15,33,23,20,23,22,20,24,37,28,23,30,39,29,24,26,86,854
ЛОЗНИЦА - ГРАД,Упис по основу пријема у држављанство,0,0,0,1,0,0,0,1,0,0,0,0,0,0,0,0,0,1,0,0,0,0,0,0,1,0,1,0,0,0,0,1,6
ЛОЗНИЦА - ГРАД,Упис по основу стицања пунолетства,21,12,17,15,24,21,23,17,15,9,18,23,11,28,10,19,11,21,16,17,18,21,25,18,24,11,17,21,18,21,32,98,672
ЛУЧАНИ,Брисање по основу губитка пословне способности,0,0,0,0,0,0,0,0,0,0,0,0,0,0,0,0,0,0,0,0,1,0,0,0,0,0,0,0,0,0,1,0,2
ЛУЧАНИ,Брисање по основу одјаве пребивалишта,1,4,6,4,3,1,2,3,9,3,2,2,2,3,0,0,1,2,2,0,4,3,1,7,7,3,1,3,1,7,5,10,102
ЛУЧАНИ,Брисање по основу отпуста из држављанства,0,0,0,0,0,0,0,0,0,0,0,0,0,0,0,0,0,0,0,0,2,0,0,0,0,0,0,0,0,0,0,0,2
ЛУЧАНИ,Брисање по основу смрти лица,5,7,6,1,0,0,12,2,7,7,2,0,14,5,5,5,7,6,3,6,7,5,5,7,2,8,5,5,5,9,3,3,164
ЛУЧАНИ,Брисање по службеној дужности,0,0,0,0,0,0,0,0,1,0,0,0,0,0,0,0,0,0,0,0,0,0,0,0,0,0,0,0,0,0,0,0,1
ЛУЧАНИ,Исправка техничке грешке,0,0,0,0,0,0,1,0,0,0,0,0,0,0,0,0,0,0,0,0,0,0,0,0,0,0,0,0,0,0,0,1,2
ЛУЧАНИ,Потврда о изборном праву,0,0,0,317,64,0,0,0,0,0,0,0,0,0,0,0,0,0,0,0,0,0,0,0,0,0,0,0,0,0,0,0,381
ЛУЧАНИ,Потврда о изборном праву кандидата за одборнике,0,37,0,0,0,0,0,0,0,0,0,0,0,0,0,0,0,0,0,0,0,0,0,0,0,0,0,0,0,0,0,0,37
ЛУЧАНИ,Потврда о упису у бирачки списак,0,1,0,1,0,0,0,0,0,0,0,0,0,0,0,0,0,0,0,0,0,0,0,0,0,0,0,0,0,0,0,0,2
ЛУЧАНИ,Промена адресе пребивалишта,4,9,1,2,0,0,16,4,1,5,6,0,6,4,3,0,1,2,5,0,7,5,2,3,2,0,8,2,3,0,0,2,103
ЛУЧАНИ,Промена личних података,1,1,4,2,0,0,1,0,1,1,1,0,6,5,5,2,2,0,0,0,1,0,3,1,0,0,0,2,2,3,4,3,51
ЛУЧАНИ,Упис за гласање по месту боравишта у иностранству,0,0,0,0,0,0,0,0,0,0,0,0,0,0,0,0,0,0,0,0,0,0,0,0,0,0,0,0,0,0,19,28,47
ЛУЧАНИ,Упис по основу последњег пребивалишта,0,0,0,0,0,0,0,0,0,0,0,0,0,0,0,0,0,0,0,0,0,0,0,0,0,0,0,0,0,0,1,0,1
ЛУЧАНИ,Упис по основу пријаве пребивалишта,1,7,11,1,0,3,1,3,2,5,2,0,7,4,4,3,2,2,1,0,3,0,7,0,2,0,12,0,2,4,22,0,111
ЛУЧАНИ,Упис по основу пријема у држављанство,0,0,0,0,0,0,0,0,1,0,0,0,0,0,0,0,0,0,0,0,0,0,0,0,0,0,0,0,0,0,0,0,1
ЛУЧАНИ,Упис по основу стицања пунолетства,0,3,6,0,0,0,5,2,2,5,1,0,4,2,1,2,3,6,5,0,5,2,3,1,3,0,5,2,7,3,23,0,101
МАЈДАНПЕК,Брисање по основу губитка пословне способности,0,0,1,0,0,0,0,0,0,0,0,0,0,0,0,0,0,0,0,0,0,0,0,2,0,0,1,0,0,0,0,0,4
МАЈДАНПЕК,Брисање по основу одјаве пребивалишта,7,7,10,3,4,2,5,2,6,7,1,2,5,5,5,6,4,4,3,3,6,4,1,2,5,4,2,5,3,9,12,15,159
МАЈДАНПЕК,Брисање по основу отпуста из држављанства,0,0,0,0,0,0,0,0,0,0,0,0,0,0,0,0,0,0,1,0,0,0,0,0,0,0,0,0,0,0,0,0,1
МАЈДАНПЕК,Брисање по основу смрти лица,5,4,2,7,0,0,22,5,3,11,5,9,3,5,6,4,7,2,7,7,4,5,5,4,6,6,4,5,9,6,4,4,176
МАЈДАНПЕК,Брисање по службеној дужности,0,2,5,0,0,0,0,0,0,0,0,0,0,0,0,0,3,0,0,0,0,0,0,0,4,0,0,0,0,1,0,0,15
МАЈДАНПЕК,Исправка техничке грешке,1,0,0,0,0,0,0,0,0,0,0,0,0,0,0,0,0,0,0,0,1,0,0,0,0,0,0,0,0,40,0,0,42
МАЈДАНПЕК,Потврда о изборном праву,0,2,1,6,0,1,0,0,0,0,0,0,0,0,0,0,0,0,0,0,0,0,0,0,0,0,0,0,0,15,6,3,34
МАЈДАНПЕК,Потврда о изборном праву кандидата за одборнике,0,0,1,0,0,0,0,0,0,0,0,0,0,0,0,0,0,0,0,0,0,0,0,0,0,0,0,0,0,0,0,0,1
МАЈДАНПЕК,Промена адресе пребивалишта,20,23,18,14,0,0,57,15,10,8,16,23,14,11,4,19,8,7,4,14,8,10,9,8,15,10,14,16,8,3,12,12,410
МАЈДАНПЕК,Промена личних података,2,0,1,1,0,1,4,1,0,3,4,1,2,2,0,0,3,3,1,0,0,0,4,1,5,7,5,1,4,48,0,4,108
МАЈДАНПЕК,Упис за гласање по месту боравишта у земљи,0,0,0,0,0,0,0,0,0,0,0,0,0,0,0,0,0,0,0,0,0,0,0,0,0,0,0,0,0,0,0,12,12
МАЈДАНПЕК,Упис за гласање по месту боравишта у иностранству,0,0,0,0,0,0,0,0,0,0,0,0,0,0,0,0,0,0,0,0,0,0,0,0,0,0,0,0,0,2,45,96,143
МАЈДАНПЕК,Упис по основу пријаве пребивалишта,3,17,1,0,0,0,3,1,1,2,1,4,1,1,0,4,1,2,2,2,2,1,7,3,1,5,1,3,2,0,11,2,84
МАЈДАНПЕК,Упис по основу пријема у држављанство,0,0,0,0,0,0,0,0,0,0,1,0,0,0,0,0,0,0,0,0,2,1,0,0,0,1,0,0,0,0,0,0,5
МАЈДАНПЕК,Упис по основу стицања пунолетства,3,2,7,0,0,0,3,2,4,3,3,3,3,4,1,1,6,1,3,2,2,1,4,4,0,0,8,0,4,2,20,0,96
МАЛИ ЗВОРНИК,Брисање боравишта интерно расељеног лица,0,0,0,0,0,0,0,0,0,0,0,0,0,0,0,0,0,0,0,0,1,0,0,0,0,0,0,0,0,0,0,0,1
МАЛИ ЗВОРНИК,Брисање по основу губитка пословне способности,0,0,0,0,1,0,0,0,0,0,0,0,0,0,0,1,0,0,0,0,0,0,0,0,0,0,0,0,0,0,0,0,2
МАЛИ ЗВОРНИК,Брисање по основу одјаве пребивалишта,4,8,7,6,5,4,3,6,6,7,2,4,6,6,4,3,12,5,8,2,1,2,2,9,3,8,2,4,0,14,7,22,182
МАЛИ ЗВОРНИК,Брисање по основу отпуста из држављанства,0,0,0,0,0,0,0,1,0,0,0,0,0,0,0,0,0,0,1,0,0,1,0,0,0,0,0,0,0,0,0,0,3
МАЛИ ЗВОРНИК,Брисање по основу смрти лица,1,5,2,7,5,2,6,5,1,0,5,3,3,2,4,3,4,0,10,1,2,5,1,2,1,2,4,3,1,3,2,6,101
МАЛИ ЗВОРНИК,Брисање по службеној дужности,19,8,0,0,0,0,1,0,12,17,0,0,0,1,11,15,1,0,2,0,0,6,10,3,2,0,0,20,9,20,1,7,165
МАЛИ ЗВОРНИК,Промена адресе пребивалишта,12,18,12,18,14,7,13,13,13,7,7,11,18,5,9,24,20,0,19,5,12,18,18,66,14,11,6,9,10,16,11,16,452
МАЛИ ЗВОРНИК,Промена личних података,3,1,0,1,1,0,0,1,1,1,5,2,3,0,2,4,1,0,3,3,1,1,3,2,3,1,3,1,0,169,4,8,228
МАЛИ ЗВОРНИК,Упис за гласање по месту боравишта у земљи,0,0,0,0,0,0,0,0,0,0,0,0,0,0,0,0,0,0,0,0,0,0,0,0,0,0,0,0,0,2,10,9,21
МАЛИ ЗВОРНИК,Упис за гласање по месту боравишта у иностранству,0,0,0,0,0,0,0,0,0,0,0,0,0,0,0,0,0,0,0,0,0,0,0,0,0,0,0,0,0,134,111,210,455
МАЛИ ЗВОРНИК,Упис по основу последњег пребивалишта,0,0,0,0,0,0,0,0,0,0,0,0,0,0,0,0,0,0,0,0,0,0,0,0,0,0,0,0,0,0,0,2,2
МАЛИ ЗВОРНИК,Упис по основу пријаве пребивалишта,4,11,9,6,8,3,2,4,8,4,13,0,3,10,8,2,3,0,13,8,1,6,7,10,7,7,8,7,6,9,16,30,233
МАЛИ ЗВОРНИК,Упис по основу пријема у држављанство,1,0,0,0,1,0,0,0,0,0,0,0,0,0,0,0,0,0,0,0,0,0,0,0,0,0,0,0,0,0,0,0,2
МАЛИ ЗВОРНИК,Упис по основу стицања пунолетства,2,3,1,2,2,2,2,2,1,2,7,2,3,5,4,2,3,0,8,2,4,2,8,5,1,4,4,1,6,5,23,0,118
МАЛИ ИЂОШ,Брисање боравишта интерно расељеног лица,0,0,0,0,0,0,0,0,0,0,0,0,0,0,0,0,0,2,0,0,0,0,0,0,0,0,0,0,0,0,0,0,2
МАЛИ ИЂОШ,Брисање по основу губитка пословне способности,0,0,2,0,0,0,0,0,0,1,0,0,0,0,0,0,0,0,0,0,0,0,0,0,0,0,0,0,0,0,0,0,3
МАЛИ ИЂОШ,Брисање по основу дуплог уписа,0,1,1,0,0,0,0,0,0,0,0,0,0,0,0,0,0,1,0,0,0,0,0,0,0,0,0,0,0,0,0,0,3
МАЛИ ИЂОШ,Брисање по основу одјаве пребивалишта,4,2,6,1,1,3,1,1,2,0,0,4,0,2,5,3,4,2,0,2,2,1,1,2,1,1,2,2,1,3,8,4,71
МАЛИ ИЂОШ,Брисање по основу отпуста из држављанства,0,0,0,0,0,0,0,0,0,0,0,0,0,0,0,0,0,0,0,0,0,0,0,0,0,0,0,0,0,0,1,0,1
МАЛИ ИЂОШ,Брисање по основу смрти лица,4,2,7,3,5,2,6,4,5,1,2,2,4,2,4,2,4,5,3,2,6,0,3,4,4,3,2,4,0,4,2,2,103
МАЛИ ИЂОШ,Брисање по службеној дужности,1,0,0,5,1,1,1,0,0,0,0,0,0,0,0,0,0,5,0,0,2,1,0,1,3,0,0,0,0,0,0,2,23
МАЛИ ИЂОШ,Исправка техничке грешке,0,0,0,0,0,0,0,0,0,0,0,0,0,0,32,0,0,0,0,0,0,0,0,0,0,0,0,0,0,0,0,0,32
МАЛИ ИЂОШ,Потврда о изборном праву,0,0,0,0,0,0,0,0,0,0,0,0,0,0,0,0,0,0,0,0,0,0,0,0,0,0,0,0,0,0,0,2,2
МАЛИ ИЂОШ,Потврда о упису у бирачки списак,0,0,0,0,0,0,0,0,0,0,0,0,0,0,0,0,0,0,0,0,0,0,0,0,0,0,0,0,0,0,2,0,2
МАЛИ ИЂОШ,Промена адресе пребивалишта,7,1,4,2,1,2,11,6,7,2,2,1,3,3,6,0,0,9,1,3,8,4,1,6,3,5,2,4,4,4,6,5,123
МАЛИ ИЂОШ,Промена личних података,0,0,1,2,2,2,0,2,2,4,2,1,2,1,2,0,0,4,1,0,2,0,1,1,1,3,3,2,1,0,3,2,47
МАЛИ ИЂОШ,Упис за гласање по месту боравишта у земљи,0,0,0,0,0,0,0,0,0,0,0,0,0,0,0,0,0,0,0,0,0,0,0,0,0,0,0,0,0,0,0,2,2
МАЛИ ИЂОШ,Упис за гласање по месту боравишта у иностранству,0,0,0,0,0,0,0,0,0,0,0,0,0,0,0,0,0,0,0,0,0,0,0,0,0,0,0,0,0,0,8,18,26
МАЛИ ИЂОШ,Упис по основу пријаве боравишта интерно расељеног лица,0,0,0,0,0,0,0,0,0,0,0,0,0,0,0,0,0,1,0,0,0,0,0,0,0,0,0,0,0,0,0,0,1
МАЛИ ИЂОШ,Упис по основу пријаве пребивалишта,1,1,13,0,1,6,0,5,1,5,10,3,10,1,1,0,0,13,1,0,3,2,7,8,1,1,7,0,0,0,3,5,109
МАЛИ ИЂОШ,Упис по основу пријема у држављанство,0,0,0,0,0,0,0,0,0,0,0,0,0,0,0,0,0,1,0,0,0,0,0,0,0,0,0,0,0,0,1,0,2
МАЛИ ИЂОШ,Упис по основу стицања пунолетства,5,1,2,2,4,2,1,3,3,3,1,2,1,2,1,0,0,6,3,3,1,4,1,2,1,2,4,2,2,3,4,9,80
МАЛО ЦРНИЋЕ,Брисање по основу губитка пословне способности,0,0,0,0,0,0,0,0,0,0,0,0,0,0,0,1,0,0,0,0,0,0,0,0,0,0,0,0,0,0,0,0,1
МАЛО ЦРНИЋЕ,Брисање по основу одјаве пребивалишта,3,6,7,2,4,3,1,1,3,1,2,1,1,3,2,1,4,0,3,2,0,2,1,4,4,1,2,2,0,2,7,6,81
МАЛО ЦРНИЋЕ,Брисање по основу смрти лица,3,4,3,6,4,6,7,2,3,5,2,6,6,3,7,4,6,5,3,3,6,4,4,1,2,4,2,3,1,7,3,5,130
МАЛО ЦРНИЋЕ,Брисање по службеној дужности,0,0,3,5,0,1,0,0,0,0,0,0,0,0,0,0,0,0,0,0,0,0,0,0,0,0,0,0,0,0,0,0,9
МАЛО ЦРНИЋЕ,Исправка техничке грешке,0,0,0,1,0,0,0,0,0,0,1,0,0,0,0,0,1,0,0,0,0,0,1,0,0,0,0,0,0,0,0,0,4
МАЛО ЦРНИЋЕ,Потврда о изборном праву,0,0,0,0,0,0,0,0,0,0,0,0,0,0,0,0,0,0,0,0,0,0,0,0,0,0,0,0,1,0,0,0,1
МАЛО ЦРНИЋЕ,Промена адресе пребивалишта,23,28,12,27,20,12,32,15,20,28,22,26,27,14,19,21,17,9,0,19,21,13,27,26,33,44,0,51,20,19,6,27,678
МАЛО ЦРНИЋЕ,Промена личних података,2,3,0,0,1,1,0,1,1,0,0,1,0,0,0,0,1,0,0,1,2,1,1,1,2,2,0,4,4,107,0,2,138
МАЛО ЦРНИЋЕ,Упис за гласање по месту боравишта у земљи,0,0,0,0,0,0,0,0,0,0,0,0,0,0,0,0,0,0,0,0,0,0,0,0,0,0,0,0,0,0,0,1,1
МАЛО ЦРНИЋЕ,Упис за гласање по месту боравишта у иностранству,0,0,0,0,0,0,0,0,0,0,0,0,0,0,0,0,0,0,0,0,0,0,0,0,0,0,0,0,0,0,22,61,83
МАЛО ЦРНИЋЕ,Упис по основу последњег пребивалишта,0,0,0,0,0,0,0,0,0,0,0,0,0,0,0,0,0,0,0,0,0,0,0,0,0,0,0,0,0,0,0,1,1
МАЛО ЦРНИЋЕ,Упис по основу пријаве пребивалишта,4,6,3,4,0,3,4,4,2,1,4,2,1,0,2,2,2,8,0,6,3,9,6,3,6,2,0,7,2,0,1,9,106
МАЛО ЦРНИЋЕ,Упис по основу пријема у држављанство,0,0,0,0,1,0,0,1,0,1,0,0,0,0,0,0,0,0,0,0,0,0,0,0,0,0,0,0,1,0,1,0,5
МАЛО ЦРНИЋЕ,Упис по основу стицања пунолетства,2,2,0,2,1,2,2,1,3,3,0,5,2,1,2,2,2,1,0,4,2,4,0,3,3,5,0,3,1,3,2,8,71
МЕДВЕЂА,Брисање боравишта интерно расељеног лица,0,0,0,0,0,1,0,0,0,0,0,0,0,0,1,0,0,0,0,0,0,0,0,0,0,0,0,0,0,0,4,0,6
МЕДВЕЂА,Брисање по основу губитка пословне способности,0,0,0,0,0,0,0,1,0,0,0,0,0,0,0,0,0,0,0,0,0,0,0,0,0,0,0,0,0,0,2,0,3
МЕДВЕЂА,Брисање по основу одјаве пребивалишта,2,4,2,3,3,5,1,2,3,1,1,3,2,1,3,0,10,0,0,3,1,0,2,6,0,1,2,2,1,2,3,2,71
МЕДВЕЂА,Брисање по основу смрти лица,1,1,1,3,2,1,5,1,2,2,1,2,0,2,3,0,0,4,4,0,7,1,3,1,2,0,1,2,3,2,0,2,59
МЕДВЕЂА,Брисање по службеној дужности,0,0,0,0,0,0,0,0,0,0,0,0,0,0,0,0,4,1,0,0,0,0,0,0,0,0,1,0,0,0,0,0,6
МЕДВЕЂА,Исправка техничке грешке,0,0,0,0,0,0,0,0,0,0,0,0,0,0,0,0,0,0,0,0,0,0,0,0,1,0,0,0,0,0,0,0,1
МЕДВЕЂА,Промена адресе боравишта интерно расељеног лица,0,0,0,0,0,0,0,0,0,0,0,0,0,0,0,0,0,0,0,0,0,0,0,0,0,0,0,1,0,0,0,0,1
МЕДВЕЂА,Промена адресе пребивалишта,19,6,38,41,14,27,23,22,20,18,13,19,20,16,18,19,196,55,11,19,34,41,17,18,22,23,13,18,12,18,17,15,862
МЕДВЕЂА,Промена личних података,0,1,0,1,0,2,2,1,1,1,1,0,2,0,1,2,3,1,0,0,1,1,1,1,0,2,2,2,0,2,1,0,32
МЕДВЕЂА,Упис за гласање по месту боравишта у земљи,0,0,0,0,0,0,0,0,0,0,0,0,0,0,0,0,0,0,0,0,0,0,0,0,0,0,0,0,0,0,0,5,5
МЕДВЕЂА,Упис за гласање по месту боравишта у иностранству,0,0,0,0,0,0,0,0,0,0,0,0,0,0,0,0,0,0,0,0,0,0,0,0,0,0,0,0,0,0,34,31,65
МЕДВЕЂА,Упис по основу пријаве боравишта интерно расељеног лица,0,0,0,0,0,0,0,0,0,0,0,0,0,0,0,0,0,0,0,0,0,0,0,0,0,0,0,0,0,0,1,1,2
МЕДВЕЂА,Упис по основу пријаве пребивалишта,4,1,0,6,3,2,3,4,3,1,2,5,5,4,7,2,1,3,3,2,2,3,1,2,3,0,1,2,3,0,22,1,101
МЕДВЕЂА,Упис по основу пријема у држављанство,0,0,0,0,0,0,0,0,0,0,0,0,0,0,0,0,0,0,0,0,0,1,0,0,0,0,0,0,0,0,0,0,1
МЕДВЕЂА,Упис по основу стицања пунолетства,2,1,4,2,1,0,0,1,2,1,2,1,0,1,1,1,1,0,2,3,2,2,3,2,3,2,0,0,0,1,9,0,50
МЕРОШИНА,Брисање боравишта интерно расељеног лица,0,0,0,0,0,0,0,0,0,0,0,0,0,0,0,0,0,0,0,0,0,0,0,0,0,0,0,0,0,0,0,2,2
МЕРОШИНА,Брисање по основу губитка пословне способности,0,0,0,0,0,0,0,0,0,0,0,0,0,0,0,0,0,0,0,0,0,0,0,0,0,0,0,0,0,0,0,1,1
МЕРОШИНА,Брисање по основу одјаве пребивалишта,1,2,5,3,6,1,4,2,4,6,1,6,2,2,1,4,1,4,4,0,3,2,7,4,7,2,3,0,2,2,5,0,96
МЕРОШИНА,Брисање по основу смрти лица,3,6,2,5,2,3,5,0,6,5,1,3,1,3,4,2,5,1,0,3,3,4,3,1,7,2,1,1,3,3,5,3,96
МЕРОШИНА,Брисање по службеној дужности,0,0,0,0,0,0,0,0,0,0,0,0,0,0,0,0,0,0,0,0,0,1,1,0,0,0,0,0,0,0,0,0,2
МЕРОШИНА,Промена адресе боравишта интерно расељеног лица,0,0,0,0,0,0,0,0,0,0,0,0,0,0,0,0,0,0,0,0,0,0,0,0,0,0,1,0,0,0,0,0,1
МЕРОШИНА,Промена адресе пребивалишта,19,28,31,31,30,30,16,14,16,29,10,14,23,11,6,34,5,25,15,10,10,37,32,21,0,0,72,21,7,22,28,16,663
МЕРОШИНА,Промена личних података,0,0,1,0,1,0,0,1,1,0,1,1,0,2,0,1,2,0,0,0,1,0,1,5,0,1,4,2,2,23,3,1,54
МЕРОШИНА,Упис за гласање по месту боравишта у земљи,0,0,0,0,0,0,0,0,0,0,0,0,0,0,0,0,0,0,0,0,0,0,0,0,0,0,0,0,0,0,0,3,3
МЕРОШИНА,Упис за гласање по месту боравишта у иностранству,0,0,0,0,0,0,0,0,0,0,0,0,0,0,0,0,0,0,0,0,0,0,0,0,0,0,0,0,0,0,6,5,11
МЕРОШИНА,Упис по основу пријаве боравишта интерно расељеног лица,0,0,0,0,0,0,0,0,0,1,0,1,0,0,0,0,0,0,0,0,0,0,0,0,0,0,0,0,0,0,0,0,2
МЕРОШИНА,Упис по основу пријаве пребивалишта,9,2,2,0,1,3,1,0,0,9,2,0,3,1,0,14,0,1,0,7,2,8,8,8,0,0,7,2,2,2,7,17,118
МЕРОШИНА,Упис по основу стицања пунолетства,3,2,1,3,2,2,2,0,1,3,0,1,1,0,0,3,6,4,3,2,1,6,1,2,0,0,4,1,0,4,15,0,73
МИНИСТАРСТВО,Промена адресе пребивалишта,0,0,0,0,0,1,0,0,0,0,0,0,0,0,0,0,0,0,0,0,0,0,0,0,0,0,0,0,0,0,0,0,1
МИНИСТАРСТВО,Промена личних података,0,0,0,0,0,1,0,0,0,0,0,0,0,0,0,0,0,0,0,0,0,0,0,0,0,0,0,0,0,0,0,0,1
МИНИСТАРСТВО,Упис по основу пријаве пребивалишта,0,0,0,0,0,2,0,0,0,0,0,0,0,0,0,0,0,0,0,0,0,0,0,0,0,0,0,0,0,0,0,0,2
МИОНИЦА,Брисање по основу губитка пословне способности,0,0,0,0,0,0,0,0,0,0,0,0,0,0,0,0,0,0,0,0,0,0,0,0,0,0,0,0,0,0,0,1,1
МИОНИЦА,Брисање по основу одјаве пребивалишта,2,0,6,2,2,3,0,3,6,0,3,3,1,2,2,2,2,1,2,1,1,8,0,5,1,3,1,2,1,4,7,3,79
МИОНИЦА,Брисање по основу отпуста из држављанства,0,0,0,0,0,2,0,0,0,0,0,0,0,0,0,0,0,0,0,0,0,0,0,0,0,0,0,0,0,0,0,0,2
МИОНИЦА,Брисање по основу смрти лица,5,4,8,1,7,4,7,1,3,2,5,5,4,5,3,4,4,1,5,6,5,3,3,1,6,0,4,6,6,0,6,3,127
МИОНИЦА,Брисање по службеној дужности,0,0,1,0,0,0,0,0,0,0,0,0,0,0,0,0,0,0,0,0,0,0,0,0,0,0,0,0,0,0,0,0,1
МИОНИЦА,Исправка техничке грешке,0,0,0,0,1,0,0,0,0,0,0,0,2,0,0,0,1,0,0,0,0,0,1,0,0,0,0,1,0,0,0,0,6
МИОНИЦА,Промена адресе пребивалишта,17,41,29,40,25,17,33,24,20,39,15,25,32,36,20,22,23,30,29,18,30,31,35,27,31,0,56,32,23,29,27,28,884
МИОНИЦА,Промена личних података,1,1,1,1,5,5,2,5,6,5,8,8,3,8,5,2,4,7,1,8,10,10,5,5,7,0,4,8,7,13,11,20,186
МИОНИЦА,Упис за гласање по месту боравишта у земљи,0,0,0,0,0,0,0,0,0,0,0,0,0,0,0,0,0,0,0,0,0,0,0,0,0,0,0,0,0,0,3,2,5
МИОНИЦА,Упис за гласање по месту боравишта у иностранству,0,0,0,0,0,0,0,0,0,0,0,0,0,0,0,0,0,0,0,0,0,0,0,0,0,0,0,0,0,0,10,20,30
МИОНИЦА,Упис по основу пријаве боравишта интерно расељеног лица,0,0,0,0,0,0,0,0,0,0,0,0,0,0,0,0,0,0,0,0,0,0,0,0,0,0,0,0,0,0,1,0,1
МИОНИЦА,Упис по основу пријаве пребивалишта,3,4,2,7,5,4,2,2,1,4,7,5,6,1,2,4,1,1,4,4,0,2,2,4,7,0,5,1,2,3,1,20,116
МИОНИЦА,Упис по основу стицања пунолетства,3,4,1,3,5,2,2,5,3,0,2,3,3,2,4,0,3,1,4,2,0,1,3,6,3,0,10,2,1,4,19,0,101
НЕГОТИН,Брисање боравишта интерно расељеног лица,0,0,0,0,0,0,0,0,0,1,0,0,0,0,0,0,0,1,0,0,0,0,2,0,0,0,0,0,0,0,0,6,10
НЕГОТИН,Брисање по основу губитка пословне способности,0,0,0,0,0,0,0,0,0,0,0,0,0,0,0,0,0,0,0,7,1,1,0,0,0,0,0,0,0,0,0,0,9
НЕГОТИН,Брисање по основу одјаве пребивалишта,4,8,8,5,1,3,4,3,4,1,5,7,3,1,6,4,6,2,6,2,1,0,5,4,1,4,4,2,2,9,17,4,136
НЕГОТИН,Брисање по основу отпуста из држављанства,0,0,0,1,0,0,0,0,0,0,0,1,0,2,0,0,0,0,0,0,0,0,0,1,0,0,0,0,0,0,0,0,5
НЕГОТИН,Брисање по основу смрти лица,11,12,15,16,14,17,12,9,10,14,13,17,11,10,12,19,10,12,12,17,16,14,8,16,10,9,9,10,6,14,15,13,403
НЕГОТИН,Брисање по службеној дужности,0,1,0,0,3,0,6,5,0,0,5,0,0,0,7,1,0,0,0,0,2,2,0,0,0,0,0,5,3,0,0,0,40
НЕГОТИН,Исправка техничке грешке,0,0,0,0,0,0,0,0,0,0,0,0,0,0,0,0,0,0,0,0,0,0,0,0,0,0,0,0,1,1,0,0,2
НЕГОТИН,Потврда о упису у бирачки списак,0,0,0,0,0,0,0,0,0,0,0,0,0,0,0,0,0,0,0,0,0,0,0,0,0,0,0,0,0,0,0,1,1
НЕГОТИН,Промена адресе боравишта интерно расељеног лица,0,0,0,0,0,0,0,0,0,0,0,0,0,0,0,0,0,0,0,0,0,0,0,0,0,0,0,0,0,0,1,0,1
НЕГОТИН,Промена адресе пребивалишта,30,75,54,56,48,39,61,47,69,49,34,47,71,53,51,40,30,23,27,35,42,62,60,42,66,56,50,51,40,56,62,44,1570
НЕГОТИН,Промена личних података,5,4,5,3,3,5,5,4,4,2,5,3,4,10,5,3,2,7,1,6,6,4,10,6,10,7,6,9,8,52,11,6,221
НЕГОТИН,Упис за гласање по месту боравишта у земљи,0,0,0,0,0,0,0,0,0,0,0,0,0,0,0,0,0,0,0,0,0,0,0,0,0,0,0,0,0,1,1,7,9
НЕГОТИН,Упис за гласање по месту боравишта у иностранству,0,0,0,0,0,0,0,0,0,0,0,0,0,0,0,0,0,0,0,0,0,0,0,0,0,0,0,0,0,0,78,242,320
НЕГОТИН,Упис по основу враћања пословне способности,0,0,0,0,0,0,0,0,0,0,0,0,0,0,0,0,0,0,0,0,2,0,0,0,0,0,0,0,0,0,0,0,2
НЕГОТИН,Упис по основу пријаве боравишта интерно расељеног лица,0,0,0,0,0,0,0,0,0,1,0,0,0,0,0,0,0,0,0,0,0,0,0,0,0,1,0,0,0,0,0,0,2
НЕГОТИН,Упис по основу пријаве пребивалишта,8,12,4,6,3,3,6,6,6,7,4,6,8,12,10,8,3,4,3,4,9,3,9,7,9,6,5,9,2,10,16,11,219
НЕГОТИН,Упис по основу пријема у држављанство,1,0,1,1,0,0,0,2,0,0,1,4,3,3,0,1,0,0,2,1,3,4,4,2,2,3,3,0,1,5,0,2,49
НЕГОТИН,Упис по основу стицања пунолетства,9,8,8,7,4,4,4,3,5,2,4,2,7,6,2,3,5,12,7,5,3,8,9,8,9,11,11,8,9,7,55,0,245
НИШ-МЕДИЈАНА,Брисање боравишта интерно расељеног лица,0,0,2,2,0,0,1,1,0,0,0,0,0,1,1,0,1,0,1,0,0,0,0,0,0,0,1,0,1,1,1,1,15
НИШ-МЕДИЈАНА,Брисање гласања по месту боравишта у иностранству,0,0,0,0,0,0,0,0,0,0,0,0,0,0,0,0,0,0,0,0,0,0,0,0,0,0,0,0,0,0,0,1,1
НИШ-МЕДИЈАНА,Брисање по основу губитка пословне способности,0,0,0,0,0,1,0,0,0,0,0,1,0,0,0,0,0,2,0,1,0,1,0,0,0,0,0,0,0,0,0,0,6
НИШ-МЕДИЈАНА,Брисање по основу дуплог уписа,0,0,0,1,1,1,0,0,0,0,0,0,0,0,0,0,0,0,0,0,0,0,0,0,0,0,0,0,0,0,0,0,3
НИШ-МЕДИЈАНА,Брисање по основу одјаве пребивалишта,32,38,46,35,28,70,16,27,38,28,23,37,30,51,28,27,27,17,20,9,16,26,33,49,37,24,21,33,13,58,148,12,1097
НИШ-МЕДИЈАНА,Брисање по основу отпуста из држављанства,0,0,0,1,0,0,0,1,0,0,0,1,0,2,0,0,0,0,1,0,0,1,0,0,0,0,2,0,0,0,0,0,9
НИШ-МЕДИЈАНА,Брисање по основу смрти лица,15,24,24,24,22,19,27,15,22,19,18,23,21,27,33,15,16,16,22,17,22,25,19,16,13,21,21,16,21,17,16,22,648
НИШ-МЕДИЈАНА,Брисање по службеној дужности,4,11,3,4,0,10,8,9,10,9,2,4,6,11,3,4,0,0,0,4,15,13,4,0,0,0,0,0,6,4,11,4,159
НИШ-МЕДИЈАНА,Исправка техничке грешке,0,0,0,0,0,0,0,0,0,0,0,0,0,0,0,1,0,0,0,0,0,0,0,0,0,0,0,0,0,1,0,1,3
НИШ-МЕДИЈАНА,Потврда о изборном праву,0,0,0,0,0,0,0,0,0,0,0,0,0,0,0,0,0,0,0,0,0,0,0,0,0,0,0,0,0,1,4,0,5
НИШ-МЕДИЈАНА,Промена адресе боравишта интерно расељеног лица,0,0,0,0,0,0,0,0,0,1,0,0,0,0,0,0,1,0,0,0,0,0,0,0,0,0,0,0,0,0,0,0,2
НИШ-МЕДИЈАНА,Промена адресе пребивалишта,14,7,51,32,30,17,32,21,32,30,21,26,36,23,25,23,20,24,18,10,13,21,18,21,21,26,32,19,23,26,25,20,757
НИШ-МЕДИЈАНА,Промена гласања по месту боравишта у иностранству,0,0,0,0,0,0,0,0,0,0,0,0,0,0,0,0,0,0,0,0,0,0,0,0,0,0,0,0,0,0,2,0,2
НИШ-МЕДИЈАНА,Промена личних података,7,5,2,5,10,8,7,4,3,6,13,8,14,11,22,10,12,11,7,8,9,7,9,17,6,9,13,6,21,22,28,13,333
НИШ-МЕДИЈАНА,Упис за гласање по месту боравишта у земљи,0,0,0,0,0,0,0,0,0,0,0,0,0,0,0,0,0,0,0,0,0,0,0,0,0,0,0,0,0,2,12,40,54
НИШ-МЕДИЈАНА,Упис за гласање по месту боравишта у иностранству,0,0,0,0,0,0,0,0,0,0,0,0,0,0,0,0,0,0,0,0,0,0,0,0,0,0,0,0,0,17,315,461,793
НИШ-МЕДИЈАНА,Упис по основу последњег пребивалишта,0,0,0,0,0,0,0,0,0,0,0,0,0,0,0,0,0,0,0,0,0,0,0,0,0,0,0,0,0,0,5,11,16
НИШ-МЕДИЈАНА,Упис по основу пријаве боравишта интерно расељеног лица,2,0,2,0,0,1,1,0,0,1,0,0,0,2,4,0,2,0,0,0,0,0,0,0,0,0,3,2,0,1,0,2,23
НИШ-МЕДИЈАНА,Упис по основу пријаве пребивалишта,46,45,70,36,35,47,55,27,61,58,56,45,32,43,25,40,40,42,63,27,27,26,37,39,45,37,37,48,30,90,172,16,1497
НИШ-МЕДИЈАНА,Упис по основу пријема у држављанство,0,0,1,0,0,1,0,1,0,0,0,0,0,0,0,0,0,1,0,0,0,0,0,0,0,0,0,0,0,0,0,1,5
НИШ-МЕДИЈАНА,Упис по основу стицања пунолетства,14,20,13,25,13,15,13,13,13,13,12,16,15,20,17,12,10,14,13,20,15,22,15,19,20,16,23,26,8,16,108,0,589
НИШ-НИШКА БАЊА,Брисање боравишта интерно расељеног лица,1,0,0,0,0,0,0,0,0,0,0,0,0,0,0,0,0,0,0,0,0,0,0,1,0,0,0,0,0,1,0,0,3
НИШ-НИШКА БАЊА,Брисање по основу губитка пословне способности,0,0,0,1,0,0,0,0,0,0,0,0,0,0,0,0,0,0,0,0,0,0,0,0,0,0,0,0,0,0,0,0,1
НИШ-НИШКА БАЊА,Брисање по основу одјаве пребивалишта,5,4,8,2,4,4,4,2,7,2,3,10,4,2,3,4,0,4,3,3,1,1,3,3,3,1,1,7,0,10,13,1,122
НИШ-НИШКА БАЊА,Брисање по основу смрти лица,0,3,7,7,4,3,3,1,3,4,1,3,4,10,5,4,4,10,6,4,3,4,6,3,4,4,5,2,7,6,5,0,135
НИШ-НИШКА БАЊА,Брисање по службеној дужности,0,0,1,0,0,0,1,0,1,0,0,0,3,0,1,0,0,0,0,0,3,0,3,0,0,0,0,0,0,0,2,0,15
НИШ-НИШКА БАЊА,Промена адресе пребивалишта,2,13,5,12,13,5,7,11,8,9,10,11,11,7,5,5,10,17,10,7,8,11,5,3,3,5,10,6,5,17,9,2,262
НИШ-НИШКА БАЊА,Промена личних података,2,0,0,2,2,0,1,1,1,3,0,1,1,1,0,1,1,2,0,0,3,0,1,4,1,2,1,0,0,1,3,1,36
НИШ-НИШКА БАЊА,Упис за гласање по месту боравишта у иностранству,0,0,0,0,0,0,0,0,0,0,0,0,0,0,0,0,0,0,0,0,0,0,0,0,0,0,0,0,0,0,20,20,40
НИШ-НИШКА БАЊА,Упис по основу пријаве боравишта интерно расељеног лица,0,0,0,0,1,0,0,0,0,0,0,0,0,1,0,0,0,0,0,0,0,0,0,0,0,0,0,0,0,0,0,0,2
НИШ-НИШКА БАЊА,Упис по основу пријаве пребивалишта,1,2,2,5,4,3,5,4,10,2,7,4,6,6,2,6,3,1,2,3,4,3,5,7,3,4,7,2,0,7,17,0,137
НИШ-НИШКА БАЊА,Упис по основу пријема у држављанство,0,0,0,0,0,0,0,0,0,0,0,0,1,0,0,0,0,0,0,0,0,0,0,0,0,0,0,0,0,0,0,0,1
НИШ-НИШКА БАЊА,Упис по основу стицања пунолетства,2,6,2,1,4,3,2,1,2,3,1,4,2,1,3,3,4,1,2,5,2,3,4,2,1,2,3,3,4,4,13,0,93
НИШ-ПАЛИЛУЛА,Брисање боравишта интерно расељеног лица,0,0,1,0,1,3,0,0,2,0,1,0,0,1,1,0,0,0,0,0,0,1,0,0,0,1,2,2,0,0,0,1,17
НИШ-ПАЛИЛУЛА,Брисање по основу губитка пословне способности,0,0,1,2,0,0,0,0,0,0,0,0,0,0,1,0,0,0,0,0,0,1,0,0,0,0,0,0,0,0,0,0,5
НИШ-ПАЛИЛУЛА,Брисање по основу одјаве пребивалишта,30,29,43,18,16,29,21,12,33,20,22,25,27,15,17,27,22,33,31,14,10,19,20,23,23,18,12,20,10,54,97,19,809
НИШ-ПАЛИЛУЛА,Брисање по основу отпуста из држављанства,0,0,0,0,0,0,0,0,0,0,1,0,0,0,0,0,0,0,0,0,0,1,0,0,0,0,0,1,0,0,0,0,3
НИШ-ПАЛИЛУЛА,Брисање по основу смрти лица,15,16,18,17,28,18,22,12,11,16,12,19,13,15,16,17,17,19,15,16,15,20,15,12,14,13,12,25,17,11,13,14,513
НИШ-ПАЛИЛУЛА,Брисање по службеној дужности,4,8,2,9,0,4,6,11,5,6,6,5,12,5,0,0,0,0,0,3,14,1,1,1,0,0,0,0,4,2,4,0,113
НИШ-ПАЛИЛУЛА,Исправка техничке грешке,0,1,0,0,0,0,0,1,0,0,0,0,0,1,0,0,0,0,0,0,0,0,0,0,0,0,0,0,0,0,0,0,3
НИШ-ПАЛИЛУЛА,Потврда о изборном праву,0,0,0,0,0,0,0,0,0,0,0,0,0,0,0,0,0,0,0,0,0,0,0,0,0,0,0,0,0,0,1,1,2
НИШ-ПАЛИЛУЛА,Промена адресе боравишта интерно расељеног лица,0,0,0,2,0,0,0,0,0,0,0,0,0,0,0,0,0,0,0,0,0,0,0,0,0,1,1,0,0,0,0,0,4
НИШ-ПАЛИЛУЛА,Промена адресе пребивалишта,13,35,44,39,48,47,30,21,18,35,31,25,21,35,24,23,26,29,22,19,20,19,23,27,35,21,25,19,21,26,23,13,857
НИШ-ПАЛИЛУЛА,Промена гласања по месту боравишта у иностранству,0,0,0,0,0,0,0,0,0,0,0,0,0,0,0,0,0,0,0,0,0,0,0,0,0,0,0,0,0,0,1,0,1
НИШ-ПАЛИЛУЛА,Промена личних података,7,8,4,13,5,8,4,9,4,4,13,12,9,16,17,6,12,12,8,12,8,11,5,6,9,9,8,15,8,11,17,18,308
НИШ-ПАЛИЛУЛА,Упис за гласање по месту боравишта у земљи,0,0,0,0,0,0,0,0,0,0,0,0,0,0,0,0,0,0,0,0,0,0,0,0,0,0,0,0,0,0,2,9,11
НИШ-ПАЛИЛУЛА,Упис за гласање по месту боравишта у иностранству,0,0,0,0,0,0,0,0,0,0,0,0,0,0,0,0,0,0,0,0,0,0,0,0,0,0,0,0,0,4,122,255,381
НИШ-ПАЛИЛУЛА,Упис по основу последњег пребивалишта,0,0,0,0,0,0,0,0,0,0,0,0,0,0,0,0,0,0,0,0,0,0,0,0,0,0,0,0,0,0,6,1,7
НИШ-ПАЛИЛУЛА,Упис по основу пријаве боравишта интерно расељеног лица,1,0,1,3,1,1,1,4,0,0,0,0,1,0,2,0,0,0,0,0,0,0,0,0,1,0,0,0,0,1,1,2,20
НИШ-ПАЛИЛУЛА,Упис по основу пријаве пребивалишта,20,25,35,29,27,34,18,21,37,34,46,49,26,50,23,31,33,25,27,13,31,35,42,38,34,37,19,28,20,57,127,1,1072
НИШ-ПАЛИЛУЛА,Упис по основу пријема у држављанство,0,0,0,0,0,0,1,0,0,0,0,0,0,0,0,0,0,0,0,0,1,0,0,0,1,0,1,0,0,0,0,0,4
НИШ-ПАЛИЛУЛА,Упис по основу стицања пунолетства,18,16,23,15,13,8,7,14,16,17,9,16,10,17,19,16,11,17,19,17,9,11,16,19,12,14,9,24,11,19,79,0,521
НИШ-ПАНТЕЛЕЈ,Брисање боравишта интерно расељеног лица,0,0,5,0,2,0,0,1,0,2,0,0,0,1,2,1,0,1,2,0,0,1,1,0,0,2,3,0,0,0,0,0,24
НИШ-ПАНТЕЛЕЈ,Брисање по основу губитка пословне способности,0,0,0,0,0,0,0,0,0,0,0,0,0,0,0,0,0,1,0,0,1,0,0,0,0,0,0,0,0,0,0,0,2
НИШ-ПАНТЕЛЕЈ,Брисање по основу одјаве пребивалишта,10,29,17,13,17,11,17,16,12,25,11,19,12,18,9,13,12,15,18,6,16,23,13,12,20,15,17,17,8,23,61,5,530
НИШ-ПАНТЕЛЕЈ,Брисање по основу отпуста из држављанства,0,0,0,1,0,0,0,0,1,0,0,0,0,0,0,0,0,0,0,0,0,0,0,0,0,0,0,0,0,0,0,0,2
НИШ-ПАНТЕЛЕЈ,Брисање по основу смрти лица,13,16,18,10,13,6,15,9,11,10,12,12,11,14,14,8,18,20,6,16,14,14,19,9,8,5,11,9,12,13,13,9,388
НИШ-ПАНТЕЛЕЈ,Брисање по службеној дужности,1,6,1,4,0,3,4,11,6,3,1,0,0,7,2,5,0,0,0,4,11,8,1,0,0,1,0,0,2,2,3,0,86
НИШ-ПАНТЕЛЕЈ,Исправка техничке грешке,0,0,0,1,0,0,0,0,0,0,0,0,0,0,0,0,0,0,0,0,0,0,0,0,0,1,1,0,0,0,2,1,6
НИШ-ПАНТЕЛЕЈ,Потврда о изборном праву,0,0,0,0,0,0,0,0,0,0,0,0,0,0,0,0,0,0,0,0,0,0,0,0,0,0,0,0,0,2,0,1,3
НИШ-ПАНТЕЛЕЈ,Промена адресе боравишта интерно расељеног лица,0,0,0,0,0,0,0,0,0,0,0,0,1,1,1,0,0,0,1,0,0,0,0,0,0,0,0,0,0,0,0,1,5
НИШ-ПАНТЕЛЕЈ,Промена адресе пребивалишта,26,25,39,35,39,35,34,21,21,34,17,20,25,16,38,25,21,29,17,26,19,26,21,24,29,11,27,22,18,27,32,27,826
НИШ-ПАНТЕЛЕЈ,Промена гласања по месту боравишта у иностранству,0,0,0,0,0,0,0,0,0,0,0,0,0,0,0,0,0,0,0,0,0,0,0,0,0,0,0,0,0,0,1,0,1
НИШ-ПАНТЕЛЕЈ,Промена личних података,5,3,6,6,3,5,4,9,4,4,12,8,5,10,11,10,5,13,9,9,8,6,12,8,9,5,4,5,16,15,15,15,259
НИШ-ПАНТЕЛЕЈ,Упис за гласање по месту боравишта у земљи,0,0,0,0,0,0,0,0,0,0,0,0,0,0,0,0,0,0,0,0,0,0,0,0,0,0,0,0,0,1,4,16,21
НИШ-ПАНТЕЛЕЈ,Упис за гласање по месту боравишта у иностранству,0,0,0,0,0,0,0,0,0,0,0,0,0,0,0,0,0,0,0,0,0,0,0,0,0,0,0,0,0,5,109,221,335
НИШ-ПАНТЕЛЕЈ,Упис по основу последњег пребивалишта,0,0,0,0,0,0,0,0,0,0,0,0,0,0,0,0,0,0,0,0,0,0,0,0,0,0,0,0,0,0,2,0,2
НИШ-ПАНТЕЛЕЈ,Упис по основу пријаве боравишта интерно расељеног лица,0,0,0,0,1,0,2,0,0,1,0,1,0,0,1,0,0,1,0,0,1,0,0,1,0,1,0,0,3,0,0,1,14
НИШ-ПАНТЕЛЕЈ,Упис по основу пријаве пребивалишта,29,22,43,24,28,25,22,21,34,23,37,43,27,25,30,31,27,22,30,24,15,29,34,29,34,28,20,30,18,62,134,7,1007
НИШ-ПАНТЕЛЕЈ,Упис по основу пријема у држављанство,0,0,0,0,0,0,0,0,0,0,0,0,0,0,0,0,0,1,0,0,0,0,0,0,0,0,0,0,0,0,0,0,1
НИШ-ПАНТЕЛЕЈ,Упис по основу стицања пунолетства,10,6,10,9,10,8,7,7,9,7,6,11,8,17,10,7,10,12,12,10,6,13,11,11,8,9,13,13,11,11,58,0,350
НИШ-ЦРВЕНИ КРСТ,Брисање боравишта интерно расељеног лица,0,0,0,0,0,0,0,0,0,0,0,0,0,0,0,0,1,0,0,0,0,1,0,0,0,0,0,0,1,2,0,0,5
НИШ-ЦРВЕНИ КРСТ,Брисање по основу губитка пословне способности,0,0,0,1,0,0,0,0,0,0,0,0,0,0,0,0,0,0,0,0,0,0,0,0,0,0,0,0,0,0,0,0,1
НИШ-ЦРВЕНИ КРСТ,Брисање по основу одјаве пребивалишта,9,14,14,8,15,6,8,9,7,8,10,10,6,10,6,14,17,8,11,4,3,12,16,15,9,13,6,9,9,19,38,4,347
НИШ-ЦРВЕНИ КРСТ,Брисање по основу смрти лица,6,14,8,10,9,4,6,9,15,7,8,3,8,11,10,9,13,14,6,7,12,5,8,6,4,8,9,3,8,5,6,6,257
НИШ-ЦРВЕНИ КРСТ,Брисање по службеној дужности,0,4,3,9,0,0,2,9,0,2,4,1,1,2,0,2,0,0,0,5,5,3,0,0,0,0,0,0,0,3,3,3,61
НИШ-ЦРВЕНИ КРСТ,Исправка техничке грешке,0,0,0,0,0,0,0,0,0,0,0,0,0,0,0,0,0,0,0,0,0,0,0,0,0,0,0,0,1,0,0,0,1
НИШ-ЦРВЕНИ КРСТ,Промена адресе боравишта интерно расељеног лица,0,1,0,0,0,1,0,0,0,0,0,0,0,0,0,1,0,0,0,0,0,0,0,0,0,0,0,0,0,0,0,0,3
НИШ-ЦРВЕНИ КРСТ,Промена адресе пребивалишта,10,25,23,32,15,21,19,21,12,19,16,27,14,20,22,21,17,19,14,16,23,23,15,24,15,21,13,17,15,20,18,17,604
НИШ-ЦРВЕНИ КРСТ,Промена гласања по месту боравишта у иностранству,0,0,0,0,0,0,0,0,0,0,0,0,0,0,0,0,0,0,0,0,0,0,0,0,0,0,0,0,0,0,1,1,2
НИШ-ЦРВЕНИ КРСТ,Промена личних података,4,3,2,3,2,8,3,5,4,5,4,4,5,11,7,4,5,1,2,4,1,2,5,8,3,7,2,2,5,5,5,3,134
НИШ-ЦРВЕНИ КРСТ,Упис за гласање по месту боравишта у земљи,0,0,0,0,0,0,0,0,0,0,0,0,0,0,0,0,0,0,0,0,0,0,0,0,0,0,0,0,0,0,0,1,1
НИШ-ЦРВЕНИ КРСТ,Упис за гласање по месту боравишта у иностранству,0,0,0,0,0,0,0,0,0,0,0,0,0,0,0,0,0,0,0,0,0,0,0,0,0,0,0,0,0,1,28,79,108
НИШ-ЦРВЕНИ КРСТ,Упис по основу пријаве боравишта интерно расељеног лица,0,0,0,0,0,0,0,0,0,0,1,0,0,1,0,0,1,0,0,0,1,0,0,0,0,0,0,2,0,0,0,1,7
НИШ-ЦРВЕНИ КРСТ,Упис по основу пријаве пребивалишта,9,18,17,9,16,24,11,13,16,13,9,11,16,8,18,12,11,17,15,4,8,17,8,24,10,14,9,10,8,19,33,3,430
НИШ-ЦРВЕНИ КРСТ,Упис по основу пријема у држављанство,0,0,0,0,0,0,0,0,0,0,0,0,0,0,1,0,0,0,0,0,0,0,0,0,0,1,0,0,0,0,0,0,2
НИШ-ЦРВЕНИ КРСТ,Упис по основу стицања пунолетства,8,5,8,2,9,8,4,4,3,7,10,12,5,7,13,6,3,12,9,11,5,3,7,9,6,5,8,7,13,4,45,0,258
НОВА ВАРОШ,Брисање по основу одјаве пребивалишта,3,4,4,4,2,4,1,5,3,6,5,1,2,6,1,5,3,3,3,3,2,6,1,6,3,1,5,3,4,4,17,8,128
НОВА ВАРОШ,Брисање по основу отпуста из држављанства,0,0,0,0,0,0,0,0,0,0,0,0,0,0,0,0,1,0,0,0,0,0,0,0,0,0,0,0,0,0,0,0,1
НОВА ВАРОШ,Брисање по основу смрти лица,6,6,4,7,6,7,4,3,2,3,1,9,8,3,8,2,6,3,1,3,6,2,6,5,5,5,7,1,4,3,5,5,146
НОВА ВАРОШ,Исправка техничке грешке,0,0,0,0,0,0,0,0,0,0,0,0,0,0,0,0,0,0,0,0,0,0,0,0,0,0,0,0,2,0,0,0,2
НОВА ВАРОШ,Промена адресе боравишта интерно расељеног лица,0,0,0,0,0,0,0,0,0,0,0,0,0,0,0,0,0,0,0,0,0,0,0,0,0,0,0,0,0,1,0,0,1
НОВА ВАРОШ,Промена адресе пребивалишта,1,0,0,3,2,1,1,4,1,5,0,2,3,1,3,3,2,2,3,1,0,3,2,4,1,4,1,3,27,77,85,83,328
НОВА ВАРОШ,Промена личних података,0,0,0,0,0,1,0,1,0,0,0,4,0,5,0,2,2,0,0,0,0,0,1,1,0,2,1,0,1,3,20,7,51
НОВА ВАРОШ,Упис за гласање по месту боравишта у земљи,0,0,0,0,0,0,0,0,0,0,0,0,0,0,0,0,0,0,0,0,0,0,0,0,0,0,0,0,0,0,1,5,6
НОВА ВАРОШ,Упис за гласање по месту боравишта у иностранству,0,0,0,0,0,0,0,0,0,0,0,0,0,0,0,0,0,0,0,0,0,0,0,0,0,0,0,0,0,0,24,86,110
НОВА ВАРОШ,Упис по основу пријаве боравишта интерно расељеног лица,0,0,0,0,0,0,0,0,0,0,2,0,0,0,0,0,0,0,0,0,0,0,0,0,0,0,0,0,0,0,0,0,2
НОВА ВАРОШ,Упис по основу пријаве пребивалишта,1,1,4,2,1,3,1,0,0,2,5,0,1,2,2,2,3,0,1,0,0,2,4,1,2,3,5,2,2,2,6,0,60
НОВА ВАРОШ,Упис по основу стицања пунолетства,1,2,1,2,1,3,1,5,2,2,3,3,2,1,1,2,2,1,5,5,4,7,2,2,3,4,3,1,1,0,25,0,97
НОВА ЦРЊА,Брисање боравишта интерно расељеног лица,0,0,0,0,0,0,0,0,0,1,0,0,0,0,0,2,0,0,0,0,0,0,0,0,0,0,0,0,0,0,2,0,5
НОВА ЦРЊА,Брисање по основу губитка пословне способности,1,0,0,0,0,0,0,0,0,0,1,0,0,0,0,0,0,0,0,0,0,0,0,0,0,0,0,0,0,1,4,2,9
НОВА ЦРЊА,Брисање по основу дуплог уписа,0,0,0,0,0,0,0,0,0,0,0,0,0,0,0,1,0,0,0,0,0,0,0,0,0,0,0,0,0,0,0,0,1
НОВА ЦРЊА,Брисање по основу одјаве пребивалишта,1,3,4,4,3,3,2,2,1,2,1,2,0,2,0,0,2,1,4,0,1,2,4,1,0,0,0,1,1,3,8,1,59
НОВА ЦРЊА,Брисање по основу смрти лица,2,5,5,3,1,4,3,4,5,5,3,2,0,11,4,2,3,3,4,3,3,4,5,2,2,4,5,1,6,4,3,3,114
НОВА ЦРЊА,Брисање по службеној дужности,0,0,0,0,5,0,0,1,0,0,0,0,0,0,0,0,0,0,0,0,0,0,0,0,0,0,0,0,0,0,0,0,6
НОВА ЦРЊА,Исправка техничке грешке,0,0,0,0,0,0,0,0,0,0,0,0,0,0,0,0,0,0,0,0,0,0,2,0,0,0,0,0,0,0,0,0,2
НОВА ЦРЊА,Потврда о изборном праву,0,0,0,0,0,0,0,0,0,0,0,0,0,0,0,0,0,0,0,0,0,0,0,0,0,0,0,0,0,0,3,0,3
НОВА ЦРЊА,Потврда о упису у бирачки списак,0,0,0,0,0,0,0,0,0,0,0,0,0,0,0,0,0,0,0,0,0,0,0,0,0,0,0,0,0,0,4,4,8
НОВА ЦРЊА,Промена адресе пребивалишта,0,4,6,0,0,6,1,1,3,3,0,2,0,9,7,5,3,3,7,2,2,5,2,0,1,2,9,0,1,1,1,5,91
НОВА ЦРЊА,Промена личних података,1,0,0,2,0,0,1,0,0,0,0,1,0,1,3,0,1,1,2,0,0,0,3,0,3,1,0,0,0,27,2,2,51
НОВА ЦРЊА,Упис за гласање по месту боравишта у земљи,0,0,0,0,0,0,0,0,0,0,0,0,0,0,0,0,0,0,0,0,0,0,0,0,0,0,0,0,0,0,3,0,3
НОВА ЦРЊА,Упис за гласање по месту боравишта у иностранству,0,0,0,0,0,0,0,0,0,0,0,0,0,0,0,0,0,0,0,0,0,0,0,0,0,0,0,0,0,0,12,14,26
НОВА ЦРЊА,Упис по основу пријаве пребивалишта,5,0,3,2,2,1,0,1,3,4,1,1,0,4,3,1,0,1,2,0,1,2,4,2,1,1,3,0,0,1,9,3,61
НОВА ЦРЊА,Упис по основу пријема у држављанство,0,0,0,0,0,0,1,0,0,0,0,0,0,0,0,0,0,0,0,0,0,0,0,0,0,0,0,0,0,0,0,0,1
НОВА ЦРЊА,Упис по основу стицања пунолетства,4,2,1,0,1,0,0,2,2,3,1,0,0,1,1,0,0,0,1,1,0,0,1,2,2,1,1,2,0,1,7,0,37
НОВИ БЕЧЕЈ,Брисање боравишта интерно расељеног лица,0,0,0,0,0,0,0,0,0,0,0,0,0,0,0,0,0,0,0,0,0,0,0,0,0,0,0,0,0,0,1,0,1
НОВИ БЕЧЕЈ,Брисање по основу губитка пословне способности,0,0,0,0,0,0,0,0,1,0,0,0,0,0,0,1,0,0,0,0,0,0,1,0,0,0,0,1,0,0,0,0,4
НОВИ БЕЧЕЈ,Брисање по основу одјаве пребивалишта,5,14,5,2,10,4,4,4,4,18,1,9,6,4,3,2,3,2,3,2,2,3,5,3,2,3,2,3,3,9,9,8,157
НОВИ БЕЧЕЈ,Брисање по основу отпуста из држављанства,0,0,0,1,0,0,0,0,0,0,0,0,0,0,0,0,0,0,0,0,0,0,0,0,0,0,0,0,0,0,0,0,1
НОВИ БЕЧЕЈ,Брисање по основу смрти лица,5,5,3,4,5,7,7,9,4,7,4,1,8,4,8,6,5,5,11,7,1,4,8,7,5,7,7,5,3,8,5,6,181
НОВИ БЕЧЕЈ,Исправка техничке грешке,0,0,0,0,2,0,0,0,0,0,0,0,0,0,0,2,0,0,0,0,0,0,0,0,0,0,0,1,0,2,0,1,8
НОВИ БЕЧЕЈ,Промена адресе пребивалишта,3,3,8,5,5,8,9,7,3,11,6,5,10,5,10,6,15,13,8,5,2,5,5,11,7,8,17,11,2,6,21,8,248
НОВИ БЕЧЕЈ,Промена личних података,1,3,2,0,3,1,3,1,3,3,2,0,5,2,5,0,1,2,1,2,2,3,3,0,1,6,6,1,0,5,36,4,107
НОВИ БЕЧЕЈ,Упис за гласање по месту боравишта у земљи,0,0,0,0,0,0,0,0,0,0,0,0,0,0,0,0,0,0,0,0,0,0,0,0,0,0,0,0,0,0,1,3,4
НОВИ БЕЧЕЈ,Упис за гласање по месту боравишта у иностранству,0,0,0,0,0,0,0,0,0,0,0,0,0,0,0,0,0,0,0,0,0,0,0,0,0,0,0,0,0,1,20,45,66
НОВИ БЕЧЕЈ,Упис по основу последњег пребивалишта,0,0,0,0,0,0,0,0,0,0,1,0,0,0,0,0,0,0,0,0,0,0,0,0,0,0,0,0,0,0,2,0,3
НОВИ БЕЧЕЈ,Упис по основу пријаве пребивалишта,4,2,1,8,6,2,6,4,2,2,2,6,4,5,6,6,2,3,1,1,3,2,5,3,6,12,4,4,1,6,19,0,138
НОВИ БЕЧЕЈ,Упис по основу пријема у држављанство,0,0,0,0,0,0,0,1,0,0,0,0,0,0,0,0,1,0,0,0,0,0,0,0,0,0,0,0,0,0,0,0,2
НОВИ БЕЧЕЈ,Упис по основу стицања пунолетства,6,2,5,2,5,2,4,6,3,4,5,3,6,7,5,6,2,5,1,5,8,12,8,3,4,4,5,5,9,4,34,0,180
НОВИ КНЕЖЕВАЦ,Брисање по основу губитка пословне способности,0,0,0,0,0,1,0,0,0,0,0,0,0,0,0,0,0,0,0,0,0,0,0,0,0,0,0,0,0,0,0,0,1
НОВИ КНЕЖЕВАЦ,Брисање по основу одјаве пребивалишта,3,1,3,5,2,3,1,0,2,6,0,4,3,0,2,6,1,2,6,0,1,1,1,2,2,1,2,3,1,3,7,4,78
НОВИ КНЕЖЕВАЦ,Брисање по основу смрти лица,2,5,6,2,3,1,2,4,6,2,1,1,5,5,4,7,0,2,4,3,4,3,0,4,4,2,2,6,6,3,4,2,105
НОВИ КНЕЖЕВАЦ,Брисање по службеној дужности,0,0,0,0,4,0,0,0,0,1,0,0,20,1,0,0,0,0,0,0,0,0,0,0,0,0,0,0,0,0,0,0,26
НОВИ КНЕЖЕВАЦ,Исправка техничке грешке,0,0,0,0,0,0,0,0,0,0,0,0,0,0,0,0,0,0,0,0,1,0,0,0,0,0,0,0,0,0,0,0,1
НОВИ КНЕЖЕВАЦ,Промена адресе пребивалишта,1,9,2,8,3,4,3,2,1,1,4,6,3,4,3,6,3,2,3,0,9,17,19,2,2,7,1,5,3,0,3,3,139
НОВИ КНЕЖЕВАЦ,Промена личних података,0,1,1,0,0,0,0,2,2,0,1,0,1,0,2,3,0,1,0,0,0,1,2,1,2,1,1,0,0,0,2,3,27
НОВИ КНЕЖЕВАЦ,Упис за гласање по месту боравишта у иностранству,0,0,0,0,0,0,0,0,0,0,0,0,0,0,0,0,0,0,0,0,0,0,0,0,0,0,0,0,0,0,19,21,40
НОВИ КНЕЖЕВАЦ,Упис по основу пријаве пребивалишта,5,2,0,1,0,1,0,0,3,0,2,0,2,1,2,4,0,1,0,0,3,1,2,4,4,1,2,1,2,1,8,3,56
НОВИ КНЕЖЕВАЦ,Упис по основу стицања пунолетства,5,0,1,2,3,0,2,1,5,4,1,3,4,3,1,1,3,0,2,0,3,1,1,1,3,1,1,0,3,1,13,0,69
НОВИ ПАЗАР - ГРАД,Брисање боравишта интерно расељеног лица,0,1,0,0,0,0,1,0,0,0,0,0,0,2,0,0,0,0,0,0,0,1,0,27,1,1,0,1,498,25,0,0,558
НОВИ ПАЗАР - ГРАД,Брисање по основу губитка пословне способности,0,0,0,0,0,0,0,0,0,0,0,0,0,0,0,0,0,0,0,0,0,0,0,0,0,0,0,0,0,4,0,13,17
НОВИ ПАЗАР - ГРАД,Брисање по основу одјаве пребивалишта,5,9,20,17,4,1,5,5,7,8,2,12,5,4,3,5,4,11,19,1,1,5,12,7,6,3,4,5,1,6,14,24,235
НОВИ ПАЗАР - ГРАД,Брисање по основу отпуста из држављанства,0,0,1,0,0,0,0,0,1,0,0,0,0,0,1,0,0,0,0,0,0,1,0,0,0,0,0,0,0,0,0,0,4
НОВИ ПАЗАР - ГРАД,Брисање по основу смрти лица,12,14,7,12,15,15,19,18,19,17,10,10,19,22,0,26,20,13,8,15,34,9,13,9,7,13,19,30,17,16,13,17,488
НОВИ ПАЗАР - ГРАД,Исправка техничке грешке,0,1,1,0,0,0,0,2,1,1,0,2,0,0,0,1,0,2,1,0,0,2,0,0,0,0,3,1,0,2,1,0,21
НОВИ ПАЗАР - ГРАД,Промена адресе боравишта интерно расељеног лица,0,0,2,3,0,0,0,0,0,0,1,0,0,0,0,1,0,0,0,0,0,0,2,0,0,0,0,0,5,0,0,0,14
НОВИ ПАЗАР - ГРАД,Промена адресе пребивалишта,92,146,119,129,105,128,129,97,106,103,110,127,119,131,42,120,121,101,98,90,124,145,172,192,135,166,152,110,111,190,115,118,3943
НОВИ ПАЗАР - ГРАД,Промена гласања по месту боравишта у иностранству,0,0,0,0,0,0,0,0,0,0,0,0,0,0,0,0,0,0,0,0,0,0,0,0,0,0,0,0,0,0,0,2,2
НОВИ ПАЗАР - ГРАД,Промена личних података,10,9,12,3,11,2,12,14,8,12,14,14,6,9,3,8,6,16,5,14,12,18,17,21,13,24,16,12,15,408,342,21,1107
НОВИ ПАЗАР - ГРАД,Упис за гласање по месту боравишта у земљи,0,0,0,0,0,0,0,0,0,0,0,0,0,0,0,0,0,0,0,0,0,0,0,0,0,0,0,0,0,0,1,6,7
НОВИ ПАЗАР - ГРАД,Упис за гласање по месту боравишта у иностранству,0,0,0,0,0,0,0,0,0,0,0,0,0,0,0,0,0,0,0,0,0,0,0,0,0,0,0,0,0,3,89,229,321
НОВИ ПАЗАР - ГРАД,Упис по основу пријаве боравишта интерно расељеног лица,0,0,1,0,0,3,0,0,0,0,1,1,0,0,0,0,0,0,1,0,0,0,0,0,0,0,0,0,0,0,0,0,7
НОВИ ПАЗАР - ГРАД,Упис по основу пријаве пребивалишта,1,1,2,5,6,5,5,3,2,6,17,13,8,18,4,23,12,16,18,13,9,25,29,19,26,35,24,14,7,76,10,9,461
НОВИ ПАЗАР - ГРАД,Упис по основу пријема у држављанство,0,3,7,0,1,0,3,0,0,0,0,1,0,1,0,2,1,0,2,0,1,2,0,4,2,1,4,3,2,0,0,2,42
НОВИ ПАЗАР - ГРАД,Упис по основу стицања пунолетства,38,36,28,36,31,40,32,32,29,36,26,40,37,40,25,71,38,38,31,41,31,54,50,30,33,43,34,43,31,57,232,0,1363
НОВИ САД - ГРАД,Брисање боравишта интерно расељеног лица,0,0,0,0,0,0,0,0,0,0,0,1,0,0,1,1,1,2,387,320,2,1,0,0,0,1,0,0,0,1,4,0,722
НОВИ САД - ГРАД,Брисање гласања по месту боравишта у земљи,0,0,0,0,0,0,0,0,0,0,0,0,0,0,0,0,0,0,0,0,0,0,0,0,0,0,0,0,0,0,0,2,2
НОВИ САД - ГРАД,Брисање гласања по месту боравишта у иностранству,0,0,0,0,0,0,0,0,0,0,0,0,0,0,0,0,0,0,0,0,0,0,0,0,0,0,0,0,0,0,0,1,1
НОВИ САД - ГРАД,Брисање по основу губитка пословне способности,0,0,0,6,0,6,0,0,0,0,0,0,1,0,0,0,0,0,0,0,0,0,0,0,0,0,0,0,0,0,0,31,44
НОВИ САД - ГРАД,Брисање по основу дуплог уписа,0,0,0,0,0,1,0,0,0,0,0,0,0,1,0,0,0,0,0,0,0,0,0,0,0,0,0,0,0,0,0,0,2
НОВИ САД - ГРАД,Брисање по основу одјаве пребивалишта,75,100,97,51,61,80,52,49,67,60,61,60,47,58,61,43,43,55,47,42,33,63,47,64,60,65,34,75,36,137,239,146,2208
НОВИ САД - ГРАД,Брисање по основу отпуста из држављанства,3,0,1,3,0,0,0,0,0,0,0,0,0,0,0,0,0,0,0,0,0,0,0,0,0,0,0,0,0,19,0,0,26
НОВИ САД - ГРАД,Брисање по основу смрти лица,63,84,118,128,80,69,85,61,62,70,53,85,82,65,71,68,88,84,90,71,106,59,92,75,66,78,59,73,76,70,69,52,2452
НОВИ САД - ГРАД,Брисање по службеној дужности,51,25,61,86,10,31,70,24,23,57,27,69,92,15,17,17,26,41,26,35,21,17,36,20,21,21,27,51,51,39,22,25,1154
НОВИ САД - ГРАД,Исправка техничке грешке,2,0,1,0,1,2,0,0,0,0,2,0,0,0,1,1,0,1,1,0,0,0,0,1,0,0,0,0,1,1,1,1,17
НОВИ САД - ГРАД,Потврда о изборном праву,0,0,0,0,0,0,0,0,0,0,0,0,0,0,0,0,1,0,0,0,0,0,0,0,0,0,0,0,0,1,6,4,12
НОВИ САД - ГРАД,Потврда о изборном праву кандидата за одборнике,0,0,0,0,0,0,0,0,0,0,0,0,0,0,0,0,0,0,0,0,0,0,0,0,0,0,0,0,0,1,0,0,1
НОВИ САД - ГРАД,Потврда о упису у бирачки списак,0,0,0,0,0,0,0,0,0,0,0,0,0,0,0,0,0,0,0,0,0,0,0,0,0,0,0,2,0,0,0,0,2
НОВИ САД - ГРАД,Промена адресе боравишта интерно расељеног лица,0,0,0,0,0,0,0,0,0,0,0,0,0,0,0,0,0,0,2,3,2,0,0,0,0,0,2,0,0,0,0,0,9
НОВИ САД - ГРАД,Промена адресе пребивалишта,164,201,164,299,230,223,212,178,166,271,178,210,184,191,209,182,257,292,265,171,179,173,186,186,168,206,202,196,217,289,198,212,6659
НОВИ САД - ГРАД,Промена гласања по месту боравишта у земљи,0,0,0,0,0,0,0,0,0,0,0,0,0,0,0,0,0,0,0,0,0,0,0,0,0,0,0,0,0,0,0,1,1
НОВИ САД - ГРАД,Промена гласања по месту боравишта у иностранству,0,0,0,0,0,0,0,0,0,0,0,0,0,0,0,0,0,0,0,0,0,0,0,0,0,0,0,0,0,1,6,15,22
НОВИ САД - ГРАД,Промена личних података,23,44,34,93,138,80,42,24,26,72,67,89,91,79,73,96,99,63,60,48,44,34,64,52,57,60,37,58,80,115,122,116,2180
НОВИ САД - ГРАД,Упис за гласање по месту боравишта у земљи,0,0,0,0,0,0,0,0,0,0,0,0,0,0,0,0,0,0,0,0,0,0,0,0,0,0,0,0,0,24,189,289,502
НОВИ САД - ГРАД,Упис за гласање по месту боравишта у иностранству,0,0,0,0,0,0,0,0,0,0,0,0,0,0,0,0,0,0,0,0,0,0,0,0,0,0,0,0,0,337,2175,3034,5546
НОВИ САД - ГРАД,Упис по основу последњег пребивалишта,0,0,0,0,0,0,0,0,0,0,0,0,0,0,0,0,0,0,0,0,0,0,0,0,0,0,0,0,0,0,30,46,76
НОВИ САД - ГРАД,Упис по основу пријаве боравишта интерно расељеног лица,0,0,0,1,0,0,0,0,0,0,0,0,2,0,2,2,0,1,0,0,9,2,0,0,0,0,1,0,3,1,0,0,24
НОВИ САД - ГРАД,Упис по основу пријаве пребивалишта,120,94,219,174,114,157,137,117,144,178,184,205,151,145,146,130,134,141,135,118,84,136,129,106,145,167,111,177,104,256,730,124,5212
НОВИ САД - ГРАД,Упис по основу пријема у држављанство,0,2,1,1,0,0,0,2,0,0,0,1,2,0,0,0,0,2,0,0,0,0,0,0,1,0,1,0,0,1,1,1,16
НОВИ САД - ГРАД,Упис по основу стицања пунолетства,75,71,81,73,60,69,56,54,71,77,52,74,63,78,75,74,73,77,74,89,71,73,84,100,67,87,84,97,83,111,498,1,2772
НОВО БРДО,Брисање по основу одјаве пребивалишта,0,2,1,1,1,0,0,0,0,0,0,0,1,0,0,0,0,0,1,1,0,0,0,0,1,0,0,1,0,2,2,1,15
НОВО БРДО,Брисање по основу смрти лица,3,0,0,0,0,0,0,0,0,0,0,0,2,0,0,0,0,0,0,0,0,0,0,0,0,0,0,0,3,0,0,0,8
НОВО БРДО,Упис за гласање по месту боравишта у земљи,0,0,0,0,0,0,0,0,0,0,0,0,0,0,0,0,0,0,0,0,0,0,0,0,0,0,0,0,0,0,2,37,39
НОВО БРДО,Упис по основу пријаве пребивалишта,0,0,0,0,0,0,0,0,0,0,0,0,0,0,0,0,0,0,0,0,0,0,0,0,0,0,0,0,0,0,0,2,2
НОВО БРДО,Упис по основу стицања пунолетства,10,0,1,0,0,0,0,0,0,0,0,0,0,0,0,0,0,0,0,0,0,0,0,0,0,0,0,0,0,0,0,14,25
ОЏАЦИ,Брисање боравишта интерно расељеног лица,0,0,0,0,0,0,0,0,0,0,0,0,0,0,4,0,0,0,0,0,0,0,0,0,0,0,0,0,0,0,0,0,4
ОЏАЦИ,Брисање по основу губитка пословне способности,0,0,0,1,0,0,0,0,0,0,0,0,0,0,0,0,0,0,0,0,0,0,0,0,0,0,0,0,0,0,0,0,1
ОЏАЦИ,Брисање по основу дуплог уписа,0,0,0,0,0,0,0,0,0,0,0,0,0,0,1,0,0,0,0,0,0,0,1,0,0,0,0,0,0,1,0,0,3
ОЏАЦИ,Брисање по основу одјаве пребивалишта,2,10,16,4,2,4,14,3,7,10,10,3,4,4,11,4,4,2,5,2,2,13,5,4,5,4,7,4,5,13,19,4,206
ОЏАЦИ,Брисање по основу отпуста из држављанства,0,0,0,1,1,1,0,0,0,0,0,0,0,0,0,0,0,0,1,0,0,0,1,0,0,0,0,0,0,0,0,0,5
ОЏАЦИ,Брисање по основу смрти лица,9,1,11,8,13,11,8,10,11,4,10,14,4,4,3,8,8,5,7,11,11,6,14,6,10,11,8,8,7,9,11,8,269
ОЏАЦИ,Брисање по службеној дужности,0,0,0,0,0,0,0,0,0,0,0,0,0,0,0,0,0,0,0,0,0,0,4,0,0,0,0,1,0,0,0,0,5
ОЏАЦИ,Потврда о изборном праву,0,0,0,0,0,0,0,0,0,0,0,0,0,0,0,0,0,0,0,0,0,0,0,0,0,0,0,0,0,9,3,6,18
ОЏАЦИ,Потврда о изборном праву кандидата за одборнике,0,0,0,0,0,0,0,0,0,0,0,0,0,0,0,0,0,0,0,0,0,0,0,0,0,0,0,0,0,1,0,0,1
ОЏАЦИ,Промена адресе пребивалишта,0,0,7,13,18,16,4,6,4,6,7,3,7,7,12,80,32,5,7,9,8,8,9,14,6,64,23,15,12,11,11,12,436
ОЏАЦИ,Промена личних података,0,0,7,2,3,3,3,2,1,8,6,3,5,5,10,2,5,3,2,3,0,0,2,2,6,6,1,8,4,7,6,8,123
ОЏАЦИ,Упис за гласање по месту боравишта у иностранству,0,0,0,0,0,0,0,0,0,0,0,0,0,0,0,0,0,0,0,0,0,0,0,0,0,0,0,0,0,0,40,52,92
ОЏАЦИ,Упис по основу пријаве боравишта интерно расељеног лица,0,0,0,0,0,0,0,0,0,0,0,0,0,0,0,0,0,0,0,0,0,0,0,0,0,0,0,0,0,0,2,0,2
ОЏАЦИ,Упис по основу пријаве пребивалишта,0,0,29,4,4,11,2,10,3,13,11,1,13,6,7,8,5,4,4,1,3,5,6,4,6,10,4,4,7,3,5,5,198
ОЏАЦИ,Упис по основу пријема у држављанство,0,0,0,0,0,0,0,0,0,0,1,0,0,1,1,0,0,0,0,0,0,0,0,0,1,0,0,1,0,0,3,0,8
ОЏАЦИ,Упис по основу стицања пунолетства,0,0,4,12,15,12,2,4,8,2,2,3,6,4,2,3,3,5,4,5,1,4,3,5,12,5,7,6,8,4,6,28,185
ОБИЛИЋ,Брисање по основу одјаве пребивалишта,0,2,2,1,1,0,2,1,6,2,3,1,0,2,2,2,1,2,2,1,0,0,4,4,3,1,2,1,5,3,9,1,66
ОБИЛИЋ,Брисање по основу смрти лица,7,0,1,1,0,1,2,0,1,0,3,0,0,0,0,3,0,0,0,0,7,0,0,0,0,0,0,0,2,0,0,0,28
ОБИЛИЋ,Потврда о упису у бирачки списак,0,0,0,0,0,0,0,0,0,0,0,0,0,0,0,0,0,0,0,0,0,0,0,0,0,0,0,0,0,0,0,1,1
ОБИЛИЋ,Промена личних података,0,0,0,0,0,0,0,0,0,0,0,0,0,0,0,0,0,0,0,0,0,0,0,0,0,0,0,0,0,0,2,1,3
ОБИЛИЋ,Упис за гласање по месту боравишта у земљи,0,0,0,0,0,0,0,0,0,0,0,0,0,0,0,0,0,0,0,0,0,0,0,0,0,0,0,0,0,0,10,7,17
ОБИЛИЋ,Упис за гласање по месту боравишта у иностранству,0,0,0,0,0,0,0,0,0,0,0,0,0,0,0,0,0,0,0,0,0,0,0,0,0,0,0,0,0,0,0,10,10
ОБИЛИЋ,Упис по основу пријаве пребивалишта,0,0,1,1,0,0,8,0,2,0,1,0,2,0,0,0,0,0,0,0,0,0,0,0,0,0,0,0,0,0,3,17,35
ОПОВО,Брисање гласања по месту боравишта у земљи,0,0,0,0,0,0,0,0,0,0,0,0,0,0,0,0,0,0,0,0,0,0,0,0,0,0,0,0,0,0,0,1,1
ОПОВО,Брисање по основу губитка пословне способности,0,0,0,0,0,0,0,0,0,0,0,0,0,0,0,0,0,0,0,0,0,0,0,0,0,0,0,0,0,0,2,0,2
ОПОВО,Брисање по основу одјаве пребивалишта,1,3,3,0,1,3,1,2,2,3,3,1,1,2,3,3,2,2,1,0,0,0,0,3,2,3,2,3,1,2,8,5,66
ОПОВО,Брисање по основу отпуста из држављанства,0,8,0,0,0,0,0,0,1,0,0,0,0,0,0,0,0,0,0,0,0,0,0,0,0,0,0,0,0,0,0,0,9
ОПОВО,Брисање по основу смрти лица,5,4,2,6,4,1,4,0,4,0,3,3,4,2,2,2,3,2,3,0,4,0,0,0,0,10,1,3,5,4,3,2,86
ОПОВО,Промена адресе пребивалишта,2,3,0,7,5,3,1,4,2,4,1,5,10,4,2,3,1,5,3,2,1,0,0,0,0,1,12,5,4,4,6,2,102
ОПОВО,Промена гласања по месту боравишта у земљи,0,0,0,0,0,0,0,0,0,0,0,0,0,0,0,0,0,0,0,0,0,0,0,0,0,0,0,0,0,0,0,2,2
ОПОВО,Промена личних података,0,0,0,0,0,0,1,0,0,1,0,3,0,2,3,0,0,0,0,0,0,1,0,0,0,3,5,1,2,1,2,2,27
ОПОВО,Упис за гласање по месту боравишта у земљи,0,0,0,0,0,0,0,0,0,0,0,0,0,0,0,0,0,0,0,0,0,0,0,0,0,0,0,0,0,0,0,17,17
ОПОВО,Упис за гласање по месту боравишта у иностранству,0,0,0,0,0,0,0,0,0,0,0,0,0,0,0,0,0,0,0,0,0,0,0,0,0,0,0,0,0,0,9,11,20
ОПОВО,Упис по основу пријаве пребивалишта,0,9,1,1,3,3,3,3,4,1,2,2,1,1,2,1,1,0,1,2,0,4,0,0,0,0,6,4,1,3,11,1,71
ОПОВО,Упис по основу стицања пунолетства,4,3,0,6,2,1,4,2,2,0,0,1,2,2,1,2,4,3,1,0,1,1,0,0,0,0,12,4,2,3,20,0,83
ОРАХОВАЦ,Брисање по основу дуплог уписа,0,0,0,0,0,0,0,1,0,0,0,0,0,0,0,0,0,0,0,0,0,0,0,0,0,0,0,0,0,0,0,0,1
ОРАХОВАЦ,Брисање по основу одјаве пребивалишта,3,1,1,2,1,1,0,0,0,2,1,1,0,3,0,1,0,1,5,0,0,4,0,0,3,4,3,3,1,2,7,2,52
ОРАХОВАЦ,Брисање по основу смрти лица,0,0,1,0,0,1,0,1,0,0,0,0,0,0,0,2,0,0,0,0,0,1,0,0,0,0,0,0,0,0,0,0,6
ОРАХОВАЦ,Упис за гласање по месту боравишта у земљи,0,0,0,0,0,0,0,0,0,0,0,0,0,0,0,0,0,0,0,0,0,0,0,0,0,0,0,0,0,0,1,8,9
ОРАХОВАЦ,Упис за гласање по месту боравишта у иностранству,0,0,0,0,0,0,0,0,0,0,0,0,0,0,0,0,0,0,0,0,0,0,0,0,0,0,0,0,0,0,0,43,43
ОРАХОВАЦ,Упис по основу пријаве пребивалишта,0,0,0,1,0,0,0,0,0,0,0,0,0,0,0,0,0,0,0,0,0,0,0,0,0,0,0,0,0,0,0,1,2
ОРАХОВАЦ,Упис по основу стицања пунолетства,0,0,1,0,0,0,0,0,0,0,0,0,0,0,0,3,0,0,0,0,0,0,0,0,0,2,0,3,1,0,0,2,12
ОСЕЧИНА,Брисање по основу губитка пословне способности,0,0,0,0,0,0,0,0,0,0,0,0,0,0,0,0,0,0,0,0,0,0,0,0,0,5,0,0,0,0,0,1,6
ОСЕЧИНА,Брисање по основу одјаве пребивалишта,2,3,2,2,1,3,3,0,5,3,6,3,0,1,2,1,3,5,0,0,1,0,4,2,2,1,2,2,1,4,3,3,70
ОСЕЧИНА,Брисање по основу смрти лица,3,1,9,2,10,4,5,4,6,4,2,2,5,4,4,2,6,6,2,0,13,3,3,4,5,3,3,3,0,12,3,4,137
ОСЕЧИНА,Промена адресе пребивалишта,0,1,0,0,0,0,0,1,1,2,1,0,2,1,1,1,2,3,2,0,1,0,1,0,3,0,3,1,0,1,4,3,35
ОСЕЧИНА,Промена личних података,1,1,0,0,0,0,0,0,2,1,2,2,1,1,1,1,4,0,0,0,1,1,2,0,5,0,1,0,0,1,4,4,36
ОСЕЧИНА,Упис за гласање по месту боравишта у земљи,0,0,0,0,0,0,0,0,0,0,0,0,0,0,0,0,0,0,0,0,0,0,0,0,0,0,0,0,0,0,1,1,2
ОСЕЧИНА,Упис за гласање по месту боравишта у иностранству,0,0,0,0,0,0,0,0,0,0,0,0,0,0,0,0,0,0,0,0,0,0,0,0,0,0,0,0,0,0,12,14,26
ОСЕЧИНА,Упис по основу пријаве пребивалишта,6,2,1,1,2,1,1,0,0,1,0,0,3,2,1,0,2,1,0,0,3,1,7,1,3,2,2,2,0,2,3,1,51
ОСЕЧИНА,Упис по основу стицања пунолетства,2,3,1,1,1,1,0,2,1,4,1,1,5,0,5,1,1,2,1,0,3,3,3,0,2,1,0,5,0,4,11,0,65
ПАНЧЕВО - ГРАД,Брисање боравишта интерно расељеног лица,0,1,1,0,0,1,0,8,1,0,0,0,0,0,39,1,0,1,0,0,0,0,0,0,0,0,0,2,0,1,0,0,56
ПАНЧЕВО - ГРАД,Брисање по основу губитка пословне способности,0,0,0,0,0,0,0,0,0,0,0,0,0,0,0,0,0,0,0,6,0,0,0,0,0,0,0,0,0,0,0,0,6
ПАНЧЕВО - ГРАД,Брисање по основу дуплог уписа,0,0,0,1,3,1,0,0,0,0,0,0,0,0,1,0,0,0,1,0,0,0,0,0,0,0,0,0,0,0,0,0,7
ПАНЧЕВО - ГРАД,Брисање по основу одјаве пребивалишта,18,33,33,8,22,19,32,15,17,15,12,15,20,10,16,13,18,20,16,12,8,9,10,14,14,17,15,16,5,22,43,22,559
ПАНЧЕВО - ГРАД,Брисање по основу отпуста из држављанства,0,0,0,0,0,1,0,0,0,1,0,0,0,0,0,0,0,0,0,2,0,0,0,0,0,0,0,0,0,0,0,0,4
ПАНЧЕВО - ГРАД,Брисање по основу смрти лица,28,32,34,28,35,34,33,33,42,41,39,41,19,39,29,26,28,35,37,26,33,18,26,12,21,27,20,33,27,30,23,27,956
ПАНЧЕВО - ГРАД,Брисање по службеној дужности,5,12,7,2,0,7,0,0,0,1,10,2,4,0,4,5,1,0,2,1,1,0,0,6,0,1,0,0,0,59,90,34,254
ПАНЧЕВО - ГРАД,Потврда о упису у бирачки списак,0,0,0,0,0,0,0,1,0,0,1,0,1,0,1,0,1,0,0,0,1,1,0,1,2,0,0,0,0,0,0,0,10
ПАНЧЕВО - ГРАД,Промена адресе боравишта интерно расељеног лица,0,0,0,0,1,0,0,0,0,0,0,0,0,0,0,0,0,0,0,0,0,0,0,0,0,1,0,0,0,0,0,0,2
ПАНЧЕВО - ГРАД,Промена адресе пребивалишта,39,43,45,74,54,67,70,54,53,81,64,52,49,46,49,48,43,55,73,58,48,48,53,54,50,33,48,47,44,68,59,62,1731
ПАНЧЕВО - ГРАД,Промена гласања по месту боравишта у иностранству,0,0,0,0,0,0,0,0,0,0,0,0,0,0,0,0,0,0,0,0,0,0,0,0,0,0,0,0,0,0,0,1,1
ПАНЧЕВО - ГРАД,Промена личних података,15,14,20,11,17,15,20,17,10,15,20,15,25,30,26,17,25,19,25,12,7,8,14,19,21,24,11,20,24,34,39,31,620
ПАНЧЕВО - ГРАД,Упис за гласање по месту боравишта у земљи,0,0,0,0,0,0,0,0,0,0,0,0,0,0,0,0,0,0,0,0,0,0,0,0,0,0,0,0,0,0,10,25,35
ПАНЧЕВО - ГРАД,Упис за гласање по месту боравишта у иностранству,0,0,0,0,0,0,0,0,0,0,0,0,0,0,0,0,0,0,0,0,0,0,0,0,0,0,0,0,0,0,309,434,743
ПАНЧЕВО - ГРАД,Упис по основу последњег пребивалишта,0,0,0,0,0,0,0,0,0,0,0,0,0,0,0,0,0,0,0,0,0,0,0,0,0,0,0,0,0,0,1,6,7
ПАНЧЕВО - ГРАД,Упис по основу пријаве боравишта интерно расељеног лица,0,0,0,1,1,0,0,0,0,1,0,0,0,1,0,0,0,1,2,1,0,1,0,0,0,0,0,1,0,0,0,0,10
ПАНЧЕВО - ГРАД,Упис по основу пријаве пребивалишта,31,55,33,22,25,26,26,18,31,50,73,28,33,27,26,36,31,23,29,16,20,16,31,25,31,41,31,30,20,60,63,129,1136
ПАНЧЕВО - ГРАД,Упис по основу пријема у држављанство,0,1,0,0,2,0,0,0,0,0,0,0,1,0,0,0,1,0,0,0,0,0,0,0,0,0,0,0,0,1,0,1,7
ПАНЧЕВО - ГРАД,Упис по основу стицања пунолетства,15,21,27,26,20,15,26,19,28,28,15,27,15,21,17,20,19,23,18,29,23,28,20,21,31,35,27,31,21,33,120,54,873
ПАРАЋИН,Брисање боравишта интерно расељеног лица,0,2,1,0,0,1,0,1,0,2,0,2,3,0,0,0,0,1,1,0,0,1,0,0,1,0,0,0,0,0,0,29,45
ПАРАЋИН,Брисање по основу одјаве пребивалишта,6,11,15,10,12,8,5,5,9,3,5,16,3,4,4,11,4,5,3,5,4,4,15,7,2,5,7,10,4,18,26,13,259
ПАРАЋИН,Брисање по основу отпуста из држављанства,0,1,0,0,0,0,0,0,0,1,0,1,0,0,0,1,0,0,1,0,0,0,0,0,0,0,1,3,0,0,0,2,11
ПАРАЋИН,Брисање по основу смрти лица,24,18,11,19,15,20,12,13,21,10,9,17,8,11,17,21,13,14,4,20,4,7,15,17,11,12,16,15,17,14,10,12,447
ПАРАЋИН,Брисање по службеној дужности,0,0,2,2,6,0,0,1,0,1,1,1,20,7,0,0,0,0,0,0,17,0,0,0,0,0,0,4,0,0,21,0,83
ПАРАЋИН,Исправка техничке грешке,0,0,0,0,0,0,0,0,0,0,0,0,1,0,0,0,0,0,1,0,0,0,0,0,0,0,0,0,1,0,0,1,4
ПАРАЋИН,Потврда о изборном праву,0,0,0,0,0,0,0,0,0,0,0,0,0,0,0,0,0,0,0,0,0,0,0,0,0,0,0,0,0,1,0,0,1
ПАРАЋИН,Потврда о упису у бирачки списак,0,0,0,0,0,0,0,0,0,0,0,0,0,0,0,0,0,0,0,0,0,0,0,0,0,0,0,0,0,0,2,0,2
ПАРАЋИН,Промена адресе боравишта интерно расељеног лица,0,0,0,0,2,0,0,0,0,4,1,1,1,0,0,0,0,0,1,0,0,2,0,1,1,1,0,1,0,0,0,1,17
ПАРАЋИН,Промена адресе пребивалишта,67,162,99,144,118,128,145,103,76,152,100,104,141,149,80,136,98,133,112,129,116,150,86,179,128,141,128,88,97,134,119,122,3864
ПАРАЋИН,Промена гласања по месту боравишта у иностранству,0,0,0,0,0,0,0,0,0,0,0,0,0,0,0,0,0,0,0,0,0,0,0,0,0,0,0,0,0,0,0,2,2
ПАРАЋИН,Промена личних података,5,3,3,7,5,2,4,2,2,5,4,5,4,3,3,7,14,6,3,4,7,3,8,2,9,11,1,3,8,18,54,17,232
ПАРАЋИН,Упис за гласање по месту боравишта у земљи,0,0,0,0,0,0,0,0,0,0,0,0,0,0,0,0,0,0,0,0,0,0,0,0,0,0,0,0,0,0,5,2,7
ПАРАЋИН,Упис за гласање по месту боравишта у иностранству,0,0,0,0,0,0,0,0,0,0,0,0,0,0,0,0,0,0,0,0,0,0,0,0,0,0,0,0,0,0,78,124,202
ПАРАЋИН,Упис по основу последњег пребивалишта,0,0,0,0,0,0,0,0,0,0,0,0,0,0,0,0,0,0,0,0,0,0,0,0,0,0,0,0,0,0,0,1,1
ПАРАЋИН,Упис по основу пријаве боравишта интерно расељеног лица,0,0,0,0,0,0,0,0,2,0,0,1,0,0,0,0,0,0,0,0,1,0,0,0,0,0,0,0,1,1,0,0,6
ПАРАЋИН,Упис по основу пријаве пребивалишта,17,10,16,8,6,11,10,6,16,10,11,6,13,14,11,9,8,4,5,4,3,11,11,10,17,15,10,13,4,13,50,5,357
ПАРАЋИН,Упис по основу пријема у држављанство,0,1,0,0,0,2,0,0,0,0,0,1,0,0,0,0,0,1,0,0,0,0,0,1,0,0,0,1,0,0,0,0,7
ПАРАЋИН,Упис по основу стицања пунолетства,8,16,15,13,6,10,9,5,10,15,1,17,7,8,3,10,13,11,17,16,7,17,10,14,11,8,11,11,6,7,65,0,377
ПЕЋ,Брисање боравишта интерно расељеног лица,0,0,0,0,0,0,0,0,0,0,0,0,0,0,0,0,0,0,0,0,0,0,0,0,0,0,0,0,0,0,1,0,1
ПЕЋ,Брисање по основу одјаве пребивалишта,1,7,4,5,2,3,3,2,2,6,4,3,5,5,3,3,4,2,1,1,0,2,5,4,3,3,4,1,2,10,10,3,113
ПЕЋ,Брисање по основу смрти лица,0,0,0,0,0,0,1,0,0,0,0,0,0,1,0,0,0,0,0,0,0,1,0,0,0,0,1,0,0,0,0,0,4
ПЕЋ,Промена личних података,0,0,0,0,0,0,0,0,0,0,0,0,0,0,0,0,0,0,0,0,0,0,0,0,0,0,0,0,0,0,3,2,5
ПЕЋ,Упис за гласање по месту боравишта у земљи,0,0,0,0,0,0,0,0,0,0,0,0,0,0,0,0,0,0,0,0,0,0,0,0,0,0,0,0,0,0,12,54,66
ПЕЋ,Упис за гласање по месту боравишта у иностранству,0,0,0,0,0,0,0,0,0,0,0,0,0,0,0,0,0,0,0,0,0,0,0,0,0,0,0,0,0,0,151,122,273
ПЕЋ,Упис по основу пријаве пребивалишта,0,0,0,0,0,0,0,1,0,0,0,0,0,0,0,0,0,0,0,0,0,1,0,0,0,0,0,0,0,1,29,56,88
ПЕЋ,Упис по основу стицања пунолетства,0,0,0,0,0,0,0,0,0,0,0,0,0,1,0,0,0,0,0,0,0,0,0,0,0,0,0,0,0,0,0,2,3
ПЕЋИНЦИ,Брисање боравишта интерно расељеног лица,0,0,0,0,0,5,0,0,0,0,0,0,0,0,0,0,0,0,0,0,0,0,0,0,0,0,0,0,0,0,0,0,5
ПЕЋИНЦИ,Брисање по основу губитка пословне способности,0,0,0,0,0,0,0,0,0,0,0,0,0,0,0,0,0,0,0,0,0,0,0,0,0,2,0,0,0,0,0,0,2
ПЕЋИНЦИ,Брисање по основу одјаве пребивалишта,3,11,7,5,3,3,4,3,4,1,4,6,4,1,4,7,2,2,1,0,4,3,5,4,5,4,2,2,1,12,13,15,145
ПЕЋИНЦИ,Брисање по основу смрти лица,4,10,1,5,5,9,2,1,9,4,8,0,8,1,4,5,3,4,2,4,1,7,6,2,3,2,4,7,5,5,9,5,145
ПЕЋИНЦИ,Брисање по службеној дужности,2,0,0,0,0,4,0,0,10,0,0,0,0,0,0,0,0,0,0,7,0,0,0,2,2,0,0,0,5,0,0,0,32
ПЕЋИНЦИ,Промена адресе пребивалишта,2,7,6,3,5,7,3,0,2,5,14,2,6,11,2,3,9,4,4,5,5,2,9,4,3,3,5,4,5,7,5,10,162
ПЕЋИНЦИ,Промена личних података,1,2,1,0,3,1,1,2,1,1,3,4,2,1,2,5,1,2,3,1,2,0,4,1,3,1,1,0,5,3,5,1,63
ПЕЋИНЦИ,Упис за гласање по месту боравишта у земљи,0,0,0,0,0,0,0,0,0,0,0,0,0,0,0,0,0,0,0,0,0,0,0,0,0,0,0,0,0,0,11,8,19
ПЕЋИНЦИ,Упис за гласање по месту боравишта у иностранству,0,0,0,0,0,0,0,0,0,0,0,0,0,0,0,0,0,0,0,0,0,0,0,0,0,0,0,0,0,0,39,102,141
ПЕЋИНЦИ,Упис по основу пријаве пребивалишта,7,10,10,8,6,6,8,9,3,3,6,6,8,12,8,8,5,8,3,4,1,5,5,2,7,11,5,3,1,28,3,6,215
ПЕЋИНЦИ,Упис по основу стицања пунолетства,2,5,2,2,2,4,0,1,4,3,3,2,3,4,1,8,5,4,2,6,4,1,3,1,6,5,2,6,3,4,26,0,124
ПЕТРОВАЦ НА МЛАВИ,Брисање по основу губитка пословне способности,0,0,0,0,0,0,0,0,0,0,0,0,0,0,0,0,0,0,0,0,0,0,0,0,0,0,0,0,0,6,1,0,7
ПЕТРОВАЦ НА МЛАВИ,Брисање по основу одјаве пребивалишта,6,9,7,4,5,4,8,1,4,2,3,6,2,4,2,1,2,3,5,5,3,3,3,7,0,5,0,4,1,14,7,4,134
ПЕТРОВАЦ НА МЛАВИ,Брисање по основу отпуста из држављанства,0,0,0,0,0,0,0,0,0,0,0,0,4,0,0,0,0,0,0,0,0,0,0,0,0,0,0,0,0,0,0,0,4
ПЕТРОВАЦ НА МЛАВИ,Брисање по основу смрти лица,15,9,8,12,12,8,12,7,15,8,10,11,9,7,12,10,13,0,10,7,8,4,12,9,9,11,0,13,13,12,7,6,299
ПЕТРОВАЦ НА МЛАВИ,Брисање по службеној дужности,0,2,14,8,0,6,0,0,0,0,0,0,0,0,0,0,10,0,0,0,0,0,0,0,0,0,0,2,7,0,1,0,50
ПЕТРОВАЦ НА МЛАВИ,Исправка техничке грешке,0,0,0,0,1,0,0,0,0,0,0,0,0,0,0,0,0,0,2,1,0,0,0,0,1,0,0,0,0,1,0,0,6
ПЕТРОВАЦ НА МЛАВИ,Потврда о изборном праву,0,0,0,0,0,0,0,0,0,1,0,0,0,0,0,0,0,0,0,0,0,0,0,0,0,0,0,0,0,2,0,0,3
ПЕТРОВАЦ НА МЛАВИ,Потврда о упису у бирачки списак,0,1,0,0,0,0,0,0,0,1,0,0,0,0,0,0,0,0,0,0,0,0,0,0,0,0,0,0,0,0,0,0,2
ПЕТРОВАЦ НА МЛАВИ,Промена адресе пребивалишта,28,48,39,33,0,45,0,0,0,1,0,1,0,0,0,0,145,0,339,53,32,41,50,55,58,47,0,25,39,56,58,31,1224
ПЕТРОВАЦ НА МЛАВИ,Промена личних података,1,1,3,0,1,0,1,0,0,0,0,0,0,0,0,0,0,0,2,79,9,5,1,1,0,1,0,9,1,104,102,15,336
ПЕТРОВАЦ НА МЛАВИ,Упис за гласање по месту боравишта у земљи,0,0,0,0,0,0,0,0,0,0,0,0,0,0,0,0,0,0,0,0,0,0,0,0,0,0,0,0,0,0,2,7,9
ПЕТРОВАЦ НА МЛАВИ,Упис за гласање по месту боравишта у иностранству,0,0,0,0,0,0,0,0,0,0,0,0,0,0,0,0,0,0,0,0,0,0,0,0,0,0,0,0,0,0,86,194,280
ПЕТРОВАЦ НА МЛАВИ,Упис по основу пријаве пребивалишта,5,22,2,1,0,3,0,0,0,0,0,1,0,0,0,0,9,0,33,4,5,6,3,8,5,2,0,18,6,4,19,9,165
ПЕТРОВАЦ НА МЛАВИ,Упис по основу пријема у држављанство,0,0,0,0,0,2,0,0,0,0,0,0,1,1,0,0,0,0,0,0,0,0,0,1,0,1,0,1,0,0,0,1,8
ПЕТРОВАЦ НА МЛАВИ,Упис по основу стицања пунолетства,6,12,6,5,7,4,4,4,4,5,6,2,3,9,7,4,11,0,14,9,4,12,11,6,4,4,0,16,4,7,26,15,231
ПИРОТ - ГРАД,Брисање боравишта интерно расељеног лица,0,0,0,0,0,0,0,0,0,0,1,0,0,0,0,0,0,0,0,0,0,0,0,0,0,0,0,26,0,0,0,0,27
ПИРОТ - ГРАД,Брисање по основу губитка пословне способности,0,0,0,0,0,0,0,0,0,0,0,0,0,0,0,0,0,0,0,0,0,0,0,0,0,0,2,0,4,0,1,3,10
ПИРОТ - ГРАД,Брисање по основу одјаве пребивалишта,3,4,12,6,5,6,7,2,15,2,6,4,7,3,2,1,1,9,8,8,4,2,9,10,9,9,3,3,4,9,18,4,195
ПИРОТ - ГРАД,Брисање по основу смрти лица,9,20,14,14,14,16,9,14,12,13,9,11,19,6,13,12,13,23,11,17,12,16,18,14,14,21,12,12,12,12,22,26,460
ПИРОТ - ГРАД,Брисање по службеној дужности,0,0,0,3,5,0,2,1,1,1,0,0,0,2,0,1,0,3,0,0,0,1,0,0,1,0,0,0,2,0,0,0,23
ПИРОТ - ГРАД,Исправка техничке грешке,0,0,1,0,0,0,0,0,1,0,1,0,0,0,0,0,1,0,0,0,1,0,0,0,1,0,1,1,0,0,1,0,9
ПИРОТ - ГРАД,Потврда о изборном праву,0,0,0,0,0,0,0,0,0,0,0,0,0,0,0,0,0,0,0,0,0,0,0,0,0,1,0,0,0,0,0,0,1
ПИРОТ - ГРАД,Потврда о изборном праву кандидата за одборнике,0,0,0,0,0,0,0,0,0,0,0,0,0,0,0,0,0,0,0,0,0,0,0,0,0,3,0,0,0,0,0,0,3
ПИРОТ - ГРАД,Потврда о упису у бирачки списак,0,0,0,0,0,0,0,0,0,0,0,0,0,0,1,0,0,0,0,0,0,0,0,0,0,0,0,0,0,0,4,0,5
ПИРОТ - ГРАД,Промена адресе боравишта интерно расељеног лица,0,0,0,0,0,0,0,0,0,0,0,0,0,0,0,0,0,0,0,0,0,0,0,0,0,0,0,1,0,0,1,0,2
ПИРОТ - ГРАД,Промена адресе пребивалишта,15,13,15,16,13,30,24,8,11,20,18,15,32,15,22,13,9,20,13,15,22,17,15,17,17,8,22,15,16,33,32,33,584
ПИРОТ - ГРАД,Промена личних података,2,2,2,5,6,4,5,4,0,5,8,8,7,5,4,4,3,4,3,5,4,3,6,4,5,1,5,5,6,8,39,11,183
ПИРОТ - ГРАД,Упис за гласање по месту боравишта у земљи,0,0,0,0,0,0,0,0,0,0,0,0,0,0,0,0,0,0,0,0,0,0,0,0,0,0,0,0,0,0,2,6,8
ПИРОТ - ГРАД,Упис за гласање по месту боравишта у иностранству,0,0,0,0,0,0,0,0,0,0,0,0,0,0,0,0,0,0,0,0,0,0,0,0,0,0,0,0,0,0,73,97,170
ПИРОТ - ГРАД,Упис по основу пријаве боравишта интерно расељеног лица,0,0,0,0,0,0,0,0,0,0,0,0,0,0,0,0,0,0,0,0,0,0,0,0,0,0,0,2,0,0,0,0,2
ПИРОТ - ГРАД,Упис по основу пријаве пребивалишта,2,3,7,5,9,2,2,0,5,5,3,2,7,4,4,7,4,8,7,4,5,6,3,6,1,7,5,6,3,10,7,6,155
ПИРОТ - ГРАД,Упис по основу пријема у држављанство,0,0,0,0,0,0,0,0,0,0,0,0,0,0,0,0,0,0,0,1,0,0,0,0,0,0,0,0,0,0,0,0,1
ПИРОТ - ГРАД,Упис по основу стицања пунолетства,8,6,11,8,11,7,11,3,14,8,10,12,5,7,6,10,5,10,12,7,12,16,11,11,13,5,9,6,9,9,14,37,323
ПЛАНДИШТЕ,Брисање по основу губитка пословне способности,0,0,0,0,0,0,0,1,0,0,0,1,0,0,0,0,0,0,0,0,0,0,0,0,0,0,0,0,0,0,0,0,2
ПЛАНДИШТЕ,Брисање по основу дуплог уписа,0,0,0,0,0,1,0,0,0,0,0,0,0,0,0,1,0,0,0,0,0,0,0,0,0,0,0,0,0,0,0,0,2
ПЛАНДИШТЕ,Брисање по основу одјаве пребивалишта,2,1,4,1,6,2,2,3,6,2,5,3,1,2,4,0,2,0,3,1,2,2,1,0,3,3,2,4,1,2,9,2,81
ПЛАНДИШТЕ,Брисање по основу смрти лица,1,3,3,3,4,0,2,4,6,4,5,2,3,6,2,2,6,3,1,2,6,0,6,3,1,8,4,2,4,4,3,4,107
ПЛАНДИШТЕ,Брисање по службеној дужности,0,0,0,0,1,0,1,0,0,0,1,1,1,0,0,0,0,0,0,0,0,0,0,0,0,1,0,0,0,3,0,0,9
ПЛАНДИШТЕ,Исправка техничке грешке,0,0,0,0,0,0,1,0,0,0,0,0,0,1,0,0,0,0,0,0,0,0,0,0,0,0,0,0,0,6,0,0,8
ПЛАНДИШТЕ,Промена адресе пребивалишта,0,3,2,2,4,2,3,1,3,0,3,1,2,2,2,0,2,1,2,4,5,2,1,1,1,5,0,2,0,2,2,3,63
ПЛАНДИШТЕ,Промена личних података,0,1,0,0,0,4,5,2,2,1,3,0,1,2,0,1,4,0,2,0,1,3,0,0,2,0,1,8,0,74,9,4,130
ПЛАНДИШТЕ,Упис за гласање по месту боравишта у земљи,0,0,0,0,0,0,0,0,0,0,0,0,0,0,0,0,0,0,0,0,0,0,0,0,0,0,0,0,0,0,1,3,4
ПЛАНДИШТЕ,Упис за гласање по месту боравишта у иностранству,0,0,0,0,0,0,0,0,0,0,0,0,0,0,0,0,0,0,0,0,0,0,0,0,0,0,0,0,0,0,10,21,31
ПЛАНДИШТЕ,Упис по основу пријаве пребивалишта,2,2,3,1,2,0,0,2,3,1,5,2,4,3,5,2,1,0,0,1,0,3,3,4,3,2,1,3,1,2,7,0,68
ПЛАНДИШТЕ,Упис по основу стицања пунолетства,1,0,1,1,1,0,0,1,4,1,1,0,1,2,3,0,0,1,3,0,1,2,2,3,1,1,2,0,0,1,11,0,45
ПОДУЈЕВО,Брисање по основу одјаве пребивалишта,0,0,0,0,0,0,1,0,0,0,1,0,0,0,1,0,0,3,0,0,0,0,1,1,0,1,0,0,0,1,1,1,12
ПОЖАРЕВАЦ,Брисање боравишта интерно расељеног лица,0,3,0,0,0,0,0,0,0,0,0,0,0,0,1,0,0,0,0,1,0,0,0,0,1,0,0,0,0,0,0,1,7
ПОЖАРЕВАЦ,Брисање по основу губитка пословне способности,0,0,0,0,0,0,0,0,0,0,0,0,0,0,0,0,0,4,0,0,0,0,0,0,0,0,0,0,0,0,0,0,4
ПОЖАРЕВАЦ,Брисање по основу одјаве пребивалишта,13,20,18,10,15,12,9,10,9,8,16,13,10,15,12,10,10,12,9,6,3,8,6,10,13,9,6,12,3,17,26,28,378
ПОЖАРЕВАЦ,Брисање по основу отпуста из држављанства,0,0,0,0,0,0,0,0,0,0,0,0,0,0,0,0,0,0,0,0,0,0,0,0,0,0,0,0,0,0,1,1,2
ПОЖАРЕВАЦ,Брисање по основу смрти лица,13,23,11,22,19,16,23,17,20,10,15,20,16,19,18,24,13,10,16,21,30,17,17,14,17,18,9,12,18,23,13,19,553
ПОЖАРЕВАЦ,Брисање по службеној дужности,1,5,15,8,2,0,18,4,0,5,5,0,1,4,0,2,0,0,2,11,2,0,0,1,0,0,0,4,4,1,0,1,96
ПОЖАРЕВАЦ,Исправка техничке грешке,0,0,1,0,0,0,0,0,0,0,0,0,0,0,0,0,0,0,0,0,0,0,0,0,0,0,0,0,0,0,0,0,1
ПОЖАРЕВАЦ,Промена адресе боравишта интерно расељеног лица,0,0,0,0,0,0,0,0,1,0,0,0,0,0,0,0,0,0,0,0,0,0,0,0,0,0,0,0,0,0,0,0,1
ПОЖАРЕВАЦ,Промена адресе пребивалишта,127,101,39,62,35,42,29,54,77,61,74,77,101,113,67,124,25,30,22,36,24,33,28,27,41,32,28,28,29,34,31,36,1667
ПОЖАРЕВАЦ,Промена гласања по месту боравишта у иностранству,0,0,0,0,0,0,0,0,0,0,0,0,0,0,0,0,0,0,0,0,0,0,0,0,0,0,0,0,0,0,1,0,1
ПОЖАРЕВАЦ,Промена личних података,14,5,7,4,7,8,5,8,7,8,12,13,18,36,10,21,10,9,6,6,7,5,5,14,8,17,10,10,7,171,5,34,507
ПОЖАРЕВАЦ,Упис за гласање по месту боравишта у земљи,0,0,0,0,0,0,0,0,0,0,0,0,0,0,0,0,0,0,0,0,0,0,0,0,0,0,0,0,0,0,0,5,5
ПОЖАРЕВАЦ,Упис за гласање по месту боравишта у иностранству,0,0,0,0,0,0,0,0,0,0,0,0,0,0,0,0,0,0,0,0,0,0,0,0,0,0,0,0,0,5,85,320,410
ПОЖАРЕВАЦ,Упис по основу пријаве боравишта интерно расељеног лица,0,0,1,0,1,1,0,4,0,0,0,1,0,1,0,1,0,0,0,0,0,0,0,0,0,0,0,2,1,0,2,0,15
ПОЖАРЕВАЦ,Упис по основу пријаве пребивалишта,20,29,13,21,18,15,14,11,8,20,14,15,4,12,5,2,8,12,18,21,7,16,17,14,19,10,10,18,3,23,8,65,490
ПОЖАРЕВАЦ,Упис по основу пријема у држављанство,0,0,0,0,0,0,0,0,0,1,0,0,0,0,0,0,0,0,0,0,0,0,1,0,0,1,0,0,0,0,0,0,3
ПОЖАРЕВАЦ,Упис по основу стицања пунолетства,12,11,10,12,15,10,14,15,15,16,10,13,19,27,8,12,11,9,23,7,15,11,11,18,14,17,18,15,9,10,10,74,491
ПОЖАРЕВАЦ-КОСТОЛАЦ,Брисање боравишта интерно расељеног лица,0,0,0,1,0,0,0,0,0,0,0,0,0,0,0,0,0,0,0,0,0,0,0,0,0,0,0,1,0,0,1,1,4
ПОЖАРЕВАЦ-КОСТОЛАЦ,Брисање по основу губитка пословне способности,0,0,0,0,0,0,0,0,0,0,0,0,0,0,0,0,0,1,0,0,0,0,0,0,0,0,0,0,0,0,0,0,1
ПОЖАРЕВАЦ-КОСТОЛАЦ,Брисање по основу дуплог уписа,0,0,0,0,0,0,0,0,0,0,0,0,0,0,0,0,0,0,0,0,0,0,1,0,0,1,0,0,0,0,0,0,2
ПОЖАРЕВАЦ-КОСТОЛАЦ,Брисање по основу одјаве пребивалишта,5,7,2,1,9,5,5,5,2,11,2,3,1,0,1,3,4,3,2,7,3,4,4,4,3,0,3,1,0,4,12,10,126
ПОЖАРЕВАЦ-КОСТОЛАЦ,Брисање по основу смрти лица,2,3,4,3,3,4,3,1,2,1,2,5,4,5,6,5,3,7,4,5,1,2,3,4,6,2,4,2,0,6,0,3,105
ПОЖАРЕВАЦ-КОСТОЛАЦ,Брисање по службеној дужности,0,0,2,0,0,2,2,0,0,0,0,0,0,0,0,0,0,0,1,0,0,0,1,0,0,0,0,0,1,2,0,0,11
ПОЖАРЕВАЦ-КОСТОЛАЦ,Промена адресе боравишта интерно расељеног лица,0,0,0,0,0,0,0,0,0,1,0,0,0,0,0,0,0,0,0,1,0,0,0,0,0,0,0,0,0,0,0,0,2
ПОЖАРЕВАЦ-КОСТОЛАЦ,Промена адресе пребивалишта,22,5,7,11,13,17,8,7,5,7,3,10,5,9,5,2,9,4,1,2,10,7,7,11,5,6,4,10,4,2,6,12,236
ПОЖАРЕВАЦ-КОСТОЛАЦ,Промена личних података,3,1,1,2,2,4,1,0,2,2,1,1,3,1,1,0,2,1,1,0,0,3,0,2,1,5,0,2,2,47,5,5,101
ПОЖАРЕВАЦ-КОСТОЛАЦ,Упис за гласање по месту боравишта у иностранству,0,0,0,0,0,0,0,0,0,0,0,0,0,0,0,0,0,0,0,0,0,0,0,0,0,0,0,0,0,0,6,23,29
ПОЖАРЕВАЦ-КОСТОЛАЦ,Упис по основу пријаве боравишта интерно расељеног лица,0,0,0,0,0,0,0,2,0,0,5,0,0,0,0,0,0,0,0,0,0,0,0,0,0,0,0,0,0,0,0,0,7
ПОЖАРЕВАЦ-КОСТОЛАЦ,Упис по основу пријаве пребивалишта,1,6,4,3,4,1,1,1,5,3,1,9,4,1,4,3,5,3,3,0,4,5,2,6,3,2,1,2,0,1,5,15,108
ПОЖАРЕВАЦ-КОСТОЛАЦ,Упис по основу стицања пунолетства,1,4,3,10,1,1,2,3,1,3,2,5,3,6,1,3,5,2,3,1,5,3,1,8,2,8,2,4,1,3,3,22,122
ПОЖЕГА,Брисање боравишта интерно расељеног лица,0,0,0,0,0,1,0,0,0,0,0,0,0,0,0,1,0,0,0,0,0,0,0,0,0,0,0,0,0,0,0,8,10
ПОЖЕГА,Брисање по основу губитка пословне способности,0,0,0,0,0,0,0,0,0,0,0,0,0,0,0,0,0,0,0,0,0,0,0,0,0,0,0,0,0,0,0,1,1
ПОЖЕГА,Брисање по основу одјаве пребивалишта,2,8,8,4,4,5,6,3,5,8,6,5,8,3,1,7,6,4,2,2,2,3,9,3,6,3,4,4,0,4,6,6,147
ПОЖЕГА,Брисање по основу смрти лица,6,16,10,6,14,5,7,2,5,6,5,18,13,0,6,5,5,6,6,8,5,8,5,7,5,16,2,7,4,8,7,7,230
ПОЖЕГА,Брисање по службеној дужности,1,0,0,7,1,0,0,1,0,2,0,0,0,0,0,0,0,0,0,0,0,0,0,0,0,0,3,0,0,0,0,0,15
ПОЖЕГА,Исправка техничке грешке,0,0,0,0,0,0,0,0,0,1,0,0,0,0,0,0,0,0,0,0,0,2,0,0,0,0,0,1,0,0,1,2,7
ПОЖЕГА,Потврда о изборном праву,0,0,0,0,0,0,0,0,0,0,0,0,0,0,0,0,0,0,0,0,0,0,0,0,0,0,0,0,0,1,0,0,1
ПОЖЕГА,Потврда о упису у бирачки списак,0,0,0,0,0,0,0,0,0,0,0,0,0,0,0,0,0,0,0,0,0,0,0,0,0,0,0,0,0,5,0,0,5
ПОЖЕГА,Промена адресе пребивалишта,23,61,26,71,39,34,0,69,27,38,29,25,49,25,31,33,16,0,41,0,0,44,109,53,43,27,49,31,28,33,51,34,1139
ПОЖЕГА,Промена личних података,3,0,0,0,0,0,2,1,2,3,4,3,5,3,3,2,5,0,4,0,1,1,2,3,8,3,1,0,6,24,15,4,108
ПОЖЕГА,Упис за гласање по месту боравишта у земљи,0,0,0,0,0,0,0,0,0,0,0,0,0,0,0,0,0,0,0,0,0,0,0,0,0,0,0,0,0,1,4,7,12
ПОЖЕГА,Упис за гласање по месту боравишта у иностранству,0,0,0,0,0,0,0,0,0,0,0,0,0,0,0,0,0,0,0,0,0,0,0,0,0,0,0,0,0,0,40,53,93
ПОЖЕГА,Упис по основу последњег пребивалишта,0,0,0,0,0,0,0,0,0,0,0,0,0,0,0,0,0,0,0,0,0,0,0,0,0,0,0,0,0,0,2,0,2
ПОЖЕГА,Упис по основу пријаве боравишта интерно расељеног лица,0,0,0,0,2,0,0,0,0,0,0,1,0,0,0,0,0,0,0,0,0,0,0,0,0,0,0,0,0,0,0,0,3
ПОЖЕГА,Упис по основу пријаве пребивалишта,6,7,6,5,2,8,0,10,4,4,5,2,4,6,3,6,4,0,10,0,0,6,6,3,3,7,3,3,3,6,7,18,157
ПОЖЕГА,Упис по основу пријема у држављанство,0,0,0,0,0,0,0,0,0,0,0,0,0,0,0,0,0,0,0,0,0,0,0,0,0,0,0,0,0,0,2,1,3
ПОЖЕГА,Упис по основу стицања пунолетства,4,4,5,8,8,4,0,11,9,7,0,2,6,3,11,3,5,0,10,0,0,9,15,7,6,8,4,8,5,6,35,5,208
ПРЕШЕВО,Брисање боравишта интерно расељеног лица,0,0,0,0,0,0,0,0,0,0,0,0,0,0,0,0,0,0,0,0,0,0,0,0,0,0,0,0,0,0,0,14,14
ПРЕШЕВО,Брисање по основу губитка пословне способности,0,0,0,0,0,0,0,0,0,0,0,0,0,1,0,0,0,0,0,1,0,0,0,0,0,0,0,0,0,10,0,2,14
ПРЕШЕВО,Брисање по основу одјаве пребивалишта,5,4,6,3,5,8,3,0,3,1,0,6,1,0,1,2,3,3,1,1,8,3,3,4,0,2,1,0,0,4,10,1,92
ПРЕШЕВО,Брисање по основу отпуста из држављанства,0,0,0,0,0,0,0,0,0,0,0,1,0,0,0,0,0,0,0,0,1,3,0,0,5,1,0,0,0,0,0,0,11
ПРЕШЕВО,Брисање по основу смрти лица,3,5,6,4,6,8,4,6,9,4,9,3,3,12,0,4,7,5,4,3,8,3,9,4,2,4,7,8,6,3,4,10,173
ПРЕШЕВО,Брисање по службеној дужности,0,3,24,8,0,0,0,0,0,0,0,0,0,49,0,0,1,0,1,0,0,0,0,0,0,0,0,0,0,0,1,0,87
ПРЕШЕВО,Исправка техничке грешке,3,0,2,4,0,1,2,0,2,1,1,0,1,0,0,1,2,0,2,1,2,0,3,0,2,1,0,2,0,760,797,993,2583
ПРЕШЕВО,Промена адресе пребивалишта,57,85,73,82,73,104,127,92,99,121,96,38,181,105,0,104,102,64,62,28,111,108,158,175,141,110,95,95,61,59,58,102,2966
ПРЕШЕВО,Промена личних података,2,2,3,3,2,4,5,7,9,3,5,2,12,2,0,6,7,4,3,4,2,1,0,14,8,10,4,5,2,1014,974,1242,3361
ПРЕШЕВО,Упис за гласање по месту боравишта у иностранству,0,0,0,0,0,0,0,0,0,0,0,0,0,0,0,0,0,0,0,0,0,0,0,0,0,0,0,0,0,0,16,17,33
ПРЕШЕВО,Упис по основу пријаве пребивалишта,4,6,6,6,2,5,10,8,11,22,21,4,8,8,3,20,5,4,3,6,14,26,26,28,23,31,9,15,4,6,11,8,363
ПРЕШЕВО,Упис по основу стицања пунолетства,19,11,20,19,11,16,14,12,14,5,0,38,18,20,0,24,13,2,0,26,34,22,11,15,10,11,12,13,21,14,86,2,533
ПРИЈЕПОЉЕ,Брисање боравишта интерно расељеног лица,0,0,0,0,0,0,0,0,0,0,0,0,0,0,0,0,0,1,0,0,0,0,0,0,0,0,0,0,0,0,0,0,1
ПРИЈЕПОЉЕ,Брисање по основу губитка пословне способности,0,0,0,0,0,0,5,0,0,0,0,0,0,0,1,0,0,0,0,0,0,0,0,0,0,0,0,0,0,1,0,3,10
ПРИЈЕПОЉЕ,Брисање по основу дуплог уписа,0,0,0,0,0,0,0,0,0,0,1,0,0,0,0,0,0,0,0,0,0,0,0,0,0,0,0,0,0,0,2,1,4
ПРИЈЕПОЉЕ,Брисање по основу одјаве пребивалишта,3,9,6,1,5,8,9,12,4,5,7,9,12,9,5,10,2,8,11,3,2,2,4,6,9,5,3,4,1,7,18,8,207
ПРИЈЕПОЉЕ,Брисање по основу отпуста из држављанства,0,2,1,3,0,0,0,0,0,0,0,0,0,0,0,1,0,0,0,0,0,0,0,1,0,0,0,0,0,0,0,0,8
ПРИЈЕПОЉЕ,Брисање по основу смрти лица,5,10,4,8,3,12,7,3,11,5,11,5,5,16,6,10,10,8,0,16,23,13,8,3,8,9,9,6,10,8,7,10,269
ПРИЈЕПОЉЕ,Брисање по службеној дужности,0,0,0,0,0,0,1,2,0,0,0,0,0,0,0,0,1,0,0,0,0,0,0,0,0,0,1,0,0,0,0,0,5
ПРИЈЕПОЉЕ,Потврда о изборном праву,0,0,0,0,0,1,0,0,0,0,0,0,0,0,0,0,0,0,0,0,0,0,0,0,0,0,0,0,0,0,0,0,1
ПРИЈЕПОЉЕ,Потврда о упису у бирачки списак,0,0,0,0,0,0,0,0,0,2,0,0,0,0,0,0,0,0,0,0,0,0,0,0,0,0,0,0,0,0,0,0,2
ПРИЈЕПОЉЕ,Промена адресе боравишта интерно расељеног лица,0,0,0,0,0,0,0,0,0,0,0,0,0,0,0,0,0,1,0,0,0,0,0,0,0,0,0,0,0,0,0,0,1
ПРИЈЕПОЉЕ,Промена адресе пребивалишта,99,19,16,22,2,199,329,256,14,182,189,164,316,230,328,347,78,125,0,0,0,3,69,629,207,312,345,293,139,150,150,149,5361
ПРИЈЕПОЉЕ,Промена личних података,3,2,0,0,1,3,4,7,1,3,4,4,6,1,6,5,4,8,0,0,0,0,0,12,6,7,4,2,2,42,14,3,154
ПРИЈЕПОЉЕ,Упис за гласање по месту боравишта у земљи,0,0,0,0,0,0,0,0,0,0,0,0,0,0,0,0,0,0,0,0,0,0,0,0,0,0,0,0,0,0,1,2,3
ПРИЈЕПОЉЕ,Упис за гласање по месту боравишта у иностранству,0,0,0,0,0,0,0,0,0,0,0,0,0,0,0,0,0,0,0,0,0,0,0,0,0,0,0,0,0,0,41,88,129
ПРИЈЕПОЉЕ,Упис по основу пријаве боравишта интерно расељеног лица,0,0,0,0,0,0,0,0,0,0,0,0,0,0,0,0,0,0,0,0,0,0,0,0,1,0,0,0,0,0,0,0,1
ПРИЈЕПОЉЕ,Упис по основу пријаве пребивалишта,8,7,9,4,4,5,5,1,7,5,5,4,9,7,1,17,8,3,0,0,0,8,6,14,13,5,8,13,11,16,43,14,260
ПРИЈЕПОЉЕ,Упис по основу пријема у држављанство,0,0,0,1,0,0,1,0,0,0,0,0,0,1,0,0,1,0,0,0,0,0,0,0,2,0,0,0,0,0,1,1,8
ПРИЈЕПОЉЕ,Упис по основу стицања пунолетства,5,8,4,17,3,0,0,0,0,0,41,0,0,24,7,15,0,14,0,0,0,0,0,0,37,4,12,13,5,7,46,0,262
ПРИБОЈ,Брисање по основу губитка пословне способности,0,0,0,0,0,0,0,0,0,0,0,0,0,0,0,0,0,0,0,0,0,0,0,0,0,0,0,0,0,0,0,1,1
ПРИБОЈ,Брисање по основу одјаве пребивалишта,6,14,4,6,7,5,9,9,7,7,5,8,6,4,6,1,7,4,3,1,2,5,5,6,4,4,4,3,4,6,11,12,185
ПРИБОЈ,Брисање по основу отпуста из држављанства,0,0,5,0,0,0,0,0,0,0,0,0,0,0,5,0,0,0,0,0,0,0,0,0,0,0,0,0,0,0,0,0,10
ПРИБОЈ,Брисање по основу смрти лица,9,13,11,7,7,5,14,5,3,10,2,8,7,6,11,2,0,13,4,8,12,7,6,7,5,7,9,0,0,33,7,3,241
ПРИБОЈ,Исправка техничке грешке,0,0,0,0,0,0,0,1,0,0,0,0,0,0,0,0,0,0,0,0,0,0,0,0,0,1,0,0,0,2,1,0,5
ПРИБОЈ,Промена адресе пребивалишта,4,9,4,3,6,3,2,5,1,5,5,5,1,5,7,2,0,4,1,8,27,38,54,49,65,48,125,0,0,183,101,83,853
ПРИБОЈ,Промена личних података,0,4,0,0,0,4,0,0,0,0,3,0,0,8,3,0,0,0,0,0,0,3,0,0,0,11,0,0,0,9,2,0,47
ПРИБОЈ,Упис за гласање по месту боравишта у земљи,0,0,0,0,0,0,0,0,0,0,0,0,0,0,0,0,0,0,0,0,0,0,0,0,0,0,0,0,0,0,1,12,13
ПРИБОЈ,Упис за гласање по месту боравишта у иностранству,0,0,0,0,0,0,0,0,0,0,0,0,0,0,0,0,0,0,0,0,0,0,0,0,0,0,0,0,0,0,82,555,637
ПРИБОЈ,Упис по основу пријаве пребивалишта,0,7,0,0,3,0,0,3,1,0,2,5,0,0,0,1,0,4,4,1,0,0,3,1,2,1,7,0,0,15,62,17,139
ПРИБОЈ,Упис по основу стицања пунолетства,4,2,7,0,7,1,6,8,8,2,2,4,0,14,2,6,0,7,3,4,2,2,6,8,8,0,12,0,0,18,34,0,177
ПРИЗРЕН,Брисање по основу одјаве пребивалишта,2,3,1,2,12,3,4,5,4,3,3,8,3,2,4,8,8,4,3,0,1,7,3,5,2,3,2,6,3,10,19,3,146
ПРИЗРЕН,Брисање по основу смрти лица,0,0,0,0,0,0,0,0,0,1,1,2,0,0,0,0,0,0,0,0,0,0,3,0,0,0,0,0,0,0,0,0,7
ПРИЗРЕН,Промена адресе пребивалишта,0,1,0,0,0,0,0,0,0,0,0,0,0,0,0,0,0,0,0,0,0,0,0,0,0,0,0,0,0,0,0,0,1
ПРИЗРЕН,Промена личних података,0,1,0,0,0,0,0,1,0,0,0,0,0,0,0,0,0,0,0,0,0,0,0,0,0,0,0,0,0,0,0,0,2
ПРИЗРЕН,Упис за гласање по месту боравишта у земљи,0,0,0,0,0,0,0,0,0,0,0,0,0,0,0,0,0,0,0,0,0,0,0,0,0,0,0,0,0,0,0,3,3
ПРИЗРЕН,Упис по основу пријаве пребивалишта,6,1,1,0,2,3,3,5,0,1,0,0,4,0,0,0,0,0,0,0,0,0,1,0,0,0,0,0,0,0,0,0,27
ПРИЗРЕН,Упис по основу стицања пунолетства,5,3,0,4,2,3,1,2,0,2,1,0,3,0,0,0,0,0,0,0,0,0,0,0,0,0,0,0,0,0,0,0,26
ПРИШТИНА - ГРАД,Брисање по основу одјаве пребивалишта,2,14,6,4,6,11,6,9,11,9,10,10,8,9,11,8,6,10,6,3,0,10,6,11,9,6,3,7,5,28,30,11,285
ПРИШТИНА - ГРАД,Брисање по основу смрти лица,0,1,4,2,4,3,1,1,1,1,3,0,0,1,4,5,2,2,0,6,12,2,0,1,0,1,0,4,1,4,2,0,68
ПРИШТИНА - ГРАД,Промена адресе пребивалишта,0,0,0,0,0,0,0,0,0,0,0,0,0,0,0,0,0,0,0,0,0,0,0,0,0,0,0,0,0,0,1,2,3
ПРИШТИНА - ГРАД,Промена гласања по месту боравишта у земљи,0,0,0,0,0,0,0,0,0,0,0,0,0,0,0,0,0,0,0,0,0,0,0,0,0,0,0,0,0,0,0,1,1
ПРИШТИНА - ГРАД,Промена личних података,0,0,0,0,0,0,0,0,0,1,0,0,0,0,0,0,0,0,0,0,0,0,0,0,0,0,0,0,0,0,2,25,28
ПРИШТИНА - ГРАД,Упис за гласање по месту боравишта у земљи,0,0,0,0,0,0,0,0,0,0,0,0,0,0,0,0,0,0,0,0,0,0,0,0,0,0,0,0,0,5,4,156,165
ПРИШТИНА - ГРАД,Упис за гласање по месту боравишта у иностранству,0,0,0,0,0,0,0,0,0,0,0,0,0,0,0,0,0,0,0,0,0,0,0,0,0,0,0,0,0,0,30,29,59
ПРИШТИНА - ГРАД,Упис по основу последњег пребивалишта,0,0,0,0,0,0,0,0,0,0,0,0,0,0,0,0,0,0,0,0,0,0,0,0,0,0,0,0,0,0,12,21,33
ПРИШТИНА - ГРАД,Упис по основу пријаве пребивалишта,1,0,0,1,0,0,1,1,0,0,0,0,0,0,0,0,0,0,0,0,0,0,0,0,0,2,0,2,0,3,3,32,46
ПРИШТИНА - ГРАД,Упис по основу стицања пунолетства,3,2,2,0,0,0,4,0,0,0,0,1,0,0,0,6,0,0,0,0,0,0,0,0,0,0,0,0,3,27,24,32,104
ПРОКУПЉЕ - ГРАД,Брисање боравишта интерно расељеног лица,0,0,0,0,1,0,2,0,0,0,0,2,0,1,0,0,0,0,0,0,1,0,0,0,0,0,0,0,0,81,126,0,214
ПРОКУПЉЕ - ГРАД,Брисање по основу одјаве пребивалишта,4,12,10,5,7,8,6,7,12,10,2,15,7,6,6,13,6,6,11,5,4,6,9,5,3,5,4,10,1,7,16,3,231
ПРОКУПЉЕ - ГРАД,Брисање по основу смрти лица,13,17,10,9,8,13,12,9,15,13,10,10,14,11,15,4,18,9,16,9,14,10,5,7,14,8,12,4,13,13,3,12,350
ПРОКУПЉЕ - ГРАД,Брисање по службеној дужности,1,0,0,4,0,0,7,0,0,3,4,0,9,0,1,8,0,1,0,2,0,0,0,1,1,0,0,4,1,3,1,0,51
ПРОКУПЉЕ - ГРАД,Исправка техничке грешке,0,0,0,0,0,1,0,0,0,0,0,0,0,0,0,0,0,0,0,0,0,0,0,0,0,0,0,0,0,0,0,0,1
ПРОКУПЉЕ - ГРАД,Потврда о изборном праву,0,0,0,0,0,0,0,0,0,0,0,0,0,0,0,0,0,0,0,0,0,0,0,0,0,0,0,1,0,0,3,0,4
ПРОКУПЉЕ - ГРАД,Промена адресе боравишта интерно расељеног лица,0,0,0,0,1,1,0,0,0,0,0,0,1,0,0,0,0,0,0,0,1,0,0,1,2,0,0,0,0,1,1,0,9
ПРОКУПЉЕ - ГРАД,Промена адресе пребивалишта,16,0,0,34,12,6,8,11,6,2,26,10,17,19,11,13,12,12,6,13,13,20,15,19,10,15,16,15,12,20,21,25,435
ПРОКУПЉЕ - ГРАД,Промена личних података,3,0,0,20,3,6,11,3,4,4,13,8,9,12,11,3,11,11,4,7,5,7,8,7,6,9,3,7,8,11,23,18,255
ПРОКУПЉЕ - ГРАД,Упис за гласање по месту боравишта у земљи,0,0,0,0,0,0,0,0,0,0,0,0,0,0,0,0,0,0,0,0,0,0,0,0,0,0,0,0,0,0,7,9,16
ПРОКУПЉЕ - ГРАД,Упис за гласање по месту боравишта у иностранству,0,0,0,0,0,0,0,0,0,0,0,0,0,0,0,0,0,0,0,0,0,0,0,0,0,0,0,0,0,5,58,103,166
ПРОКУПЉЕ - ГРАД,Упис по основу последњег пребивалишта,0,0,0,0,0,0,0,0,0,0,2,0,0,0,0,0,0,0,0,0,0,0,0,0,0,0,0,0,0,0,0,0,2
ПРОКУПЉЕ - ГРАД,Упис по основу пријаве боравишта интерно расељеног лица,0,0,0,0,0,0,0,0,0,0,0,1,0,0,0,0,0,0,0,0,0,0,0,0,0,0,0,0,0,1,0,2,4
ПРОКУПЉЕ - ГРАД,Упис по основу пријаве пребивалишта,5,0,0,19,6,4,8,2,6,0,6,17,6,9,9,4,2,7,5,9,3,4,10,8,12,4,4,5,3,10,36,3,226
ПРОКУПЉЕ - ГРАД,Упис по основу пријема у држављанство,0,0,0,0,0,0,0,0,0,0,0,0,1,0,0,0,0,0,0,0,0,0,0,0,0,0,0,0,0,0,1,0,2
ПРОКУПЉЕ - ГРАД,Упис по основу стицања пунолетства,8,0,0,33,4,9,9,6,7,0,15,8,6,8,7,7,7,11,10,2,7,11,5,16,11,10,11,6,16,8,48,0,306
РАЖАЊ,Брисање по основу одјаве пребивалишта,3,3,2,0,0,3,3,5,3,0,1,1,1,1,2,1,2,2,2,0,2,1,2,1,1,2,2,1,0,5,5,0,57
РАЖАЊ,Брисање по основу смрти лица,3,3,0,1,3,3,2,3,2,5,3,1,4,1,2,3,2,1,2,2,2,2,4,3,2,4,5,1,1,1,3,3,77
РАЖАЊ,Исправка техничке грешке,0,0,0,1,0,0,0,0,0,0,0,0,0,0,0,0,0,0,0,0,0,0,0,0,0,0,0,0,0,0,0,0,1
РАЖАЊ,Промена адресе пребивалишта,9,17,9,15,18,10,10,15,16,16,9,14,10,9,9,6,7,8,8,13,7,9,10,8,14,6,13,12,22,5,13,16,363
РАЖАЊ,Промена личних података,0,0,1,0,0,0,0,0,2,0,0,2,0,0,0,2,0,1,0,0,0,0,0,0,0,1,0,0,0,0,0,2,11
РАЖАЊ,Упис за гласање по месту боравишта у земљи,0,0,0,0,0,0,0,0,0,0,0,0,0,0,0,0,0,0,0,0,0,0,0,0,0,0,0,0,0,0,2,4,6
РАЖАЊ,Упис за гласање по месту боравишта у иностранству,0,0,0,0,0,0,0,0,0,0,0,0,0,0,0,0,0,0,0,0,0,0,0,0,0,0,0,0,0,0,3,13,16
РАЖАЊ,Упис по основу пријаве пребивалишта,1,0,1,2,1,2,0,2,1,0,2,3,3,0,2,2,1,3,3,2,1,1,1,0,6,2,6,5,1,2,11,0,67
РАЖАЊ,Упис по основу стицања пунолетства,1,4,0,1,3,0,1,0,1,1,3,0,1,1,0,1,0,2,2,0,0,3,0,3,0,0,1,0,1,0,7,0,37
РАЧА,Брисање боравишта интерно расељеног лица,0,0,0,0,0,0,0,0,0,0,1,0,0,0,0,0,0,0,1,0,0,0,0,0,0,0,0,0,0,0,13,0,15
РАЧА,Брисање по основу одјаве пребивалишта,4,5,4,1,5,1,6,3,1,1,1,2,2,2,3,2,4,2,1,0,0,2,2,2,8,2,3,1,1,1,9,2,83
РАЧА,Брисање по основу отпуста из држављанства,0,1,1,2,0,0,0,0,0,0,0,0,0,0,0,0,0,0,0,0,0,0,0,0,0,0,0,0,0,0,0,0,4
РАЧА,Брисање по основу смрти лица,0,3,2,3,4,0,3,2,0,1,2,6,1,3,1,2,0,3,1,2,1,3,4,0,4,4,0,3,3,3,5,6,75
РАЧА,Промена адресе боравишта интерно расељеног лица,0,0,0,1,0,0,0,0,0,0,0,0,0,0,0,0,0,0,0,0,2,1,0,0,0,0,0,0,0,0,0,0,4
РАЧА,Промена адресе пребивалишта,6,21,13,16,16,20,12,13,0,15,17,4,18,10,7,7,10,13,6,9,2,24,13,8,6,9,17,10,12,9,7,12,362
РАЧА,Промена личних података,0,0,0,0,0,2,1,2,0,2,1,4,0,2,2,0,5,0,0,0,1,0,1,0,0,1,0,2,0,4,3,3,36
РАЧА,Упис за гласање по месту боравишта у земљи,0,0,0,0,0,0,0,0,0,0,0,0,0,0,0,0,0,0,0,0,0,0,0,0,0,0,0,0,0,0,1,3,4
РАЧА,Упис за гласање по месту боравишта у иностранству,0,0,0,0,0,0,0,0,0,0,0,0,0,0,0,0,0,0,0,0,0,0,0,0,0,0,0,0,0,0,13,36,49
РАЧА,Упис по основу пријаве боравишта интерно расељеног лица,0,0,0,0,0,0,0,0,0,0,0,0,0,0,0,0,1,0,0,0,0,0,0,0,0,0,0,0,0,1,0,0,2
РАЧА,Упис по основу пријаве пребивалишта,9,3,1,3,4,3,3,3,0,4,4,3,3,4,7,1,1,2,4,0,1,0,1,2,3,0,2,1,1,7,1,11,92
РАЧА,Упис по основу стицања пунолетства,0,3,1,1,2,3,2,8,0,4,3,1,2,2,2,1,1,2,0,3,1,2,2,2,4,0,1,1,1,6,17,0,78
РАШКА,Брисање боравишта интерно расељеног лица,0,0,0,0,0,0,0,0,0,0,0,0,0,0,0,0,0,0,0,0,0,1,0,0,0,0,0,0,0,0,11,0,12
РАШКА,Брисање по основу губитка пословне способности,0,0,0,0,0,0,0,0,0,0,0,0,0,0,0,0,0,0,0,0,0,0,0,0,0,0,0,2,0,0,0,0,2
РАШКА,Брисање по основу одјаве пребивалишта,11,12,8,8,8,4,7,6,5,7,6,4,4,5,8,3,6,4,1,3,2,1,4,7,5,4,6,9,4,15,18,12,207
РАШКА,Брисање по основу смрти лица,3,7,2,4,6,4,3,2,7,9,4,6,5,9,6,6,6,3,6,7,13,6,3,7,7,5,11,2,3,5,5,3,175
РАШКА,Брисање по службеној дужности,0,0,1,0,0,0,0,0,0,0,0,1,0,0,0,0,0,0,0,0,0,0,0,1,0,0,2,0,2,1,0,2,10
РАШКА,Исправка техничке грешке,0,0,0,0,0,0,0,0,0,0,0,0,0,0,1,1,0,0,0,0,0,0,0,0,0,0,0,0,0,0,0,0,2
РАШКА,Промена адресе боравишта интерно расељеног лица,0,0,0,0,0,1,0,0,0,0,0,0,0,0,0,0,0,0,0,0,0,0,0,0,0,0,0,0,0,0,0,0,1
РАШКА,Промена адресе пребивалишта,11,13,18,18,12,26,11,10,11,16,11,23,14,14,13,7,5,14,11,4,0,22,17,22,13,8,19,10,0,34,7,15,429
РАШКА,Промена личних података,2,3,2,1,1,0,3,4,1,4,5,1,4,5,2,3,3,5,2,1,0,2,2,2,1,0,0,4,1,10,8,3,85
РАШКА,Упис за гласање по месту боравишта у земљи,0,0,0,0,0,0,0,0,0,0,0,0,0,0,0,0,0,0,0,0,0,0,0,0,0,0,0,0,0,0,2,22,24
РАШКА,Упис за гласање по месту боравишта у иностранству,0,0,0,0,0,0,0,0,0,0,0,0,0,0,0,0,0,0,0,0,0,0,0,0,0,0,0,0,0,0,16,28,44
РАШКА,Упис по основу враћања пословне способности,0,0,0,0,0,0,0,0,0,0,0,0,0,0,0,0,0,0,0,0,0,0,0,1,0,0,0,0,0,0,0,0,1
РАШКА,Упис по основу пријаве боравишта интерно расељеног лица,0,0,0,1,0,0,0,0,0,0,0,1,1,0,0,0,0,0,0,0,0,0,0,0,0,0,0,0,0,0,0,0,3
РАШКА,Упис по основу пријаве пребивалишта,0,0,2,4,13,15,6,14,11,8,13,2,4,1,9,11,14,13,12,9,0,18,16,17,12,14,18,24,13,12,106,7,418
РАШКА,Упис по основу пријема у држављанство,0,0,0,0,0,0,0,0,0,0,0,0,0,0,0,0,0,0,0,0,0,0,1,0,0,0,0,0,0,0,0,0,1
РАШКА,Упис по основу стицања пунолетства,0,28,0,0,0,23,0,0,0,0,0,20,0,0,0,0,0,26,4,0,0,0,23,8,4,0,0,0,0,0,64,0,200
РЕКОВАЦ,Брисање по основу губитка пословне способности,0,0,0,0,0,0,0,0,0,0,0,0,0,0,0,0,1,0,0,0,0,0,0,0,0,0,0,0,0,0,0,0,1
РЕКОВАЦ,Брисање по основу одјаве пребивалишта,5,1,2,4,1,1,0,1,1,0,1,4,3,1,2,0,1,2,1,0,0,3,5,0,3,2,1,1,0,0,7,1,54
РЕКОВАЦ,Брисање по основу смрти лица,1,8,2,3,3,7,3,2,2,5,2,3,5,4,2,3,3,2,2,1,2,4,1,1,3,4,4,2,3,5,3,4,99
РЕКОВАЦ,Потврда о изборном праву,0,0,0,1,0,0,0,0,0,0,0,0,0,0,0,0,0,0,0,0,0,0,0,0,0,0,0,0,0,0,0,0,1
РЕКОВАЦ,Промена адресе пребивалишта,17,40,36,35,32,28,26,26,25,25,23,21,30,24,27,23,23,31,26,24,19,35,31,29,24,37,35,21,34,30,32,28,897
РЕКОВАЦ,Промена личних података,2,3,2,0,3,3,2,2,3,2,0,1,2,2,2,1,2,1,2,0,0,2,2,3,3,4,0,2,6,18,1,0,76
РЕКОВАЦ,Упис за гласање по месту боравишта у иностранству,0,0,0,0,0,0,0,0,0,0,0,0,0,0,0,0,0,0,0,0,0,0,0,0,0,0,0,0,0,0,13,11,24
РЕКОВАЦ,Упис по основу пријаве пребивалишта,5,2,4,1,2,0,3,1,4,2,2,1,0,2,1,0,1,2,1,0,0,1,4,2,3,2,7,3,1,5,9,2,73
РЕКОВАЦ,Упис по основу стицања пунолетства,4,1,0,1,1,0,0,0,0,1,1,0,0,1,0,2,0,1,0,6,0,2,1,1,1,0,0,2,1,0,12,0,39
РУМА,Брисање боравишта интерно расељеног лица,0,0,0,0,0,0,1,0,0,0,0,0,0,0,0,0,0,0,0,0,0,0,0,0,0,0,0,0,0,0,0,0,1
РУМА,Брисање по основу губитка пословне способности,5,0,0,0,0,0,0,0,0,0,0,0,0,0,0,0,0,0,0,0,1,0,0,0,0,0,0,0,0,0,0,0,6
РУМА,Брисање по основу одјаве пребивалишта,1,13,8,6,8,6,6,5,13,8,7,14,8,9,7,4,6,5,7,5,3,11,4,6,9,6,6,9,4,7,39,5,255
РУМА,Брисање по основу отпуста из држављанства,0,0,0,1,0,0,0,0,0,0,0,0,0,0,0,0,0,0,0,0,0,0,0,0,0,0,0,0,0,0,0,0,1
РУМА,Брисање по основу смрти лица,12,12,16,21,22,11,10,0,29,15,15,23,16,9,11,12,8,16,18,17,20,9,15,15,16,21,12,13,11,10,9,12,456
РУМА,Брисање по службеној дужности,1,0,17,0,8,5,4,0,0,0,11,14,0,8,1,1,0,0,0,0,6,5,1,7,2,0,13,0,17,2,0,1,124
РУМА,Исправка техничке грешке,0,0,0,3,0,0,0,0,0,0,0,0,0,0,0,0,0,0,0,0,0,0,0,1,1,0,0,0,1,2,1,2,11
РУМА,Потврда о изборном праву,0,0,0,0,0,0,0,0,0,0,0,0,0,0,0,0,0,0,0,0,0,0,0,0,0,0,0,0,0,0,1,0,1
РУМА,Потврда о упису у бирачки списак,0,0,0,1,0,0,0,0,0,0,0,0,0,0,0,0,0,0,0,0,0,0,0,0,0,0,0,0,0,0,0,0,1
РУМА,Промена адресе пребивалишта,22,3,39,32,57,66,56,0,48,25,20,32,37,26,47,39,0,0,0,0,94,62,26,52,47,40,35,41,85,158,162,208,1559
РУМА,Промена личних података,3,2,4,1,1,0,6,0,3,5,6,4,10,9,5,14,4,7,5,6,10,6,7,5,6,8,5,4,8,11,10,22,197
РУМА,Упис за гласање по месту боравишта у земљи,0,0,0,0,0,0,0,0,0,0,0,0,0,0,0,0,0,0,0,0,0,0,0,0,0,0,0,0,0,0,11,19,30
РУМА,Упис за гласање по месту боравишта у иностранству,0,0,0,0,0,0,0,0,0,0,0,0,0,0,0,0,0,0,0,0,0,0,0,0,0,0,0,0,0,21,129,161,311
РУМА,Упис по основу последњег пребивалишта,0,0,0,0,0,0,0,0,0,0,0,0,0,0,0,0,0,0,0,0,0,0,0,0,0,0,0,0,0,0,0,2,2
РУМА,Упис по основу пријаве пребивалишта,8,4,38,11,16,8,19,0,29,16,23,11,20,9,6,8,0,0,0,0,45,17,12,23,15,21,14,13,12,45,52,8,503
РУМА,Упис по основу пријема у држављанство,1,0,0,0,0,0,0,0,0,0,0,0,0,0,0,0,0,0,0,0,1,0,0,1,0,0,0,0,0,0,0,0,3
РУМА,Упис по основу стицања пунолетства,5,5,14,7,7,9,4,0,14,6,3,8,8,14,8,7,9,4,8,17,21,14,12,9,19,5,11,11,10,9,74,0,352
СЈЕНИЦА,Брисање по основу одјаве пребивалишта,1,1,1,1,1,1,2,3,0,6,5,3,3,1,2,8,4,4,8,3,5,6,5,2,7,3,3,1,1,11,4,6,112
СЈЕНИЦА,Брисање по основу отпуста из држављанства,0,0,0,0,0,1,0,0,0,1,0,0,0,0,0,0,0,0,0,0,0,0,1,0,0,0,1,0,1,0,0,0,5
СЈЕНИЦА,Брисање по основу смрти лица,5,5,7,9,4,3,9,2,6,5,4,15,5,5,2,12,7,4,5,3,17,3,4,4,5,10,1,2,8,7,9,8,195
СЈЕНИЦА,Потврда о упису у бирачки списак,0,0,0,0,1,0,0,0,0,0,0,0,0,0,0,0,0,0,0,0,0,0,0,0,0,0,0,0,0,0,0,0,1
СЈЕНИЦА,Промена адресе пребивалишта,57,97,52,68,53,94,105,68,56,95,50,69,90,68,33,15,133,77,68,60,97,99,101,127,92,93,63,78,57,89,80,80,2464
СЈЕНИЦА,Промена личних података,3,2,2,1,2,2,6,3,0,2,2,2,3,2,0,2,3,2,4,7,1,0,7,11,7,6,2,3,4,10,93,3,197
СЈЕНИЦА,Упис за гласање по месту боравишта у земљи,0,0,0,0,0,0,0,0,0,0,0,0,0,0,0,0,0,0,0,0,0,0,0,0,0,0,0,0,0,0,0,1,1
СЈЕНИЦА,Упис за гласање по месту боравишта у иностранству,0,0,0,0,0,0,0,0,0,0,0,0,0,0,0,0,0,0,0,0,0,0,0,0,0,0,0,0,0,0,30,53,83
СЈЕНИЦА,Упис по основу пријаве пребивалишта,0,0,0,0,0,0,0,0,0,3,3,5,0,0,5,0,41,13,34,15,9,2,8,3,1,0,6,21,0,0,6,8,183
СЈЕНИЦА,Упис по основу пријема у држављанство,0,0,0,0,0,0,0,0,0,0,0,0,0,0,0,0,1,0,0,1,0,0,0,0,0,0,0,0,0,0,0,0,2
СЈЕНИЦА,Упис по основу стицања пунолетства,7,8,11,5,4,20,10,8,11,11,9,5,9,8,7,1,0,0,0,3,9,14,9,5,9,7,5,7,10,7,56,1,276
СВИЛАЈНАЦ,Брисање боравишта интерно расељеног лица,0,0,0,0,0,0,0,0,0,0,0,0,0,0,0,0,0,0,0,0,0,0,0,0,0,0,0,0,0,0,0,18,18
СВИЛАЈНАЦ,Брисање по основу губитка пословне способности,0,1,0,0,1,1,0,0,0,0,0,0,0,0,0,0,0,0,0,2,0,0,0,0,0,0,0,0,0,0,0,0,5
СВИЛАЈНАЦ,Брисање по основу одјаве пребивалишта,8,10,4,1,6,7,5,10,3,2,2,4,7,3,5,4,4,1,10,1,1,3,3,2,4,1,2,3,1,8,12,2,139
СВИЛАЈНАЦ,Брисање по основу отпуста из држављанства,0,1,2,0,0,0,0,0,0,0,0,0,0,0,0,0,0,0,0,0,0,0,0,0,0,0,4,1,0,0,0,0,8
СВИЛАЈНАЦ,Брисање по основу смрти лица,6,6,8,8,17,9,11,5,6,14,2,9,12,10,6,7,9,3,11,11,4,8,7,8,9,6,6,7,7,4,12,2,250
СВИЛАЈНАЦ,Брисање по службеној дужности,0,0,0,0,4,0,3,4,0,1,0,0,0,0,0,0,3,0,0,0,0,0,0,0,1,0,5,0,0,1,2,0,24
СВИЛАЈНАЦ,Исправка техничке грешке,0,1,0,0,0,0,0,0,1,2,0,0,0,0,0,0,0,0,0,0,0,0,0,0,0,0,0,0,0,0,1,1,6
СВИЛАЈНАЦ,Потврда о изборном праву,0,0,0,0,0,0,0,0,0,0,0,0,0,0,0,0,0,0,0,0,0,0,0,0,0,0,0,0,0,0,4,0,4
СВИЛАЈНАЦ,Промена адресе боравишта интерно расељеног лица,0,0,0,0,0,0,0,0,0,0,0,0,0,0,0,0,0,0,1,0,0,0,0,0,0,0,0,0,0,0,0,0,1
СВИЛАЈНАЦ,Промена адресе пребивалишта,10,28,19,27,14,15,20,64,62,397,123,22,34,30,13,23,19,19,12,19,6,18,38,35,49,30,32,23,24,22,18,21,1286
СВИЛАЈНАЦ,Промена личних података,1,0,1,3,3,1,1,4,1,6,9,4,5,6,1,3,1,1,4,1,0,1,40,95,15,23,4,1,5,325,3,3,571
СВИЛАЈНАЦ,Упис за гласање по месту боравишта у земљи,0,0,0,0,0,0,0,0,0,0,0,0,0,0,0,0,0,0,0,0,0,0,0,0,0,0,0,0,0,0,1,4,5
СВИЛАЈНАЦ,Упис за гласање по месту боравишта у иностранству,0,0,0,0,0,0,0,0,0,0,0,0,0,0,0,0,0,0,0,0,0,0,0,0,0,0,0,0,0,3,22,102,127
СВИЛАЈНАЦ,Упис по основу пријаве боравишта интерно расељеног лица,0,0,0,0,0,1,0,0,0,1,0,0,0,0,0,0,0,0,0,0,0,0,0,0,0,0,0,0,0,0,0,0,2
СВИЛАЈНАЦ,Упис по основу пријаве пребивалишта,4,11,4,4,3,7,4,5,2,6,11,4,2,5,3,9,2,3,5,2,2,2,6,11,10,8,8,8,8,26,2,0,187
СВИЛАЈНАЦ,Упис по основу пријема у држављанство,0,0,0,0,0,0,0,0,0,0,0,0,0,0,0,0,1,0,0,0,0,0,0,1,1,1,1,2,0,0,0,0,7
СВИЛАЈНАЦ,Упис по основу стицања пунолетства,11,7,5,2,5,3,3,1,9,3,2,4,6,3,3,5,2,5,6,4,3,5,3,4,11,2,9,4,5,3,28,0,166
СВРЉИГ,Брисање боравишта интерно расељеног лица,0,0,0,0,0,0,0,0,0,0,0,0,0,0,0,0,0,0,0,0,0,0,0,0,0,0,0,1,0,0,0,0,1
СВРЉИГ,Брисање по основу губитка пословне способности,0,0,0,0,1,0,0,0,0,0,0,0,0,0,0,0,0,0,0,0,0,0,0,0,0,0,0,0,0,0,0,0,1
СВРЉИГ,Брисање по основу одјаве пребивалишта,3,6,5,1,3,2,3,2,2,3,7,2,1,0,1,0,2,1,5,1,0,2,0,1,3,1,2,3,2,6,11,0,81
СВРЉИГ,Брисање по основу смрти лица,3,7,1,10,9,7,7,1,1,8,5,6,3,7,2,6,3,2,0,0,11,3,4,3,3,3,4,1,3,7,6,2,138
СВРЉИГ,Брисање по службеној дужности,0,0,0,0,0,0,0,0,0,0,0,0,0,0,0,0,0,0,0,0,0,0,0,0,0,0,0,1,0,0,0,0,1
СВРЉИГ,Потврда о изборном праву,0,0,0,0,0,0,0,0,0,0,0,0,0,0,0,0,0,0,0,0,0,0,0,0,0,0,0,0,0,0,0,11,11
СВРЉИГ,Промена адресе пребивалишта,13,24,20,12,21,14,11,6,5,24,3,14,6,11,10,9,7,4,0,0,36,13,13,5,10,7,15,7,9,12,8,15,364
СВРЉИГ,Промена личних података,0,0,0,2,0,2,1,2,0,1,0,0,2,2,2,0,0,0,0,0,1,0,1,0,1,0,1,0,0,4,4,1,27
СВРЉИГ,Упис за гласање по месту боравишта у земљи,0,0,0,0,0,0,0,0,0,0,0,0,0,0,0,0,0,0,0,0,0,0,0,0,0,0,0,0,0,0,3,3,6
СВРЉИГ,Упис за гласање по месту боравишта у иностранству,0,0,0,0,0,0,0,0,0,0,0,0,0,0,0,0,0,0,0,0,0,0,0,0,0,0,0,0,0,0,11,27,38
СВРЉИГ,Упис по основу пријаве пребивалишта,3,0,0,1,6,1,3,0,2,1,1,2,0,3,0,0,6,2,0,0,6,1,0,4,2,0,0,6,0,1,12,1,64
СВРЉИГ,Упис по основу пријема у држављанство,0,0,0,0,0,0,0,0,0,1,0,0,0,0,0,0,0,0,0,0,0,0,0,0,0,0,0,0,0,0,0,0,1
СВРЉИГ,Упис по основу стицања пунолетства,3,0,0,1,4,1,0,1,1,3,2,2,3,2,2,2,1,0,0,0,6,1,3,2,2,2,3,1,2,1,10,0,61
СЕНТА,Брисање по основу губитка пословне способности,0,0,0,0,0,0,0,0,0,1,0,0,0,0,0,0,0,0,0,0,0,3,0,0,0,0,0,0,0,0,0,0,4
СЕНТА,Брисање по основу одјаве пребивалишта,4,1,4,2,0,5,2,6,3,4,4,0,8,8,1,0,2,1,3,3,3,2,4,3,2,2,2,5,2,2,9,6,103
СЕНТА,Брисање по основу отпуста из држављанства,0,0,3,1,1,0,0,0,0,0,0,0,0,0,0,0,0,0,0,0,0,0,0,0,0,2,0,0,0,0,0,0,7
СЕНТА,Брисање по основу смрти лица,7,7,4,5,4,9,5,3,10,5,4,4,5,2,10,3,8,2,7,11,9,4,3,3,7,4,4,8,7,5,5,6,180
СЕНТА,Исправка техничке грешке,0,0,0,1,0,0,0,0,0,0,0,0,0,0,0,0,0,0,0,0,0,0,0,0,0,0,0,0,0,0,0,0,1
СЕНТА,Промена адресе пребивалишта,4,8,1,5,6,6,4,11,5,2,5,9,8,1,4,0,14,6,11,8,9,13,5,3,12,11,10,7,4,8,6,10,216
СЕНТА,Промена личних података,2,0,0,4,3,5,1,2,0,1,2,3,5,2,4,0,6,3,3,4,4,2,3,3,7,2,4,3,12,11,6,9,116
СЕНТА,Упис за гласање по месту боравишта у земљи,0,0,0,0,0,0,0,0,0,0,0,0,0,0,0,0,0,0,0,0,0,0,0,0,0,0,0,0,0,0,1,1,2
СЕНТА,Упис за гласање по месту боравишта у иностранству,0,0,0,0,0,0,0,0,0,0,0,0,0,0,0,0,0,0,0,0,0,0,0,0,0,0,0,0,0,0,11,18,29
СЕНТА,Упис по основу пријаве пребивалишта,2,1,7,5,3,3,1,4,5,2,3,2,5,3,2,0,9,6,3,1,3,4,1,0,2,3,5,2,2,1,16,2,108
СЕНТА,Упис по основу пријема у држављанство,0,0,0,0,0,0,0,0,0,0,0,0,0,0,0,0,0,0,0,0,1,0,0,0,0,0,0,0,0,0,0,0,1
СЕНТА,Упис по основу стицања пунолетства,3,6,2,3,6,4,6,4,3,5,4,3,3,7,5,0,9,4,2,8,7,9,4,7,2,5,3,7,4,6,27,0,168
СЕЧАЊ,Брисање по основу одјаве пребивалишта,2,5,5,1,2,2,1,2,5,5,1,6,4,3,1,1,0,1,1,3,1,2,6,1,2,2,4,4,0,4,11,6,94
СЕЧАЊ,Брисање по основу смрти лица,2,4,2,3,6,0,3,3,3,2,3,3,6,3,6,0,3,4,6,2,3,4,5,0,2,2,0,6,2,3,1,2,94
СЕЧАЊ,Брисање по службеној дужности,0,0,0,0,0,2,0,0,0,0,0,0,0,0,0,0,0,0,0,0,0,0,0,0,0,0,0,0,0,0,1,0,3
СЕЧАЊ,Исправка техничке грешке,0,0,0,0,0,0,0,0,0,0,0,0,0,0,0,0,0,0,0,0,0,0,0,0,0,0,0,0,0,2,0,0,2
СЕЧАЊ,Промена адресе пребивалишта,3,0,0,0,0,9,16,2,2,7,1,2,4,4,1,2,0,2,0,3,5,0,0,0,7,0,0,9,3,1,7,7,97
СЕЧАЊ,Промена гласања по месту боравишта у иностранству,0,0,0,0,0,0,0,0,0,0,0,0,0,0,0,0,0,0,0,0,0,0,0,0,0,0,0,0,0,0,0,1,1
СЕЧАЊ,Промена личних података,0,0,0,0,0,2,0,0,2,0,0,1,3,1,3,0,3,1,2,1,1,0,0,0,4,1,0,1,3,35,3,1,68
СЕЧАЊ,Упис за гласање по месту боравишта у иностранству,0,0,0,0,0,0,0,0,0,0,0,0,0,0,0,0,0,0,0,0,0,0,0,0,0,0,0,0,0,0,17,24,41
СЕЧАЊ,Упис по основу пријаве пребивалишта,1,0,0,0,0,10,0,1,2,4,2,3,4,4,3,0,7,2,4,1,1,0,0,0,7,0,0,2,1,1,8,7,75
СЕЧАЊ,Упис по основу стицања пунолетства,1,0,0,0,0,4,9,3,2,1,2,3,1,1,0,0,3,2,1,2,2,0,0,0,16,0,0,9,1,4,13,0,80
СМЕДЕРЕВО - ГРАД,Брисање боравишта интерно расељеног лица,2,2,2,0,0,0,1,1,0,0,1,0,0,2,0,0,0,0,1,1,0,0,1,1,1,1,0,0,0,0,22,14,53
СМЕДЕРЕВО - ГРАД,Брисање по основу губитка пословне способности,0,0,1,0,0,0,0,0,0,0,0,0,0,0,0,2,1,0,0,0,0,0,1,0,0,0,0,0,0,5,2,0,12
СМЕДЕРЕВО - ГРАД,Брисање по основу дуплог уписа,0,1,0,0,0,0,0,1,0,0,0,0,0,0,0,1,0,0,0,0,0,0,0,0,2,0,0,1,0,0,0,0,6
СМЕДЕРЕВО - ГРАД,Брисање по основу одјаве пребивалишта,15,32,23,17,11,13,13,14,22,11,10,16,8,15,15,7,7,14,13,10,6,8,9,16,18,10,10,16,5,17,43,20,464
СМЕДЕРЕВО - ГРАД,Брисање по основу отпуста из држављанства,0,5,4,0,1,0,0,0,0,0,0,0,0,0,0,0,1,0,0,0,1,0,0,1,0,5,0,1,0,2,0,0,21
СМЕДЕРЕВО - ГРАД,Брисање по основу смрти лица,35,35,20,23,26,30,23,28,30,25,34,27,31,32,33,28,23,23,25,33,27,33,34,21,32,28,23,31,29,28,25,22,897
СМЕДЕРЕВО - ГРАД,Брисање по службеној дужности,5,1,3,2,0,4,0,0,5,1,4,0,1,1,0,2,1,1,9,8,3,7,6,5,2,3,0,3,0,8,4,0,89
СМЕДЕРЕВО - ГРАД,Промена адресе боравишта интерно расељеног лица,0,1,2,0,0,4,2,0,1,1,0,0,0,1,0,1,0,0,4,0,2,2,1,0,0,0,1,1,0,1,1,0,26
СМЕДЕРЕВО - ГРАД,Промена адресе пребивалишта,23,64,302,620,740,100,550,460,410,597,124,157,359,450,490,380,610,70,540,165,505,181,154,69,245,103,42,165,94,45,51,38,8903
СМЕДЕРЕВО - ГРАД,Промена личних података,6,28,24,41,53,11,21,43,41,60,32,31,308,72,43,46,76,22,59,13,49,81,130,255,63,22,23,32,54,388,135,17,2279
СМЕДЕРЕВО - ГРАД,Упис за гласање по месту боравишта у земљи,0,0,0,0,0,0,0,0,0,0,0,0,0,0,0,0,0,0,0,0,0,0,0,0,0,0,0,0,0,0,2,4,6
СМЕДЕРЕВО - ГРАД,Упис за гласање по месту боравишта у иностранству,0,0,0,0,0,0,0,0,0,0,0,0,0,0,0,0,0,0,0,0,0,0,0,0,0,0,0,0,0,0,191,326,517
СМЕДЕРЕВО - ГРАД,Упис по основу последњег пребивалишта,0,0,0,0,0,0,0,0,0,0,0,0,0,0,0,0,0,0,0,0,0,0,0,0,0,0,0,0,0,0,0,1,1
СМЕДЕРЕВО - ГРАД,Упис по основу пријаве боравишта интерно расељеног лица,0,1,3,2,2,5,1,5,1,4,3,3,0,2,0,5,2,0,0,3,1,0,0,1,0,0,0,1,1,0,2,1,49
СМЕДЕРЕВО - ГРАД,Упис по основу пријаве пребивалишта,21,27,18,15,16,14,15,18,8,13,17,9,7,10,9,4,15,12,13,10,8,9,14,15,13,20,12,11,4,18,68,6,469
СМЕДЕРЕВО - ГРАД,Упис по основу пријема у држављанство,0,1,2,0,0,0,0,4,0,0,0,2,0,0,1,0,0,0,1,0,0,0,0,0,0,0,0,1,0,0,2,0,14
СМЕДЕРЕВО - ГРАД,Упис по основу стицања пунолетства,19,20,27,15,21,18,23,18,22,25,16,17,17,30,22,18,20,26,24,27,17,25,31,20,27,31,21,25,21,18,107,77,845
СМЕДЕРЕВСКА ПАЛАНКА,Брисање боравишта интерно расељеног лица,0,3,0,0,0,0,0,1,1,0,0,0,1,1,0,0,0,0,0,0,0,0,1,0,0,0,0,0,3,0,2,0,13
СМЕДЕРЕВСКА ПАЛАНКА,Брисање по основу губитка пословне способности,0,5,6,0,0,0,0,0,0,0,0,0,0,0,0,0,0,0,0,0,0,0,0,0,0,0,0,0,0,0,0,0,11
СМЕДЕРЕВСКА ПАЛАНКА,Брисање по основу дуплог уписа,0,0,0,0,0,0,0,0,0,0,0,0,0,0,0,0,0,0,0,0,0,0,0,0,0,0,0,0,1,0,0,0,1
СМЕДЕРЕВСКА ПАЛАНКА,Брисање по основу одјаве пребивалишта,14,16,7,6,18,5,8,4,9,8,5,11,4,10,9,5,7,8,9,5,7,5,4,6,5,7,8,8,3,9,24,8,262
СМЕДЕРЕВСКА ПАЛАНКА,Брисање по основу отпуста из држављанства,0,0,0,0,0,0,0,0,0,0,0,0,0,0,1,0,0,1,0,0,0,0,0,0,0,0,0,0,0,0,0,0,2
СМЕДЕРЕВСКА ПАЛАНКА,Брисање по основу смрти лица,29,20,16,22,0,0,50,11,11,14,8,10,15,22,16,6,8,9,11,19,10,12,10,11,19,7,0,0,38,13,11,8,436
СМЕДЕРЕВСКА ПАЛАНКА,Брисање по службеној дужности,0,10,0,5,0,0,0,1,2,5,0,0,0,0,0,0,1,0,0,0,0,1,0,1,0,0,0,0,5,3,1,1,36
СМЕДЕРЕВСКА ПАЛАНКА,Исправка техничке грешке,0,0,0,1,0,0,0,0,1,0,0,1,0,0,0,0,0,1,0,0,0,0,0,0,1,0,0,0,1,0,0,0,6
СМЕДЕРЕВСКА ПАЛАНКА,Потврда о упису у бирачки списак,0,2,0,0,0,0,0,0,0,0,0,0,0,0,0,0,0,0,0,0,0,0,0,0,0,0,0,0,0,0,0,0,2
СМЕДЕРЕВСКА ПАЛАНКА,Промена адресе боравишта интерно расељеног лица,0,0,0,0,0,0,0,0,1,0,1,0,1,0,0,0,0,0,0,0,0,0,0,0,0,0,0,0,1,0,1,0,5
СМЕДЕРЕВСКА ПАЛАНКА,Промена адресе пребивалишта,61,83,40,84,0,1,5,71,54,151,38,52,18,20,123,0,27,31,13,18,17,64,44,76,42,20,0,0,227,47,72,60,1559
СМЕДЕРЕВСКА ПАЛАНКА,Промена гласања по месту боравишта у иностранству,0,0,0,0,0,0,0,0,0,0,0,0,0,0,0,0,0,0,0,0,0,0,0,0,0,0,0,0,0,0,0,2,2
СМЕДЕРЕВСКА ПАЛАНКА,Промена личних података,3,3,5,4,0,2,0,11,2,6,3,8,3,0,15,4,11,1,0,1,0,3,0,0,2,21,0,0,19,8,13,7,155
СМЕДЕРЕВСКА ПАЛАНКА,Упис за гласање по месту боравишта у земљи,0,0,0,0,0,0,0,0,0,0,0,0,0,0,0,0,0,0,0,0,0,0,0,0,0,0,0,0,0,2,4,10,16
СМЕДЕРЕВСКА ПАЛАНКА,Упис за гласање по месту боравишта у иностранству,0,0,0,0,0,0,0,0,0,0,0,0,0,0,0,0,0,0,0,0,0,0,0,0,0,0,0,0,0,0,60,158,218
СМЕДЕРЕВСКА ПАЛАНКА,Упис по основу враћања пословне способности,0,0,0,0,0,1,0,0,0,0,0,0,0,0,1,0,0,0,0,0,0,0,0,0,0,0,0,0,0,0,0,0,2
СМЕДЕРЕВСКА ПАЛАНКА,Упис по основу пријаве боравишта интерно расељеног лица,1,0,0,0,0,0,0,0,0,0,1,0,0,0,0,0,0,0,0,0,0,0,0,0,0,0,0,0,0,1,0,0,3
СМЕДЕРЕВСКА ПАЛАНКА,Упис по основу пријаве пребивалишта,9,31,1,4,1,4,6,15,12,11,2,14,9,5,16,2,11,6,4,6,5,13,4,15,19,6,0,0,35,4,48,5,323
СМЕДЕРЕВСКА ПАЛАНКА,Упис по основу пријема у држављанство,0,0,0,1,0,0,0,1,0,0,0,0,0,0,0,0,0,1,0,0,0,0,0,0,0,1,0,0,0,0,0,0,4
СМЕДЕРЕВСКА ПАЛАНКА,Упис по основу стицања пунолетства,10,23,33,0,0,0,0,0,0,12,6,8,1,1,9,0,11,6,6,3,9,20,9,15,9,6,0,0,61,8,72,0,338
СОКОБАЊА,Брисање боравишта интерно расељеног лица,0,0,0,0,0,8,0,0,0,0,0,0,0,0,0,3,0,0,0,2,0,0,1,0,0,1,0,0,1,0,0,0,16
СОКОБАЊА,Брисање по основу губитка пословне способности,0,0,0,0,0,0,0,0,1,0,0,0,0,0,0,1,0,0,0,0,0,0,0,0,0,0,0,0,0,0,0,0,2
СОКОБАЊА,Брисање по основу одјаве пребивалишта,3,1,5,4,1,2,3,0,3,2,0,4,2,2,1,1,2,3,3,2,3,2,7,3,2,5,4,2,4,10,9,3,98
СОКОБАЊА,Брисање по основу отпуста из држављанства,0,0,0,0,0,0,0,0,0,0,0,0,0,0,0,0,0,0,0,0,0,0,0,1,0,0,0,0,0,0,0,0,1
СОКОБАЊА,Брисање по основу смрти лица,2,6,5,9,4,7,4,6,3,9,5,4,2,8,5,6,9,4,1,3,3,3,7,1,6,9,5,2,8,1,4,3,154
СОКОБАЊА,Брисање по службеној дужности,0,0,3,3,0,0,0,0,0,0,0,0,2,0,0,0,0,0,0,0,0,0,0,0,0,0,1,0,1,0,0,0,10
СОКОБАЊА,Исправка техничке грешке,0,0,0,0,0,0,0,0,0,0,0,0,0,0,0,0,2,0,0,0,0,0,0,0,0,0,0,0,0,0,0,0,2
СОКОБАЊА,Потврда о изборном праву,0,0,0,0,0,0,0,0,0,0,0,0,0,0,0,0,0,0,0,0,0,0,0,0,0,0,0,0,0,1,4,0,5
СОКОБАЊА,Промена адресе боравишта интерно расељеног лица,0,0,0,0,0,0,0,0,0,0,0,0,0,0,0,0,0,0,0,0,0,0,3,0,0,0,0,0,0,0,0,0,3
СОКОБАЊА,Промена адресе пребивалишта,0,6,2,4,5,1,3,2,2,4,3,2,3,2,2,2,3,1,2,4,5,31,40,63,64,162,109,22,78,255,92,43,1017
СОКОБАЊА,Промена личних података,0,1,2,1,2,0,1,0,0,0,3,2,3,1,1,2,4,1,0,0,1,4,3,12,0,9,1,1,8,10,22,11,106
СОКОБАЊА,Упис за гласање по месту боравишта у земљи,0,0,0,0,0,0,0,0,0,0,0,0,0,0,0,0,0,0,0,0,0,0,0,0,0,0,0,0,0,0,7,13,20
СОКОБАЊА,Упис за гласање по месту боравишта у иностранству,0,0,0,0,0,0,0,0,0,0,0,0,0,0,0,0,0,0,0,0,0,0,0,0,0,0,0,0,0,0,33,26,59
СОКОБАЊА,Упис по основу последњег пребивалишта,0,0,0,0,0,0,0,0,0,0,0,0,0,0,0,0,0,0,0,0,0,0,0,0,0,0,0,0,0,0,0,1,1
СОКОБАЊА,Упис по основу пријаве боравишта интерно расељеног лица,0,0,0,0,0,0,0,0,0,0,0,0,0,1,0,0,0,0,0,1,0,0,0,0,0,0,0,0,1,0,2,0,5
СОКОБАЊА,Упис по основу пријаве пребивалишта,0,5,7,5,8,1,0,2,0,8,3,5,3,3,4,1,0,1,0,4,0,4,0,3,3,4,0,0,2,2,13,0,91
СОКОБАЊА,Упис по основу пријема у држављанство,1,0,0,0,2,0,0,0,0,0,0,0,0,0,0,0,0,0,1,0,0,0,0,0,0,0,1,0,0,0,0,1,6
СОКОБАЊА,Упис по основу стицања пунолетства,0,2,0,4,2,4,2,0,3,2,2,1,1,2,0,1,2,3,2,5,4,2,4,2,5,2,3,1,4,5,11,0,81
СОМБОР - ГРАД,Брисање боравишта интерно расељеног лица,0,0,0,0,0,0,0,0,0,0,0,0,0,0,16,0,0,0,0,0,0,0,0,0,0,0,0,0,0,0,0,0,16
СОМБОР - ГРАД,Брисање по основу губитка пословне способности,0,0,0,0,0,0,0,0,0,0,0,0,0,0,0,0,8,0,0,0,0,0,0,0,0,0,0,0,0,0,1,0,9
СОМБОР - ГРАД,Брисање по основу одјаве пребивалишта,12,11,16,12,8,25,4,5,12,9,8,12,13,8,11,4,11,11,8,3,2,8,9,9,9,15,5,12,6,17,35,23,353
СОМБОР - ГРАД,Брисање по основу отпуста из држављанства,0,0,0,0,0,1,0,0,0,0,0,0,1,0,0,0,0,1,1,0,0,0,0,0,0,0,0,0,0,0,0,0,4
СОМБОР - ГРАД,Брисање по основу смрти лица,21,21,23,21,27,25,21,23,32,18,15,28,32,24,23,40,27,23,21,19,24,21,24,0,38,25,18,20,27,31,19,22,753
СОМБОР - ГРАД,Брисање по службеној дужности,4,0,9,2,0,0,3,13,0,6,0,0,14,0,4,10,17,12,5,0,9,0,5,0,7,0,1,0,0,9,0,0,130
СОМБОР - ГРАД,Исправка техничке грешке,0,0,0,0,0,0,0,0,0,0,0,0,0,1,0,1,0,0,0,0,0,0,0,0,0,0,1,0,0,0,0,0,3
СОМБОР - ГРАД,Потврда о изборном праву,0,0,0,0,0,0,0,0,0,0,0,0,0,0,0,0,0,0,0,0,0,0,0,0,0,0,0,0,0,1,0,0,1
СОМБОР - ГРАД,Промена адресе пребивалишта,20,21,31,35,31,33,38,22,24,30,36,34,44,32,45,28,29,40,34,36,45,11,33,0,59,41,38,37,14,63,56,52,1092
СОМБОР - ГРАД,Промена гласања по месту боравишта у иностранству,0,0,0,0,0,0,0,0,0,0,0,0,0,0,0,0,0,0,0,0,0,0,0,0,0,0,0,0,0,0,5,1,6
СОМБОР - ГРАД,Промена личних података,4,5,9,3,3,4,4,2,2,17,8,10,12,6,9,9,9,3,7,7,6,5,7,0,10,10,4,8,3,19,8,15,228
СОМБОР - ГРАД,Упис за гласање по месту боравишта у земљи,0,0,0,0,0,0,0,0,0,0,0,0,0,0,0,0,0,0,0,0,0,0,0,0,0,0,0,0,0,0,1,15,16
СОМБОР - ГРАД,Упис за гласање по месту боравишта у иностранству,0,0,0,0,0,0,0,0,0,0,0,0,0,0,0,0,0,0,0,0,0,0,0,0,0,0,0,0,0,0,161,226,387
СОМБОР - ГРАД,Упис по основу враћања пословне способности,0,0,0,0,0,0,0,0,0,0,0,0,0,0,0,0,0,0,0,0,0,0,0,0,0,0,0,0,0,0,0,1,1
СОМБОР - ГРАД,Упис по основу последњег пребивалишта,0,0,0,0,0,0,0,0,0,0,0,0,0,0,0,0,0,0,0,0,0,0,0,0,0,0,0,0,0,0,1,0,1
СОМБОР - ГРАД,Упис по основу пријаве пребивалишта,18,14,11,9,8,9,12,10,4,11,10,15,14,10,17,13,8,8,14,8,3,13,12,0,25,11,12,13,7,15,46,13,393
СОМБОР - ГРАД,Упис по основу пријема у држављанство,0,0,1,2,0,0,4,0,1,0,2,0,5,3,4,2,1,0,4,0,0,0,5,0,4,2,4,2,1,8,4,0,59
СОМБОР - ГРАД,Упис по основу стицања пунолетства,10,15,20,13,18,9,11,3,11,10,9,20,11,13,15,14,16,21,18,16,22,7,14,0,46,10,20,20,11,12,95,2,532
СРБИЦА,Брисање по основу одјаве пребивалишта,1,0,0,0,0,0,0,0,0,0,0,0,0,0,0,0,0,0,0,1,0,0,0,0,0,0,0,0,0,0,1,0,3
СРБИЦА,Брисање по основу смрти лица,0,0,1,0,0,0,0,0,0,0,0,0,0,0,0,0,0,0,0,0,0,0,0,0,0,0,0,0,0,0,0,0,1
СРБИЦА,Упис за гласање по месту боравишта у земљи,0,0,0,0,0,0,0,0,0,0,0,0,0,0,0,0,0,0,0,0,0,0,0,0,0,0,0,0,0,0,13,0,13
СРБОБРАН,Брисање по основу губитка пословне способности,0,0,0,0,0,0,0,0,0,0,0,0,0,0,0,0,0,1,0,0,0,0,0,0,0,0,0,2,0,0,0,0,3
СРБОБРАН,Брисање по основу одјаве пребивалишта,6,4,7,7,3,3,4,2,2,5,4,2,5,1,2,4,1,3,1,2,1,1,2,2,2,5,0,1,0,8,9,3,102
СРБОБРАН,Брисање по основу смрти лица,3,4,2,2,6,2,5,0,2,3,2,2,4,7,6,4,3,10,3,2,3,6,4,0,6,2,2,6,2,5,4,6,118
СРБОБРАН,Брисање по службеној дужности,4,0,0,3,0,1,3,0,0,0,0,6,1,0,1,0,0,0,2,1,0,0,0,2,3,0,0,2,3,0,0,0,32
СРБОБРАН,Исправка техничке грешке,0,0,0,0,0,0,0,0,0,0,0,0,0,0,0,1,0,0,0,0,0,0,0,0,0,0,0,0,0,0,0,0,1
СРБОБРАН,Промена адресе пребивалишта,2,6,3,7,1,3,6,0,7,3,8,3,2,0,6,4,0,0,4,4,1,7,6,4,7,7,2,3,1,2,6,4,119
СРБОБРАН,Промена личних података,1,2,3,0,1,1,2,0,0,3,5,1,2,4,4,2,2,4,5,2,2,0,2,3,5,1,9,2,4,2,5,2,81
СРБОБРАН,Упис за гласање по месту боравишта у земљи,0,0,0,0,0,0,0,0,0,0,0,0,0,0,0,0,0,0,0,0,0,0,0,0,0,0,0,0,0,0,1,3,4
СРБОБРАН,Упис за гласање по месту боравишта у иностранству,0,0,0,0,0,0,0,0,0,0,0,0,0,0,0,0,0,0,0,0,0,0,0,0,0,0,0,0,0,0,15,27,42
СРБОБРАН,Упис по основу пријаве пребивалишта,3,0,5,5,3,4,2,0,5,6,9,1,2,5,9,0,4,2,7,2,2,6,5,8,3,4,4,12,5,3,5,3,134
СРБОБРАН,Упис по основу пријема у држављанство,0,0,0,0,0,0,0,0,0,0,0,0,0,0,0,1,0,0,0,0,0,0,0,0,0,0,0,0,1,0,0,0,2
СРБОБРАН,Упис по основу стицања пунолетства,2,2,1,0,1,8,5,0,10,2,2,7,0,3,0,5,3,0,3,5,6,3,3,6,3,4,1,3,3,4,7,19,121
СРЕМСКА МИТРОВИЦА - ГРАД,Брисање боравишта интерно расељеног лица,0,0,0,0,0,0,0,0,0,0,0,0,0,0,0,0,0,0,0,0,0,0,0,0,2,0,0,0,0,1,12,0,15
СРЕМСКА МИТРОВИЦА - ГРАД,Брисање по основу губитка пословне способности,0,0,0,0,0,21,0,0,0,0,0,0,0,0,0,0,0,0,0,0,0,0,0,0,0,0,0,0,0,0,6,1,28
СРЕМСКА МИТРОВИЦА - ГРАД,Брисање по основу одјаве пребивалишта,10,7,20,12,7,9,11,14,19,11,17,11,5,8,13,4,7,14,4,3,7,7,12,7,11,13,9,11,3,27,40,8,361
СРЕМСКА МИТРОВИЦА - ГРАД,Брисање по основу отпуста из држављанства,0,0,0,0,1,0,0,0,0,0,0,0,0,0,0,0,0,0,0,0,0,0,0,0,0,0,0,0,0,0,0,0,1
СРЕМСКА МИТРОВИЦА - ГРАД,Брисање по основу смрти лица,18,25,13,15,28,21,18,13,15,20,17,18,21,28,24,14,21,18,27,30,30,18,17,23,17,9,17,20,18,11,17,25,626
СРЕМСКА МИТРОВИЦА - ГРАД,Брисање по службеној дужности,0,16,18,7,1,6,8,0,7,1,0,1,0,0,0,1,0,1,4,0,2,11,0,0,3,13,19,2,0,2,0,5,128
СРЕМСКА МИТРОВИЦА - ГРАД,Исправка техничке грешке,0,0,0,0,0,3,1,0,0,0,1,2,1,0,0,0,0,0,0,0,0,0,1,0,1,1,0,0,0,2,0,0,13
СРЕМСКА МИТРОВИЦА - ГРАД,Промена адресе пребивалишта,27,43,25,54,35,28,40,26,33,58,30,37,37,32,38,47,46,43,24,30,16,22,30,29,17,45,33,19,48,34,32,55,1113
СРЕМСКА МИТРОВИЦА - ГРАД,Промена гласања по месту боравишта у иностранству,0,0,0,0,0,0,0,0,0,0,0,0,0,0,0,0,0,0,0,0,0,0,0,0,0,0,0,0,0,0,0,2,2
СРЕМСКА МИТРОВИЦА - ГРАД,Промена личних података,7,10,7,5,10,7,5,4,4,11,11,7,10,9,10,15,7,11,11,7,5,7,8,5,4,13,5,8,9,16,17,14,279
СРЕМСКА МИТРОВИЦА - ГРАД,Упис за гласање по месту боравишта у земљи,0,0,0,0,0,0,0,0,0,0,0,0,0,0,0,0,0,0,0,0,0,0,0,0,0,0,0,0,0,0,1,8,9
СРЕМСКА МИТРОВИЦА - ГРАД,Упис за гласање по месту боравишта у иностранству,0,0,0,0,0,0,0,0,0,0,0,0,0,0,0,0,0,0,0,0,0,0,0,0,0,0,0,0,0,14,263,351,628
СРЕМСКА МИТРОВИЦА - ГРАД,Упис по основу последњег пребивалишта,0,0,0,0,0,0,0,0,0,0,0,0,0,0,0,0,0,0,0,0,0,0,0,0,0,0,0,0,0,0,1,4,5
СРЕМСКА МИТРОВИЦА - ГРАД,Упис по основу пријаве боравишта интерно расељеног лица,0,0,0,0,0,0,0,0,0,0,0,0,0,0,0,0,0,0,0,0,0,0,0,0,0,0,1,0,0,0,0,0,1
СРЕМСКА МИТРОВИЦА - ГРАД,Упис по основу пријаве пребивалишта,16,12,11,16,8,14,18,18,15,13,10,9,11,20,16,23,9,10,13,5,19,15,6,16,18,22,14,13,13,35,52,12,502
СРЕМСКА МИТРОВИЦА - ГРАД,Упис по основу пријема у држављанство,0,0,0,0,1,0,0,0,0,0,0,1,2,0,0,0,0,0,1,0,0,0,0,0,0,0,0,0,0,0,0,1,6
СРЕМСКА МИТРОВИЦА - ГРАД,Упис по основу стицања пунолетства,16,9,14,12,15,10,11,17,18,13,15,16,9,10,5,14,14,13,15,18,17,11,15,11,9,21,20,19,16,16,76,0,495
СРЕМСКИ КАРЛОВЦИ,Брисање боравишта интерно расељеног лица,0,0,0,0,0,0,0,0,0,0,0,0,0,0,0,0,0,0,0,0,0,0,0,0,0,0,0,0,0,6,0,0,6
СРЕМСКИ КАРЛОВЦИ,Брисање по основу губитка пословне способности,0,0,0,0,0,0,0,0,0,0,0,0,0,0,0,0,0,0,0,0,0,0,0,0,0,0,0,0,0,0,0,1,1
СРЕМСКИ КАРЛОВЦИ,Брисање по основу дуплог уписа,0,0,0,0,0,0,0,0,0,0,0,0,0,0,0,0,0,0,0,0,0,0,0,0,0,0,0,1,0,0,0,0,1
СРЕМСКИ КАРЛОВЦИ,Брисање по основу одјаве пребивалишта,2,1,5,4,3,0,3,3,1,2,3,7,4,2,0,0,2,1,1,5,3,1,4,2,5,5,1,0,0,2,14,1,87
СРЕМСКИ КАРЛОВЦИ,Брисање по основу смрти лица,0,2,2,2,2,4,1,1,1,2,2,3,3,1,1,3,0,0,6,0,3,2,3,2,3,6,1,2,0,5,4,3,70
СРЕМСКИ КАРЛОВЦИ,Брисање по службеној дужности,2,8,0,0,2,10,0,0,0,0,7,0,0,0,0,0,0,0,0,4,0,0,1,0,0,0,0,1,0,0,0,0,35
СРЕМСКИ КАРЛОВЦИ,Потврда о изборном праву,0,0,0,0,0,0,0,0,0,0,0,0,0,0,0,0,0,0,0,0,0,0,0,0,0,0,0,1,0,0,0,0,1
СРЕМСКИ КАРЛОВЦИ,Потврда о упису у бирачки списак,0,0,0,0,0,0,0,0,0,0,0,0,0,0,0,0,0,0,0,0,0,0,0,0,0,0,0,1,0,0,0,0,1
СРЕМСКИ КАРЛОВЦИ,Промена адресе пребивалишта,8,13,2,0,3,2,3,1,0,4,3,1,0,1,4,2,0,0,1,4,2,4,2,5,1,3,2,0,0,0,10,2,83
СРЕМСКИ КАРЛОВЦИ,Промена личних података,2,3,0,0,2,1,2,0,0,0,1,0,0,3,1,1,0,0,2,1,0,0,1,0,0,1,2,1,0,3,5,2,34
СРЕМСКИ КАРЛОВЦИ,Упис за гласање по месту боравишта у иностранству,0,0,0,0,0,0,0,0,0,0,0,0,0,0,0,0,0,0,0,0,0,0,0,0,0,0,0,0,0,2,17,43,62
СРЕМСКИ КАРЛОВЦИ,Упис по основу пријаве боравишта интерно расељеног лица,0,1,0,0,0,0,0,0,0,0,0,0,0,0,0,1,0,0,0,0,0,0,0,0,0,0,0,0,0,0,0,0,2
СРЕМСКИ КАРЛОВЦИ,Упис по основу пријаве пребивалишта,2,30,9,4,3,6,3,5,5,5,3,4,1,3,2,3,0,0,8,3,3,8,5,4,4,2,4,5,0,0,15,1,150
СРЕМСКИ КАРЛОВЦИ,Упис по основу пријема у држављанство,0,0,0,0,0,1,0,0,0,0,0,0,0,0,0,0,0,0,0,0,0,0,0,0,0,0,0,0,0,0,1,0,2
СРЕМСКИ КАРЛОВЦИ,Упис по основу стицања пунолетства,0,2,1,1,1,1,1,0,1,1,1,0,3,2,2,2,0,0,6,2,3,2,1,2,0,1,3,1,0,2,20,0,62
СТАРА ПАЗОВА,Брисање боравишта интерно расељеног лица,0,0,0,0,0,0,12,0,0,0,0,0,0,0,0,0,0,0,1,0,0,0,0,0,0,0,0,0,0,0,0,2,15
СТАРА ПАЗОВА,Брисање по основу губитка пословне способности,0,0,0,0,0,0,0,0,0,1,0,0,0,0,0,0,0,0,0,0,0,0,0,0,0,0,0,0,0,1,0,1,3
СТАРА ПАЗОВА,Брисање по основу одјаве пребивалишта,9,20,5,7,17,10,10,9,14,12,10,26,9,8,13,9,15,13,9,7,5,9,13,11,14,12,9,10,4,23,30,25,397
СТАРА ПАЗОВА,Брисање по основу отпуста из држављанства,0,0,0,0,0,0,0,0,0,0,0,0,0,0,0,0,0,0,0,0,0,0,0,1,0,0,0,0,0,0,0,0,1
СТАРА ПАЗОВА,Брисање по основу смрти лица,12,11,8,8,16,18,9,13,12,7,15,18,10,20,26,13,16,15,9,10,10,14,18,8,9,16,13,9,8,19,9,11,410
СТАРА ПАЗОВА,Брисање по службеној дужности,0,0,0,2,0,4,12,4,28,11,0,0,0,0,8,3,1,0,6,0,0,0,0,0,0,0,0,8,7,19,1,0,114
СТАРА ПАЗОВА,Исправка техничке грешке,0,0,1,0,0,0,0,0,2,0,0,0,0,0,1,0,2,0,1,0,0,1,0,1,0,0,0,0,0,1,0,3,13
СТАРА ПАЗОВА,Промена адресе пребивалишта,26,7,74,24,10,42,25,26,23,23,16,19,22,35,24,19,22,27,29,15,50,33,22,30,26,24,44,18,36,19,36,29,875
СТАРА ПАЗОВА,Промена личних података,7,6,11,4,8,8,10,9,5,7,8,13,12,14,12,11,9,10,16,6,5,7,12,7,12,13,5,10,10,35,21,18,341
СТАРА ПАЗОВА,Упис за гласање по месту боравишта у земљи,0,0,0,0,0,0,0,0,0,0,0,0,0,0,0,0,0,0,0,0,0,0,0,0,0,0,0,0,0,0,7,53,60
СТАРА ПАЗОВА,Упис за гласање по месту боравишта у иностранству,0,0,0,0,0,0,0,0,0,0,0,0,0,0,0,0,0,0,0,0,0,0,0,0,0,0,0,0,0,6,211,217,434
СТАРА ПАЗОВА,Упис по основу последњег пребивалишта,0,0,0,0,0,0,0,0,0,0,0,0,0,0,0,0,0,0,0,0,0,0,0,0,0,0,0,0,0,0,1,3,4
СТАРА ПАЗОВА,Упис по основу пријаве боравишта интерно расељеног лица,0,0,0,1,0,2,0,0,0,0,0,0,0,0,0,0,0,0,0,0,0,0,0,1,0,0,0,0,0,0,0,0,4
СТАРА ПАЗОВА,Упис по основу пријаве пребивалишта,29,20,34,22,21,30,16,12,37,18,25,22,25,21,23,23,23,33,29,22,22,30,38,35,23,20,35,39,14,37,75,90,943
СТАРА ПАЗОВА,Упис по основу пријема у држављанство,0,0,0,0,0,0,0,0,0,0,0,0,0,0,2,1,0,0,0,0,0,0,0,0,0,0,0,0,0,0,1,0,4
СТАРА ПАЗОВА,Упис по основу стицања пунолетства,8,12,14,7,13,7,9,11,22,10,10,14,8,11,13,14,9,10,25,14,14,18,15,10,13,10,12,12,15,17,64,49,490
СУБОТИЦА - ГРАД,Брисање боравишта интерно расељеног лица,0,0,0,0,0,0,0,1,0,0,0,0,0,0,0,0,0,0,0,0,0,0,0,0,0,0,0,0,0,330,189,0,520
СУБОТИЦА - ГРАД,Брисање гласања по месту боравишта у иностранству,0,0,0,0,0,0,0,0,0,0,0,0,0,0,0,0,0,0,0,0,0,0,0,0,0,0,0,0,0,0,0,1,1
СУБОТИЦА - ГРАД,Брисање по основу губитка пословне способности,0,0,1,0,15,4,0,0,0,0,0,0,0,0,0,0,0,0,0,0,0,0,0,0,0,0,0,0,0,0,0,0,20
СУБОТИЦА - ГРАД,Брисање по основу одјаве пребивалишта,21,15,24,17,15,20,23,13,17,24,21,24,18,16,16,7,14,10,21,9,14,10,24,5,17,18,6,9,6,22,46,17,539
СУБОТИЦА - ГРАД,Брисање по основу отпуста из држављанства,0,0,0,2,0,0,0,2,0,0,0,0,0,0,0,0,0,2,0,0,0,3,0,0,0,0,0,0,0,0,0,0,9
СУБОТИЦА - ГРАД,Брисање по основу смрти лица,30,37,31,28,31,33,32,35,29,36,34,41,34,37,36,31,29,30,44,41,36,37,37,28,37,29,29,35,37,40,38,40,1102
СУБОТИЦА - ГРАД,Брисање по службеној дужности,0,0,1,4,0,0,1,0,0,1,2,0,1,1,0,0,0,0,0,1,0,1,0,0,0,0,2,0,0,1,2,3,21
СУБОТИЦА - ГРАД,Исправка техничке грешке,0,0,1,0,0,0,0,0,0,1,0,0,0,2,1,1,0,0,0,0,0,0,1,0,0,1,0,1,1,1,0,0,11
СУБОТИЦА - ГРАД,Потврда о изборном праву,0,0,0,0,0,0,0,0,0,0,0,0,0,0,0,0,0,0,0,0,0,0,0,0,0,0,0,0,0,5,0,0,5
СУБОТИЦА - ГРАД,Потврда о изборном праву кандидата за одборнике,0,0,0,0,0,0,0,0,0,0,0,0,0,0,0,0,0,0,0,0,0,0,0,0,0,0,0,0,0,3,0,0,3
СУБОТИЦА - ГРАД,Потврда о упису у бирачки списак,0,0,0,0,0,0,0,0,0,0,0,0,0,0,0,0,0,0,0,0,0,0,0,0,0,0,0,2,0,0,0,0,2
СУБОТИЦА - ГРАД,Промена адресе пребивалишта,43,59,153,48,57,61,72,57,68,62,90,69,90,64,37,52,101,55,75,84,57,66,110,31,0,118,70,80,89,99,62,75,2254
СУБОТИЦА - ГРАД,Промена гласања по месту боравишта у иностранству,0,0,0,0,0,0,0,0,0,0,0,0,0,0,0,0,0,0,0,0,0,0,0,0,0,0,0,0,0,0,1,4,5
СУБОТИЦА - ГРАД,Промена личних података,98,59,173,125,179,107,132,145,84,168,137,116,196,219,95,113,152,124,83,35,50,114,169,43,1,130,71,103,73,88,116,61,3559
СУБОТИЦА - ГРАД,Упис за гласање по месту боравишта у земљи,0,0,0,0,0,0,0,0,0,0,0,0,0,0,0,0,0,0,0,0,0,0,0,0,0,0,0,0,0,0,8,13,21
СУБОТИЦА - ГРАД,Упис за гласање по месту боравишта у иностранству,0,0,0,0,0,0,0,0,0,0,0,0,0,0,0,0,0,0,0,0,0,0,0,0,0,0,0,0,0,2,190,288,480
СУБОТИЦА - ГРАД,Упис по основу враћања пословне способности,0,0,0,0,4,3,0,0,0,0,0,0,0,0,0,0,0,0,0,0,0,0,0,0,0,0,0,0,0,0,2,0,9
СУБОТИЦА - ГРАД,Упис по основу последњег пребивалишта,0,0,0,0,0,0,0,0,0,0,0,0,0,0,0,0,0,0,0,0,0,0,0,0,0,0,0,0,0,1,6,5,12
СУБОТИЦА - ГРАД,Упис по основу пријаве боравишта интерно расељеног лица,0,0,0,0,0,0,0,0,0,0,0,0,0,0,0,0,0,0,0,0,0,0,0,0,0,0,0,0,0,0,0,1,1
СУБОТИЦА - ГРАД,Упис по основу пријаве пребивалишта,18,3,65,18,5,34,12,21,22,19,12,20,11,22,15,26,15,17,22,8,16,11,19,19,14,17,14,22,15,33,15,73,653
СУБОТИЦА - ГРАД,Упис по основу пријема у држављанство,0,0,0,1,0,0,0,0,0,1,0,0,0,0,0,0,0,0,0,0,0,2,0,1,0,0,0,0,0,1,0,0,6
СУБОТИЦА - ГРАД,Упис по основу стицања пунолетства,72,32,24,13,0,42,17,0,24,43,21,25,31,13,34,8,64,29,9,52,37,20,40,28,26,35,21,26,31,30,26,84,957
СУРДУЛИЦА,Брисање боравишта интерно расељеног лица,7,0,0,0,0,0,0,0,0,0,0,0,0,0,0,0,0,0,0,1,0,0,0,0,0,0,0,0,0,0,3,0,11
СУРДУЛИЦА,Брисање по основу губитка пословне способности,0,0,0,0,0,0,0,0,0,0,4,0,0,0,0,0,0,0,0,0,0,0,0,0,0,0,0,0,0,0,0,1,5
СУРДУЛИЦА,Брисање по основу одјаве пребивалишта,4,4,4,0,2,2,3,9,3,7,3,5,6,2,5,6,2,4,2,3,1,1,4,2,2,8,4,7,5,5,8,2,125
СУРДУЛИЦА,Брисање по основу смрти лица,3,7,9,5,7,7,2,4,6,6,4,5,4,3,3,5,4,9,4,10,4,5,4,3,1,1,0,9,5,9,8,6,162
СУРДУЛИЦА,Брисање по службеној дужности,0,0,0,3,1,0,0,0,1,3,0,1,2,0,0,0,0,0,2,1,0,0,0,0,0,0,0,2,0,0,0,0,16
СУРДУЛИЦА,Исправка техничке грешке,0,0,0,0,0,0,0,0,0,0,0,0,0,0,0,0,1,0,0,0,2,0,3,0,0,1,0,0,1,1,0,0,9
СУРДУЛИЦА,Потврда о упису у бирачки списак,0,0,0,0,0,0,0,0,0,0,0,0,0,0,0,0,0,0,0,0,0,0,0,0,0,0,0,0,0,0,4,0,4
СУРДУЛИЦА,Промена адресе боравишта интерно расељеног лица,2,0,0,0,0,0,0,0,0,0,1,1,0,0,0,0,0,0,0,0,0,0,0,0,0,0,0,0,0,0,0,0,4
СУРДУЛИЦА,Промена адресе пребивалишта,40,78,82,50,55,53,59,31,58,58,35,39,55,53,62,59,43,53,48,39,46,42,84,36,48,68,0,146,28,66,45,38,1697
СУРДУЛИЦА,Промена личних података,3,1,0,5,3,2,5,1,4,3,3,3,8,4,1,1,3,3,2,0,1,6,3,2,1,4,0,4,5,24,2,5,112
СУРДУЛИЦА,Упис за гласање по месту боравишта у земљи,0,0,0,0,0,0,0,0,0,0,0,0,0,0,0,0,0,0,0,0,0,0,0,0,0,0,0,0,0,1,22,101,124
СУРДУЛИЦА,Упис за гласање по месту боравишта у иностранству,0,0,0,0,0,0,0,0,0,0,0,0,0,0,0,0,0,0,0,0,0,0,0,0,0,0,0,0,0,1,13,17,31
СУРДУЛИЦА,Упис по основу пријаве боравишта интерно расељеног лица,0,0,2,0,0,0,0,0,0,0,0,0,0,0,1,0,0,0,0,0,0,0,0,0,0,0,0,0,0,0,0,0,3
СУРДУЛИЦА,Упис по основу пријаве пребивалишта,4,5,2,1,2,7,5,3,7,1,2,3,2,4,1,2,2,0,4,2,1,2,6,3,3,3,0,3,1,20,0,0,101
СУРДУЛИЦА,Упис по основу пријема у држављанство,0,0,0,0,0,0,0,0,0,0,0,1,0,0,0,0,0,0,0,0,0,0,0,0,0,0,0,0,0,0,0,0,1
СУРДУЛИЦА,Упис по основу стицања пунолетства,5,2,3,2,5,0,4,0,4,5,1,3,7,7,4,2,1,4,9,5,2,5,6,8,7,2,0,9,5,3,33,0,153
ТЕМЕРИН,Брисање по основу губитка пословне способности,0,0,0,0,0,0,0,0,0,0,0,0,0,0,0,0,0,0,0,0,0,0,0,0,0,2,0,0,0,0,0,0,2
ТЕМЕРИН,Брисање по основу одјаве пребивалишта,6,5,14,8,7,8,8,6,3,5,5,2,2,2,3,5,6,8,0,5,1,6,6,2,5,5,6,5,2,5,28,4,183
ТЕМЕРИН,Брисање по основу отпуста из држављанства,0,0,0,0,0,0,0,0,0,0,1,0,1,0,0,0,0,0,0,0,0,0,0,1,0,0,0,0,0,0,0,0,3
ТЕМЕРИН,Брисање по основу смрти лица,9,4,6,4,8,15,5,5,8,2,5,6,13,3,7,5,3,8,3,5,20,4,3,8,6,4,7,0,4,10,4,10,204
ТЕМЕРИН,Брисање по службеној дужности,0,3,12,1,1,0,0,0,0,0,5,0,2,0,0,2,0,2,2,0,1,0,1,0,0,0,0,0,0,6,9,0,47
ТЕМЕРИН,Потврда о изборном праву,0,0,0,0,0,0,0,0,0,0,3,0,0,0,0,0,0,0,0,0,0,0,0,0,0,0,0,0,0,1,0,2,6
ТЕМЕРИН,Промена адресе пребивалишта,5,2,2,5,7,8,8,5,0,1,27,2,8,3,4,12,7,12,2,4,6,9,7,6,5,3,6,2,8,22,11,11,220
ТЕМЕРИН,Промена личних података,1,3,4,4,3,0,1,6,0,0,6,1,5,6,4,4,7,8,5,2,0,1,2,1,4,2,3,2,2,8,6,7,108
ТЕМЕРИН,Упис за гласање по месту боравишта у иностранству,0,0,0,0,0,0,0,0,0,0,0,0,0,0,0,0,0,0,0,0,0,0,0,0,0,0,0,0,0,0,54,109,163
ТЕМЕРИН,Упис по основу пријаве пребивалишта,13,9,8,6,9,6,2,4,0,2,20,3,7,12,0,10,8,6,5,9,6,4,5,7,5,4,2,5,3,15,11,47,253
ТЕМЕРИН,Упис по основу стицања пунолетства,4,4,10,6,2,10,3,4,0,2,13,6,10,5,1,8,6,11,5,4,4,3,4,5,10,4,7,3,5,10,44,0,213
ТИТЕЛ,Брисање по основу одјаве пребивалишта,2,3,4,7,2,1,6,2,6,8,0,3,1,4,2,7,4,2,5,1,1,6,3,1,3,3,0,4,0,2,24,1,118
ТИТЕЛ,Брисање по основу отпуста из држављанства,0,0,0,0,0,0,0,0,0,0,0,0,0,0,0,0,0,0,0,0,0,0,0,0,0,0,0,0,0,1,0,0,1
ТИТЕЛ,Брисање по основу смрти лица,4,3,6,9,4,4,3,5,6,6,0,5,2,0,9,3,7,2,5,5,9,5,3,2,7,2,4,1,1,4,5,3,134
ТИТЕЛ,Исправка техничке грешке,0,0,0,0,0,0,1,1,0,0,0,0,0,0,0,0,0,0,0,1,0,1,0,1,0,0,0,0,0,0,0,0,5
ТИТЕЛ,Промена адресе пребивалишта,3,2,3,4,6,3,3,3,6,5,6,3,0,0,14,3,0,4,8,2,2,0,7,2,4,8,2,12,5,8,4,3,135
ТИТЕЛ,Промена личних података,0,3,1,0,0,1,2,0,2,4,1,1,1,0,7,1,2,1,1,0,0,2,5,1,3,1,0,2,4,7,0,8,61
ТИТЕЛ,Упис за гласање по месту боравишта у земљи,0,0,0,0,0,0,0,0,0,0,0,0,0,0,0,0,0,0,0,0,0,0,0,0,0,0,0,0,0,0,0,1,1
ТИТЕЛ,Упис за гласање по месту боравишта у иностранству,0,0,0,0,0,0,0,0,0,0,0,0,0,0,0,0,0,0,0,0,0,0,0,0,0,0,0,0,0,0,15,26,41
ТИТЕЛ,Упис по основу пријаве пребивалишта,7,8,2,5,1,3,1,3,7,3,3,12,0,0,13,5,1,3,1,4,0,3,2,10,3,5,1,8,1,8,9,13,145
ТИТЕЛ,Упис по основу пријема у држављанство,0,0,0,0,1,0,0,0,0,0,0,0,0,0,0,0,0,0,0,0,0,1,0,0,0,0,0,0,0,0,0,0,2
ТИТЕЛ,Упис по основу стицања пунолетства,2,1,5,3,2,1,1,2,3,2,1,3,0,0,10,2,0,2,2,1,2,4,3,1,5,8,1,4,7,1,4,14,97
ТОПОЛА,Брисање боравишта интерно расељеног лица,1,0,0,0,0,0,0,0,0,0,0,2,0,0,0,0,0,0,0,0,0,0,0,0,0,0,0,0,0,0,0,0,3
ТОПОЛА,Брисање по основу одјаве пребивалишта,1,5,8,8,6,5,0,3,4,3,4,10,3,3,9,2,5,4,2,3,2,1,2,1,8,8,3,3,0,9,9,8,142
ТОПОЛА,Брисање по основу смрти лица,5,6,7,5,4,7,8,3,9,6,4,12,6,5,2,9,2,5,1,0,20,1,4,4,7,9,9,5,4,5,3,10,187
ТОПОЛА,Исправка техничке грешке,0,0,0,0,0,0,0,0,0,0,0,0,0,0,0,0,1,0,0,0,0,0,0,0,0,0,0,0,0,0,0,0,1
ТОПОЛА,Промена адресе пребивалишта,2,0,0,0,10,11,1,4,6,5,8,61,2,4,6,3,0,6,0,0,2,11,0,10,18,6,0,5,7,2,9,9,208
ТОПОЛА,Промена личних података,6,1,0,0,1,3,0,2,1,2,2,2,2,3,4,2,0,1,0,0,1,1,0,3,3,0,2,0,2,2,5,4,55
ТОПОЛА,Упис за гласање по месту боравишта у иностранству,0,0,0,0,0,0,0,0,0,0,0,0,0,0,0,0,0,0,0,0,0,0,0,0,0,0,0,0,0,0,18,33,51
ТОПОЛА,Упис по основу пријаве пребивалишта,10,9,0,0,20,2,4,3,2,5,10,5,2,0,2,1,9,7,0,0,0,0,0,0,27,4,5,0,3,4,13,14,161
ТОПОЛА,Упис по основу пријема у држављанство,0,0,0,0,0,0,0,0,0,0,0,0,0,1,0,0,0,0,0,0,0,0,0,0,0,0,0,0,0,0,0,0,1
ТОПОЛА,Упис по основу стицања пунолетства,0,5,0,0,0,0,21,2,7,3,0,2,1,7,0,0,4,8,0,0,0,13,0,0,20,6,4,3,3,4,17,8,138
ТРГОВИШТЕ,Брисање боравишта интерно расељеног лица,0,0,0,0,0,0,0,0,0,0,0,0,0,0,0,0,0,0,0,0,0,0,0,0,0,0,0,0,0,0,2,0,2
ТРГОВИШТЕ,Брисање по основу одјаве пребивалишта,2,3,5,1,0,3,4,1,0,1,5,2,1,1,0,3,1,0,2,1,1,1,0,1,2,1,0,0,1,0,5,2,50
ТРГОВИШТЕ,Брисање по основу смрти лица,2,3,3,0,1,0,0,1,1,0,0,2,1,0,1,2,0,2,0,1,0,0,0,2,3,0,1,0,1,1,3,1,32
ТРГОВИШТЕ,Брисање по службеној дужности,0,0,0,0,0,0,0,0,0,0,0,7,0,0,0,0,2,0,0,0,0,0,0,0,0,0,2,0,0,0,0,0,11
ТРГОВИШТЕ,Промена адресе пребивалишта,14,7,17,19,16,8,15,9,11,10,10,9,15,5,8,2,10,6,4,7,5,7,8,9,7,4,8,8,5,9,3,4,279
ТРГОВИШТЕ,Промена личних података,1,0,0,0,0,0,0,0,0,0,0,0,1,0,2,0,1,0,0,0,1,0,0,1,0,0,0,0,0,1,0,0,8
ТРГОВИШТЕ,Упис за гласање по месту боравишта у земљи,0,0,0,0,0,0,0,0,0,0,0,0,0,0,0,0,0,0,0,0,0,0,0,0,0,0,0,0,0,0,6,40,46
ТРГОВИШТЕ,Упис за гласање по месту боравишта у иностранству,0,0,0,0,0,0,0,0,0,0,0,0,0,0,0,0,0,0,0,0,0,0,0,0,0,0,0,0,0,0,99,77,176
ТРГОВИШТЕ,Упис по основу последњег пребивалишта,0,0,0,0,0,0,0,0,0,0,0,0,0,0,0,0,0,0,0,0,0,0,0,0,0,0,0,0,0,0,0,6,6
ТРГОВИШТЕ,Упис по основу пријаве пребивалишта,1,0,3,0,1,0,0,0,1,0,1,1,0,0,1,0,0,0,0,1,0,0,1,1,0,1,1,2,0,0,8,1,25
ТРГОВИШТЕ,Упис по основу пријема у држављанство,0,0,0,0,0,0,0,0,0,0,0,0,0,0,0,0,0,0,0,0,0,0,0,0,0,0,0,0,0,0,0,1,1
ТРГОВИШТЕ,Упис по основу стицања пунолетства,1,0,1,1,0,0,2,1,0,0,1,1,0,1,0,0,0,1,0,1,1,0,1,0,1,3,1,1,1,2,2,0,24
ТРСТЕНИК,Брисање боравишта интерно расељеног лица,0,0,0,1,0,0,0,0,0,0,0,1,0,0,0,0,0,0,0,0,0,0,0,0,0,0,0,0,0,1,1,46,50
ТРСТЕНИК,Брисање по основу губитка пословне способности,0,0,0,0,0,0,0,0,0,0,0,0,0,0,0,0,0,0,0,0,0,0,0,0,0,0,0,7,0,0,0,0,7
ТРСТЕНИК,Брисање по основу одјаве пребивалишта,7,12,7,6,7,4,4,7,4,2,4,6,4,9,4,8,3,8,6,4,0,6,4,7,13,8,4,4,2,18,12,5,199
ТРСТЕНИК,Брисање по основу смрти лица,14,15,10,13,12,6,6,15,11,10,2,10,5,8,8,14,11,9,8,8,17,15,11,13,14,11,10,8,16,10,6,8,334
ТРСТЕНИК,Брисање по службеној дужности,0,0,7,4,0,10,1,5,0,3,0,0,0,0,0,1,0,0,0,0,5,0,1,0,0,0,0,0,12,0,0,0,49
ТРСТЕНИК,Промена адресе боравишта интерно расељеног лица,0,0,0,0,0,1,0,0,0,0,0,0,0,1,0,0,0,1,0,0,0,0,1,0,0,0,0,0,0,0,1,0,5
ТРСТЕНИК,Промена адресе пребивалишта,1,9,10,8,4,4,4,8,11,12,5,9,4,4,9,6,7,8,6,7,6,3,17,6,4,6,7,2,3,9,16,15,230
ТРСТЕНИК,Промена гласања по месту боравишта у иностранству,0,0,0,0,0,0,0,0,0,0,0,0,0,0,0,0,0,0,0,0,0,0,0,0,0,0,0,0,0,0,0,1,1
ТРСТЕНИК,Промена личних података,2,0,1,1,2,3,1,2,3,3,2,11,4,20,6,2,3,5,0,2,1,2,12,3,4,4,2,3,12,5,6,11,138
ТРСТЕНИК,Упис за гласање по месту боравишта у земљи,0,0,0,0,0,0,0,0,0,0,0,0,0,0,0,0,0,0,0,0,0,0,0,0,0,0,0,0,0,0,3,0,3
ТРСТЕНИК,Упис за гласање по месту боравишта у иностранству,0,0,0,0,0,0,0,0,0,0,0,0,0,0,0,0,0,0,0,0,0,0,0,0,0,0,0,0,0,0,42,61,103
ТРСТЕНИК,Упис по основу пријаве боравишта интерно расељеног лица,0,0,0,0,0,0,0,0,0,0,0,0,0,0,0,0,0,0,0,0,0,0,0,0,0,0,0,0,0,0,1,1,2
ТРСТЕНИК,Упис по основу пријаве пребивалишта,12,4,9,7,4,4,5,2,4,4,4,7,3,8,3,3,2,2,5,5,1,7,3,9,5,5,7,2,5,3,36,29,209
ТРСТЕНИК,Упис по основу пријема у држављанство,0,0,0,0,0,0,0,0,0,0,0,0,0,0,1,0,1,0,0,0,0,0,2,0,0,3,0,0,0,0,0,0,7
ТРСТЕНИК,Упис по основу стицања пунолетства,8,5,8,6,5,4,5,5,9,5,7,7,8,5,3,7,6,7,9,8,8,7,4,5,2,3,7,9,5,7,48,1,233
ТУТИН,Брисање боравишта интерно расељеног лица,0,0,0,0,0,0,0,0,0,1,0,0,0,0,0,0,0,0,0,0,0,0,0,0,0,0,0,0,0,0,0,0,1
ТУТИН,Брисање по основу одјаве пребивалишта,0,0,1,4,3,4,0,0,1,3,7,12,9,8,1,10,7,11,8,8,3,5,7,8,3,9,1,2,2,26,1,1,165
ТУТИН,Брисање по основу отпуста из држављанства,0,0,0,0,0,0,2,0,0,0,0,0,2,0,0,0,0,0,0,0,0,0,0,0,0,0,0,0,0,0,2,0,6
ТУТИН,Брисање по основу смрти лица,3,0,8,3,9,3,13,3,11,7,5,5,7,5,4,5,2,5,3,3,17,0,8,2,2,3,3,0,2,9,5,12,167
ТУТИН,Потврда о упису у бирачки списак,0,0,0,0,0,0,0,0,0,0,0,0,0,0,0,0,0,0,0,0,0,0,0,0,0,0,2,0,0,3,2,0,7
ТУТИН,Промена адресе пребивалишта,92,0,197,105,60,107,145,98,85,85,79,85,88,102,44,138,101,98,45,71,205,0,346,184,182,193,87,0,31,398,108,98,3657
ТУТИН,Промена личних података,3,0,8,3,2,3,5,6,1,3,1,3,6,4,2,9,3,2,1,2,9,0,5,4,10,12,2,0,0,125,327,99,660
ТУТИН,Упис за гласање по месту боравишта у иностранству,0,0,0,0,0,0,0,0,0,0,0,0,0,0,0,0,0,0,0,0,0,0,0,0,0,0,0,0,0,0,18,80,98
ТУТИН,Упис по основу пријаве боравишта интерно расељеног лица,0,0,0,0,0,0,0,0,0,0,0,0,0,0,0,0,0,0,0,0,0,0,1,0,0,0,0,0,0,0,0,0,1
ТУТИН,Упис по основу пријаве пребивалишта,0,0,3,3,0,0,0,0,0,1,1,6,0,0,0,0,2,0,15,0,0,0,7,0,0,0,4,0,0,2,1,6,51
ТУТИН,Упис по основу пријема у држављанство,0,0,0,0,0,0,0,0,0,0,0,0,1,0,0,0,0,0,0,0,0,0,0,0,0,0,0,0,0,0,3,0,4
ТУТИН,Упис по основу стицања пунолетства,9,0,21,6,20,14,10,8,21,12,9,12,16,15,7,17,7,12,7,12,21,0,29,6,10,11,8,0,3,48,108,0,479
УБ,Брисање боравишта интерно расељеног лица,0,0,0,0,0,0,0,0,0,0,0,0,0,0,0,0,0,0,0,0,0,0,0,0,0,0,0,0,0,0,0,9,9
УБ,Брисање по основу губитка пословне способности,0,0,0,1,0,0,0,0,0,0,0,0,0,0,0,0,0,0,0,0,0,0,0,0,0,0,0,0,0,0,0,2,3
УБ,Брисање по основу одјаве пребивалишта,8,5,10,6,4,3,6,4,10,0,1,5,1,6,2,0,4,0,5,1,3,6,3,3,5,4,0,4,1,10,13,6,139
УБ,Брисање по основу отпуста из држављанства,0,0,0,0,1,0,0,0,0,0,0,0,0,0,0,0,0,0,0,0,0,0,0,0,0,0,0,0,0,0,0,0,1
УБ,Брисање по основу смрти лица,6,1,12,4,8,11,6,6,7,5,5,0,15,6,2,13,6,8,7,8,9,0,13,5,4,7,4,0,16,5,7,8,214
УБ,Промена адресе пребивалишта,7,9,11,11,8,6,6,8,9,13,4,0,19,5,9,15,8,4,11,7,3,0,8,6,11,6,10,0,12,5,11,9,251
УБ,Промена личних података,1,2,4,0,3,13,3,2,2,1,3,0,6,1,4,8,5,2,3,2,2,0,3,4,5,5,1,0,3,4,4,10,106
УБ,Упис за гласање по месту боравишта у земљи,0,0,0,0,0,0,0,0,0,0,0,0,0,0,0,0,0,0,0,0,0,0,0,0,0,0,0,0,0,2,3,4,9
УБ,Упис за гласање по месту боравишта у иностранству,0,0,0,0,0,0,0,0,0,0,0,0,0,0,0,0,0,0,0,0,0,0,0,0,0,0,0,0,0,0,0,86,86
УБ,Упис по основу пријаве пребивалишта,0,1,8,15,4,9,8,4,4,7,10,0,11,2,1,4,11,1,2,9,4,0,4,7,11,6,10,0,6,12,44,2,217
УБ,Упис по основу стицања пунолетства,6,4,3,5,5,5,5,4,8,4,5,0,10,4,2,8,3,6,2,10,5,0,12,4,7,9,6,0,13,8,27,0,190
УЖИЦЕ - ГРАД,Брисање боравишта интерно расељеног лица,0,0,0,0,0,1,0,0,0,0,0,1,0,0,0,0,0,0,0,0,0,0,0,0,0,0,0,0,0,0,0,0,2
УЖИЦЕ - ГРАД,Брисање по основу губитка пословне способности,0,0,0,0,0,0,1,0,0,0,0,0,0,0,0,0,0,0,0,0,0,0,0,0,0,0,0,0,0,0,0,0,1
УЖИЦЕ - ГРАД,Брисање по основу дуплог уписа,0,0,0,0,0,0,0,0,0,0,0,0,1,0,0,0,0,0,0,0,0,0,0,0,0,0,0,0,0,0,0,0,1
УЖИЦЕ - ГРАД,Брисање по основу одјаве пребивалишта,14,20,27,7,31,16,6,14,9,17,13,10,12,11,18,11,12,3,18,9,3,11,12,17,8,17,8,6,7,23,25,23,438
УЖИЦЕ - ГРАД,Брисање по основу отпуста из држављанства,0,0,0,0,0,0,0,0,0,0,0,0,0,0,0,0,0,0,0,0,0,0,0,0,0,0,0,0,0,0,1,0,1
УЖИЦЕ - ГРАД,Брисање по основу смрти лица,3,24,16,17,15,15,23,19,14,20,15,18,33,11,19,15,18,9,13,19,15,17,14,18,21,20,11,25,15,21,21,10,544
УЖИЦЕ - ГРАД,Брисање по службеној дужности,0,0,1,1,0,0,0,0,0,0,0,0,0,0,0,1,0,0,1,0,0,4,0,0,0,1,1,0,0,0,0,0,10
УЖИЦЕ - ГРАД,Исправка техничке грешке,0,0,2,1,0,0,0,0,1,0,0,0,0,0,0,0,0,0,0,0,0,0,0,0,0,0,0,0,0,0,0,0,4
УЖИЦЕ - ГРАД,Промена адресе пребивалишта,59,91,66,118,105,65,77,50,61,70,51,59,71,72,48,52,54,37,42,38,59,81,81,88,70,48,58,54,42,69,104,88,2128
УЖИЦЕ - ГРАД,Промена личних података,3,9,3,3,3,7,4,3,3,8,10,6,11,11,8,10,6,5,7,3,5,6,12,10,8,9,4,5,6,14,12,18,232
УЖИЦЕ - ГРАД,Упис за гласање по месту боравишта у земљи,0,0,0,0,0,0,0,0,0,0,0,0,0,0,0,0,0,0,0,0,0,0,0,0,0,0,0,0,0,1,5,8,14
УЖИЦЕ - ГРАД,Упис за гласање по месту боравишта у иностранству,0,0,0,0,0,0,0,0,0,0,0,0,0,0,0,0,0,0,0,0,0,0,0,0,0,0,0,0,0,6,135,283,424
УЖИЦЕ - ГРАД,Упис по основу последњег пребивалишта,0,0,0,0,0,0,0,0,0,0,0,0,0,0,0,0,0,0,0,0,0,0,0,0,0,0,0,0,0,0,0,1,1
УЖИЦЕ - ГРАД,Упис по основу пријаве пребивалишта,10,7,16,16,8,8,4,5,11,12,18,11,1,10,7,9,14,6,3,6,8,12,6,13,8,6,18,16,8,14,17,12,320
УЖИЦЕ - ГРАД,Упис по основу пријема у држављанство,0,0,0,0,0,0,0,0,0,0,0,0,0,0,0,0,0,0,0,0,0,0,0,0,0,0,0,0,0,1,0,0,1
УЖИЦЕ - ГРАД,Упис по основу стицања пунолетства,11,16,12,13,10,13,13,10,18,13,9,12,15,20,18,5,4,16,16,10,12,14,16,12,14,14,24,8,7,10,85,0,470
УЖИЦЕ-СЕВОЈНО,Брисање боравишта интерно расељеног лица,0,0,0,3,0,0,0,0,1,0,0,0,1,0,0,0,0,0,0,0,0,0,1,0,0,0,0,0,0,0,1,0,7
УЖИЦЕ-СЕВОЈНО,Брисање по основу губитка пословне способности,0,0,0,0,0,0,0,0,0,0,0,0,0,0,0,0,0,0,0,0,0,0,0,0,0,0,0,0,0,0,1,0,1
УЖИЦЕ-СЕВОЈНО,Брисање по основу одјаве пребивалишта,1,3,2,6,1,0,1,2,0,1,3,1,1,2,3,2,3,0,2,0,2,0,1,5,0,2,1,2,1,1,2,4,55
УЖИЦЕ-СЕВОЈНО,Брисање по основу смрти лица,1,2,0,0,0,0,4,0,4,1,1,2,7,1,3,0,1,1,2,1,1,3,2,1,2,3,4,0,0,5,0,3,55
УЖИЦЕ-СЕВОЈНО,Брисање по службеној дужности,1,0,0,0,0,0,3,0,0,1,0,0,0,0,0,0,0,0,0,0,0,0,0,0,0,1,0,0,1,0,1,0,8
УЖИЦЕ-СЕВОЈНО,Исправка техничке грешке,0,0,0,0,0,0,0,0,0,0,1,0,0,0,0,0,0,0,0,0,0,0,0,0,0,0,0,0,0,0,0,0,1
УЖИЦЕ-СЕВОЈНО,Потврда о упису у бирачки списак,0,0,0,0,0,0,0,0,0,0,0,0,0,0,0,0,0,0,0,0,0,0,0,0,0,0,3,0,0,0,0,0,3
УЖИЦЕ-СЕВОЈНО,Промена адресе пребивалишта,2,5,8,13,0,0,21,5,1,15,4,3,4,8,7,4,5,4,1,7,8,9,14,4,8,2,4,1,1,7,5,5,185
УЖИЦЕ-СЕВОЈНО,Промена личних података,0,0,1,0,0,0,1,0,1,1,1,0,3,1,0,1,2,1,2,0,0,0,0,2,0,0,0,0,0,0,1,3,21
УЖИЦЕ-СЕВОЈНО,Упис за гласање по месту боравишта у земљи,0,0,0,0,0,0,0,0,0,0,0,0,0,0,0,0,0,0,0,0,0,0,0,0,0,0,0,0,0,0,0,2,2
УЖИЦЕ-СЕВОЈНО,Упис за гласање по месту боравишта у иностранству,0,0,0,0,0,0,0,0,0,0,0,0,0,0,0,0,0,0,0,0,0,0,0,0,0,0,0,0,0,0,22,27,49
УЖИЦЕ-СЕВОЈНО,Упис по основу пријаве боравишта интерно расељеног лица,0,0,0,0,0,0,1,0,0,0,1,0,0,0,0,0,0,0,0,0,0,0,0,0,0,0,0,0,0,0,0,0,2
УЖИЦЕ-СЕВОЈНО,Упис по основу пријаве пребивалишта,2,4,8,3,0,2,4,0,1,1,2,3,1,6,1,0,3,1,0,0,0,2,1,6,0,1,1,1,3,2,4,0,63
УЖИЦЕ-СЕВОЈНО,Упис по основу стицања пунолетства,0,0,0,1,0,0,2,1,1,1,1,1,1,0,0,2,1,2,1,0,1,4,0,0,1,1,1,1,0,1,8,0,33
УРОШЕВАЦ,Брисање по основу одјаве пребивалишта,4,4,4,0,2,1,3,5,1,1,1,5,2,1,2,0,4,6,4,2,0,3,3,1,4,2,2,0,4,9,7,4,91
УРОШЕВАЦ,Брисање по основу смрти лица,0,0,0,1,1,0,0,0,0,0,0,0,0,4,0,0,0,0,1,0,0,0,1,0,1,0,0,0,1,0,0,0,10
УРОШЕВАЦ,Промена личних података,0,0,0,1,0,0,0,0,0,0,0,0,0,1,0,0,0,0,0,0,0,0,0,0,0,0,0,0,0,0,0,0,2
УРОШЕВАЦ,Упис за гласање по месту боравишта у земљи,0,0,0,0,0,0,0,0,0,0,0,0,0,0,0,0,0,0,0,0,0,0,0,0,0,0,0,0,0,0,0,1,1
УРОШЕВАЦ,Упис за гласање по месту боравишта у иностранству,0,0,0,0,0,0,0,0,0,0,0,0,0,0,0,0,0,0,0,0,0,0,0,0,0,0,0,0,0,0,3,12,15
УРОШЕВАЦ,Упис по основу пријаве пребивалишта,0,0,0,0,0,0,0,0,0,1,0,0,0,0,0,0,0,0,0,0,0,0,0,0,0,0,0,0,0,0,2,4,7
УРОШЕВАЦ,Упис по основу пријема у држављанство,0,0,0,0,1,0,0,0,0,0,0,0,0,0,0,0,0,0,0,0,0,0,0,0,0,0,0,0,0,0,0,0,1
УРОШЕВАЦ,Упис по основу стицања пунолетства,0,0,0,5,0,0,0,0,0,5,0,0,0,2,0,0,0,0,9,0,0,0,0,0,13,0,0,0,0,0,11,0,45
ЦРНА ТРАВА,Брисање по основу губитка пословне способности,0,0,0,0,0,0,0,0,0,0,1,0,0,0,0,0,0,0,0,1,0,0,0,0,0,0,0,0,0,0,0,0,2
ЦРНА ТРАВА,Брисање по основу одјаве пребивалишта,1,0,0,0,0,0,0,0,1,1,0,0,2,0,1,0,0,0,0,0,0,0,2,0,1,1,0,1,0,0,1,0,12
ЦРНА ТРАВА,Брисање по основу смрти лица,1,0,0,0,1,1,1,0,0,3,2,0,1,2,0,1,0,0,0,0,1,0,2,1,2,2,1,0,0,0,0,0,22
ЦРНА ТРАВА,Промена адресе пребивалишта,3,6,5,9,4,8,4,4,2,6,4,4,3,1,4,0,3,1,2,1,2,1,3,3,1,2,4,3,3,0,5,5,106
ЦРНА ТРАВА,Промена личних података,0,0,0,0,0,0,1,0,0,0,0,0,0,0,0,0,0,0,1,0,0,0,0,0,0,0,0,0,0,1,0,0,3
ЦРНА ТРАВА,Упис за гласање по месту боравишта у земљи,0,0,0,0,0,0,0,0,0,0,0,0,0,0,0,0,0,0,0,0,0,0,0,0,0,0,0,0,0,0,1,1,2
ЦРНА ТРАВА,Упис по основу пријаве пребивалишта,0,0,1,0,0,1,0,0,2,1,0,1,0,1,1,0,0,0,0,1,0,0,0,0,0,0,0,2,0,0,2,0,13
ЦРНА ТРАВА,Упис по основу стицања пунолетства,0,0,0,0,0,0,0,1,2,0,0,0,1,0,0,0,0,0,0,1,0,0,1,1,1,0,0,0,1,0,1,0,10
ЧАЈЕТИНА,Брисање по основу губитка пословне способности,0,0,0,0,0,0,0,0,0,0,0,0,0,0,0,0,0,0,1,0,0,0,0,0,0,0,1,0,0,0,0,0,2
ЧАЈЕТИНА,Брисање по основу одјаве пребивалишта,8,3,7,5,1,1,7,2,6,2,2,2,1,3,3,3,3,2,4,1,2,3,8,3,5,4,5,4,1,4,13,5,123
ЧАЈЕТИНА,Брисање по основу смрти лица,1,6,4,2,5,7,0,3,5,3,7,2,2,5,7,5,3,2,8,9,10,2,7,0,2,3,5,4,2,4,4,3,132
ЧАЈЕТИНА,Исправка техничке грешке,0,0,0,0,0,0,1,0,0,0,0,0,0,0,0,0,0,0,0,0,0,0,0,0,0,0,0,0,0,0,0,0,1
ЧАЈЕТИНА,Промена адресе пребивалишта,16,33,16,17,48,21,16,13,11,28,11,14,12,10,43,30,12,11,18,7,17,20,16,14,24,13,20,9,16,31,23,19,609
ЧАЈЕТИНА,Промена личних података,2,2,0,1,0,0,0,0,1,5,2,2,2,1,6,2,2,0,0,0,0,0,2,2,3,3,2,0,2,6,2,4,54
ЧАЈЕТИНА,Упис за гласање по месту боравишта у земљи,0,0,0,0,0,0,0,0,0,0,0,0,0,0,0,0,0,0,0,0,0,0,0,0,0,0,0,0,0,0,6,4,10
ЧАЈЕТИНА,Упис за гласање по месту боравишта у иностранству,0,0,0,0,0,0,0,0,0,0,0,0,0,0,0,0,0,0,0,0,0,0,0,0,0,0,0,0,0,0,102,128,230
ЧАЈЕТИНА,Упис по основу пријаве пребивалишта,1,28,6,1,50,13,9,7,3,24,11,16,9,1,29,15,17,6,27,8,6,12,7,24,11,11,16,13,9,14,15,17,436
ЧАЈЕТИНА,Упис по основу пријема у држављанство,0,0,3,0,0,0,0,0,0,0,0,1,0,0,0,0,0,0,0,0,0,0,0,2,0,0,0,1,0,0,0,0,7
ЧАЈЕТИНА,Упис по основу стицања пунолетства,10,2,2,2,4,3,4,2,2,4,3,1,2,1,4,10,6,2,6,3,4,4,0,1,6,1,2,1,1,0,17,15,125
ЧАЧАК - ГРАД,Брисање боравишта интерно расељеног лица,1,3,0,0,4,0,2,0,0,0,5,0,0,0,3,0,0,0,0,2,1,1,0,1,1,0,0,1,1,1,0,57,84
ЧАЧАК - ГРАД,Брисање по основу губитка пословне способности,0,0,0,0,0,0,0,0,1,0,0,0,0,0,0,0,0,0,0,0,0,0,7,0,0,0,8,0,7,0,0,0,23
ЧАЧАК - ГРАД,Брисање по основу одјаве пребивалишта,13,21,27,7,19,5,10,10,13,14,8,16,19,12,11,10,12,8,11,3,4,13,14,18,16,18,14,14,3,31,44,24,462
ЧАЧАК - ГРАД,Брисање по основу отпуста из држављанства,0,0,1,0,0,0,1,0,0,0,1,0,0,0,0,0,0,0,0,0,0,0,0,1,0,0,0,2,0,0,0,0,6
ЧАЧАК - ГРАД,Брисање по основу смрти лица,24,45,29,33,26,23,25,25,36,30,14,28,26,18,31,0,53,25,37,32,20,19,24,17,31,26,28,33,32,24,19,23,856
ЧАЧАК - ГРАД,Брисање по службеној дужности,0,3,1,2,1,0,5,1,1,1,0,1,3,1,1,0,0,0,0,0,1,8,2,4,0,0,0,4,0,4,3,1,48
ЧАЧАК - ГРАД,Исправка техничке грешке,2,0,2,0,0,1,0,2,1,0,1,0,0,0,0,0,0,0,0,0,2,1,1,2,1,0,0,0,1,3,1,0,21
ЧАЧАК - ГРАД,Потврда о упису у бирачки списак,0,0,0,0,0,0,0,0,0,0,1,0,0,0,0,0,0,0,0,0,0,0,0,0,0,0,0,0,0,0,0,0,1
ЧАЧАК - ГРАД,Промена адресе боравишта интерно расељеног лица,1,0,0,0,1,1,1,0,0,0,0,0,0,1,0,0,0,0,0,0,0,1,1,0,0,0,1,0,0,0,0,0,8
ЧАЧАК - ГРАД,Промена адресе пребивалишта,33,29,72,58,47,29,28,31,24,27,45,27,29,28,31,0,0,0,0,6,71,63,53,67,41,24,48,31,31,43,30,36,1082
ЧАЧАК - ГРАД,Промена гласања по месту боравишта у иностранству,0,0,0,0,0,0,0,0,0,0,0,0,0,0,0,0,0,0,0,0,0,0,0,0,0,0,0,0,0,0,0,2,2
ЧАЧАК - ГРАД,Промена личних података,9,11,17,19,3,8,4,3,5,34,13,20,26,23,20,0,0,0,0,51,12,8,20,22,18,15,10,7,14,27,18,193,630
ЧАЧАК - ГРАД,Упис за гласање по месту боравишта у земљи,0,0,0,0,0,0,0,0,0,0,0,0,0,0,0,0,0,0,0,0,0,0,0,0,0,0,0,0,0,0,8,13,21
ЧАЧАК - ГРАД,Упис за гласање по месту боравишта у иностранству,0,0,0,0,0,0,0,0,0,0,0,0,0,0,0,0,0,0,0,0,0,0,0,0,0,0,0,0,0,2,219,281,502
ЧАЧАК - ГРАД,Упис по основу последњег пребивалишта,0,0,0,0,0,0,0,0,0,0,0,0,0,0,0,0,0,0,0,0,0,0,0,0,0,0,0,0,0,0,1,2,3
ЧАЧАК - ГРАД,Упис по основу пријаве боравишта интерно расељеног лица,2,1,0,0,1,0,0,0,0,0,0,0,1,1,0,0,0,0,0,0,2,0,0,1,0,0,1,0,0,2,0,1,13
ЧАЧАК - ГРАД,Упис по основу пријаве пребивалишта,21,24,46,15,17,9,10,10,20,36,48,27,23,18,21,0,0,0,0,5,37,44,27,35,26,16,12,16,7,47,14,62,693
ЧАЧАК - ГРАД,Упис по основу пријема у држављанство,0,0,0,0,0,0,0,0,0,1,0,0,1,0,0,0,0,0,0,0,1,0,1,1,0,0,0,0,0,0,1,2,8
ЧАЧАК - ГРАД,Упис по основу стицања пунолетства,30,12,20,23,21,23,20,21,27,19,22,20,21,33,10,0,0,0,0,9,53,74,39,52,19,25,22,27,18,30,140,25,855
ЧОКА,Брисање по основу губитка пословне способности,0,0,0,0,0,0,0,0,0,0,0,0,0,0,0,0,0,0,0,0,0,0,0,3,0,0,0,0,0,0,0,0,3
ЧОКА,Брисање по основу одјаве пребивалишта,2,5,4,3,1,1,0,7,4,1,0,1,4,0,5,1,1,1,3,2,2,2,3,4,2,2,0,0,0,6,8,2,77
ЧОКА,Брисање по основу смрти лица,3,8,5,4,5,3,3,6,3,3,4,3,2,3,0,7,5,3,4,1,4,3,5,5,4,8,1,2,10,3,6,2,128
ЧОКА,Промена адресе пребивалишта,1,5,1,0,7,3,0,4,5,6,2,0,4,2,3,5,3,1,5,3,2,2,1,0,5,2,1,1,1,3,5,7,90
ЧОКА,Промена личних података,0,2,0,0,0,1,0,0,1,4,1,0,5,2,2,1,0,1,0,1,3,1,0,3,0,2,1,1,1,1,3,4,41
ЧОКА,Упис за гласање по месту боравишта у иностранству,0,0,0,0,0,0,0,0,0,0,0,0,0,0,0,0,0,0,0,0,0,0,0,0,0,0,0,0,0,0,10,13,23
ЧОКА,Упис по основу пријаве пребивалишта,5,1,0,5,1,3,1,1,2,5,1,4,4,3,1,2,2,2,1,2,0,2,1,2,0,2,2,0,2,2,7,11,77
ЧОКА,Упис по основу стицања пунолетства,2,3,2,2,2,1,0,1,1,5,1,0,4,2,1,2,4,1,1,3,0,3,0,2,0,1,1,4,0,2,15,0,66
ШАБАЦ - ГРАД,Брисање по основу губитка пословне способности,0,0,0,0,0,0,0,0,0,0,0,0,13,0,0,0,0,0,0,0,0,0,0,0,0,1,0,0,0,1,1,2,18
ШАБАЦ - ГРАД,Брисање по основу одјаве пребивалишта,21,22,29,20,18,14,17,12,16,21,18,14,12,16,10,13,17,16,14,6,7,15,10,19,14,24,5,15,6,23,56,27,547
ШАБАЦ - ГРАД,Брисање по основу отпуста из држављанства,0,7,21,4,2,0,0,0,0,0,40,0,1,0,0,0,0,0,0,0,1,3,0,3,0,1,0,0,0,2,0,0,85
ШАБАЦ - ГРАД,Брисање по основу смрти лица,35,23,30,28,23,28,43,18,35,41,23,27,37,39,21,27,34,0,48,28,30,35,25,31,23,27,26,24,24,37,31,22,923
ШАБАЦ - ГРАД,Брисање по службеној дужности,0,0,0,0,0,0,0,1,23,1,5,0,0,0,0,23,11,0,0,0,29,16,2,3,0,1,0,1,0,15,2,0,133
ШАБАЦ - ГРАД,Потврда о упису у бирачки списак,0,0,0,0,0,0,0,0,0,0,0,0,0,0,0,0,0,0,0,0,0,0,0,0,0,0,0,0,0,0,4,2,6
ШАБАЦ - ГРАД,Промена адресе пребивалишта,140,79,56,63,47,55,79,62,33,67,98,38,44,48,29,46,61,0,0,0,168,36,62,66,67,69,90,64,2,102,67,77,1915
ШАБАЦ - ГРАД,Промена гласања по месту боравишта у иностранству,0,0,0,0,0,0,0,0,0,0,0,0,0,0,0,0,0,0,0,0,0,0,0,0,0,0,0,0,0,0,0,4,4
ШАБАЦ - ГРАД,Промена личних података,8,13,6,6,8,15,8,4,19,13,9,7,22,19,14,22,15,0,0,0,23,12,14,9,14,20,18,11,0,43,17,20,409
ШАБАЦ - ГРАД,Упис за гласање по месту боравишта у земљи,0,0,0,0,0,0,0,0,0,0,0,0,0,0,0,0,0,0,0,0,0,0,0,0,0,0,0,0,0,0,4,5,9
ШАБАЦ - ГРАД,Упис за гласање по месту боравишта у иностранству,0,0,0,0,0,0,0,0,0,0,0,0,0,0,0,0,0,0,0,0,0,0,0,0,0,0,0,0,0,4,177,336,517
ШАБАЦ - ГРАД,Упис по основу пријаве боравишта интерно расељеног лица,0,0,0,0,0,1,0,0,0,0,0,0,0,0,0,0,0,0,0,0,0,0,0,0,0,0,0,0,0,0,0,0,1
ШАБАЦ - ГРАД,Упис по основу пријаве пребивалишта,30,18,41,37,13,53,10,36,47,27,59,23,28,19,18,74,9,0,0,0,58,35,17,38,24,26,38,37,0,64,93,20,992
ШАБАЦ - ГРАД,Упис по основу пријема у држављанство,0,0,0,0,0,0,0,1,0,0,1,0,0,0,0,0,0,0,0,0,0,0,0,0,1,0,1,0,0,0,1,1,6
ШАБАЦ - ГРАД,Упис по основу стицања пунолетства,17,16,16,12,10,19,16,12,16,16,11,15,9,18,11,11,20,0,0,0,63,18,12,25,18,23,29,17,0,36,151,0,637
ШИД,Брисање боравишта интерно расељеног лица,0,0,0,0,0,0,0,0,0,0,0,0,0,0,0,0,0,0,0,0,0,0,0,0,0,1,0,0,0,0,0,0,1
ШИД,Брисање по основу губитка пословне способности,0,0,1,0,0,0,0,0,0,0,0,0,0,0,0,0,0,0,0,0,0,0,0,0,0,0,0,0,0,0,0,0,1
ШИД,Брисање по основу одјаве пребивалишта,7,4,11,6,4,4,3,9,8,2,3,6,4,4,7,6,6,5,3,1,5,5,2,3,9,3,1,7,4,11,22,4,179
ШИД,Брисање по основу смрти лица,4,21,0,5,9,11,5,9,9,8,15,3,11,10,7,6,9,7,8,7,4,0,0,23,15,6,9,7,4,11,7,8,258
ШИД,Брисање по службеној дужности,0,1,1,1,0,0,0,0,10,2,0,0,0,0,9,1,3,8,1,0,1,0,0,0,6,8,1,5,3,1,0,2,64
ШИД,Исправка техничке грешке,0,0,0,0,1,0,0,0,0,0,0,0,0,0,0,0,0,0,0,0,0,0,0,0,0,0,0,0,0,0,0,0,1
ШИД,Промена адресе пребивалишта,0,20,14,12,11,11,12,10,4,8,10,13,20,19,15,8,13,6,5,8,13,0,0,0,34,14,15,17,19,21,12,8,372
ШИД,Промена личних података,1,4,0,2,0,1,2,1,1,1,5,2,1,6,2,3,2,0,1,1,3,0,0,0,7,2,1,2,5,6,25,6,93
ШИД,Упис за гласање по месту боравишта у земљи,0,0,0,0,0,0,0,0,0,0,0,0,0,0,0,0,0,0,0,0,0,0,0,0,0,0,0,0,0,0,1,0,1
ШИД,Упис за гласање по месту боравишта у иностранству,0,0,0,0,0,0,0,0,0,0,0,0,0,0,0,0,0,0,0,0,0,0,0,0,0,0,0,0,0,10,120,149,279
ШИД,Упис по основу последњег пребивалишта,0,0,0,0,0,0,0,0,0,0,0,0,0,0,0,0,0,0,0,0,0,0,0,0,0,0,0,0,0,0,1,3,4
ШИД,Упис по основу пријаве пребивалишта,0,13,4,4,3,2,8,6,4,13,6,5,7,8,4,1,7,7,8,6,0,0,0,0,21,33,5,4,12,35,45,10,281
ШИД,Упис по основу стицања пунолетства,0,15,4,8,9,6,7,4,8,4,5,5,7,3,1,11,4,6,9,5,3,0,0,0,31,5,7,6,5,5,44,0,227
ШТРПЦЕ,Брисање боравишта интерно расељеног лица,0,1,0,0,0,0,0,0,0,0,0,0,0,0,0,0,0,0,0,0,0,0,0,0,0,0,0,0,0,0,0,0,1
ШТРПЦЕ,Брисање по основу одјаве пребивалишта,0,1,1,5,3,2,2,3,2,0,3,3,1,3,0,3,0,1,0,0,1,0,1,1,2,3,1,4,1,3,8,0,58
ШТРПЦЕ,Брисање по основу смрти лица,1,1,1,1,3,3,0,1,2,0,2,2,2,3,1,2,1,2,1,3,0,1,0,0,0,2,2,3,3,1,1,1,46
ШТРПЦЕ,Промена личних података,0,0,0,0,0,0,1,0,0,1,0,2,0,2,1,0,0,1,0,0,1,0,1,0,0,0,1,0,0,0,0,2,13
ШТРПЦЕ,Упис за гласање по месту боравишта у земљи,0,0,0,0,0,0,0,0,0,0,0,0,0,0,0,0,0,0,0,0,0,0,0,0,0,0,0,0,0,3,22,128,153
ШТРПЦЕ,Упис за гласање по месту боравишта у иностранству,0,0,0,0,0,0,0,0,0,0,0,0,0,0,0,0,0,0,0,0,0,0,0,0,0,0,0,0,0,0,2,3,5
ШТРПЦЕ,Упис по основу последњег пребивалишта,0,0,0,0,0,0,0,0,0,0,0,0,0,0,0,0,0,0,0,0,0,0,0,0,0,0,0,0,0,0,1,0,1
ШТРПЦЕ,Упис по основу пријаве пребивалишта,0,0,2,2,3,0,0,0,0,0,0,0,0,0,0,0,0,0,0,0,0,0,1,0,0,1,1,0,2,0,5,3,20
ШТРПЦЕ,Упис по основу стицања пунолетства,2,0,2,1,2,2,0,5,3,0,1,0,0,2,3,0,0,1,0,5,4,0,2,0,7,0,4,0,4,0,12,0,62
УКУПНО,,12342,16110,16878,15957,14179,14037,15053,12654,13513,16012,13290,14414,15276,14519,13412,13288,14589,12437,12993,11432,13771,13186,14965,14799,14440,14377,13161,13957,12730,30211,55205,59456,552643
